ISO-10303-21;
HEADER;
FILE_DESCRIPTION (( 'STEP AP214' ),
    '1' );
FILE_NAME ('User Library-742C043.STEP',
    '2020-04-23T08:05:24',
    ( '' ),
    ( '' ),
    'SwSTEP 2.0',
    'SolidWorks 2019',
    '' );
FILE_SCHEMA (( 'AUTOMOTIVE_DESIGN' ));
ENDSEC;

DATA;
#1 = FILL_AREA_STYLE ('',( #2691 ) ) ;
#2 = FILL_AREA_STYLE ('',( #942 ) ) ;
#3 =( GEOMETRIC_REPRESENTATION_CONTEXT ( 3 ) GLOBAL_UNCERTAINTY_ASSIGNED_CONTEXT ( ( #527 ) ) GLOBAL_UNIT_ASSIGNED_CONTEXT ( ( #1833, #64, #1681 ) ) REPRESENTATION_CONTEXT ( 'NONE', 'WORKASPACE' ) );
#4 = ORIENTED_EDGE ( 'NONE', *, *, #490, .F. ) ;
#5 = SURFACE_SIDE_STYLE ('',( #2897 ) ) ;
#6 = DIRECTION ( 'NONE',  ( 0.0000000000000000000, -0.0000000000000000000, -1.000000000000000000 ) ) ;
#7 = MECHANICAL_DESIGN_GEOMETRIC_PRESENTATION_REPRESENTATION (  '', ( #1943 ), #2312 ) ;
#8 = FACE_OUTER_BOUND ( 'NONE', #532, .T. ) ;
#9 = DIRECTION ( 'NONE',  ( -0.0000000000000000000, 1.000000000000000000, 0.0000000000000000000 ) ) ;
#10 = PRESENTATION_LAYER_ASSIGNMENT (  '', '', ( #1651 ) ) ;
#11 = ADVANCED_FACE ( 'NONE', ( #2474 ), #2491, .F. ) ;
#12 =( NAMED_UNIT ( * ) SI_UNIT ( $, .STERADIAN. ) SOLID_ANGLE_UNIT ( ) );
#13 = VERTEX_POINT ( 'NONE', #225 ) ;
#14 = ORIENTED_EDGE ( 'NONE', *, *, #1546, .T. ) ;
#15 = FILL_AREA_STYLE ('',( #890 ) ) ;
#16 = PRESENTATION_STYLE_ASSIGNMENT (( #2276 ) ) ;
#17 =( NAMED_UNIT ( * ) PLANE_ANGLE_UNIT ( ) SI_UNIT ( $, .RADIAN. ) );
#18 = CARTESIAN_POINT ( 'NONE',  ( 0.8000000000000001554, 0.5000000000000000000, -0.8000000000000001554 ) ) ;
#19 = COLOUR_RGB ( '',0.7686274509803920907, 0.7686274509803920907, 0.7686274509803920907 ) ;
#20 = CARTESIAN_POINT ( 'NONE',  ( -0.6500000000000000222, 0.5200000000000000178, 0.8000000000000001554 ) ) ;
#21 = SURFACE_STYLE_FILL_AREA ( #2524 ) ;
#22 = EDGE_CURVE ( 'NONE', #357, #441, #1367, .T. ) ;
#23 = ORIENTED_EDGE ( 'NONE', *, *, #2097, .F. ) ;
#24 = STYLED_ITEM ( 'NONE', ( #2462 ), #2119 ) ;
#25 = EDGE_CURVE ( 'NONE', #145, #630, #421, .T. ) ;
#26 = CARTESIAN_POINT ( 'NONE',  ( -0.7999999999999999334, 0.5000000000000000000, 0.7999999999999999334 ) ) ;
#27 = CARTESIAN_POINT ( 'NONE',  ( 0.1500000000000000777, 0.0000000000000000000, 0.5000000000000002220 ) ) ;
#28 = ORIENTED_EDGE ( 'NONE', *, *, #2002, .F. ) ;
#29 = COLOUR_RGB ( '',0.7686274509803920907, 0.7686274509803920907, 0.7686274509803920907 ) ;
#30 = DIRECTION ( 'NONE',  ( -0.0000000000000000000, -1.000000000000000000, -0.0000000000000000000 ) ) ;
#31 = VECTOR ( 'NONE', #429, 1000.000000000000000 ) ;
#32 = COLOUR_RGB ( '',0.7686274509803920907, 0.7686274509803920907, 0.7686274509803920907 ) ;
#33 = VECTOR ( 'NONE', #1352, 1000.000000000000000 ) ;
#34 = FILL_AREA_STYLE ('',( #1159 ) ) ;
#35 = CARTESIAN_POINT ( 'NONE',  ( 0.1999999999999999833, 0.5200000000000000178, 0.8000000000000001554 ) ) ;
#36 = CARTESIAN_POINT ( 'NONE',  ( 0.1499999999999999667, -0.02500000000000006384, -0.5000000000000002220 ) ) ;
#37 = STYLED_ITEM ( 'NONE', ( #819 ), #1292 ) ;
#38 = VERTEX_POINT ( 'NONE', #445 ) ;
#39 = CARTESIAN_POINT ( 'NONE',  ( 0.6500000000000000222, 0.5200000000000000178, -0.5000000000000002220 ) ) ;
#40 = DIRECTION ( 'NONE',  ( -0.0000000000000000000, -0.0000000000000000000, 1.000000000000000000 ) ) ;
#41 = EDGE_CURVE ( 'NONE', #1100, #2499, #863, .T. ) ;
#42 = VECTOR ( 'NONE', #2184, 1000.000000000000000 ) ;
#43 = ORIENTED_EDGE ( 'NONE', *, *, #1628, .T. ) ;
#44 = CARTESIAN_POINT ( 'NONE',  ( -0.4750000000000001443, 0.5200000000000000178, -0.6750000000000001554 ) ) ;
#45 =( NAMED_UNIT ( * ) PLANE_ANGLE_UNIT ( ) SI_UNIT ( $, .RADIAN. ) );
#46 = DIRECTION ( 'NONE',  ( 0.7071067811865487940, 0.0000000000000000000, -0.7071067811865463515 ) ) ;
#47 = PRESENTATION_STYLE_ASSIGNMENT (( #1393 ) ) ;
#48 = AXIS2_PLACEMENT_3D ( 'NONE', #249, #1156, #2741 ) ;
#49 = CARTESIAN_POINT ( 'NONE',  ( -0.6500000000000000222, 0.0000000000000000000, -0.8000000000000001554 ) ) ;
#50 =( NAMED_UNIT ( * ) PLANE_ANGLE_UNIT ( ) SI_UNIT ( $, .RADIAN. ) );
#51 = UNCERTAINTY_MEASURE_WITH_UNIT (LENGTH_MEASURE( 1.000000000000000082E-05 ), #1704, 'distance_accuracy_value', 'NONE');
#52 = VERTEX_POINT ( 'NONE', #1820 ) ;
#53 = SURFACE_STYLE_FILL_AREA ( #1673 ) ;
#54 = DIRECTION ( 'NONE',  ( 0.7071067811865463515, 0.0000000000000000000, -0.7071067811865487940 ) ) ;
#55 = UNCERTAINTY_MEASURE_WITH_UNIT (LENGTH_MEASURE( 1.000000000000000082E-05 ), #2688, 'distance_accuracy_value', 'NONE');
#56 = EDGE_LOOP ( 'NONE', ( #93, #242, #870, #2922 ) ) ;
#57 = LINE ( 'NONE', #962, #310 ) ;
#58 = FILL_AREA_STYLE ('',( #1829 ) ) ;
#59 = EDGE_CURVE ( 'NONE', #125, #82, #240, .T. ) ;
#60 = VERTEX_POINT ( 'NONE', #1563 ) ;
#61 = DIRECTION ( 'NONE',  ( -1.000000000000000000, 0.0000000000000000000, -0.0000000000000000000 ) ) ;
#62 = SURFACE_SIDE_STYLE ('',( #1191 ) ) ;
#63 = EDGE_CURVE ( 'NONE', #1291, #2821, #196, .T. ) ;
#64 =( NAMED_UNIT ( * ) PLANE_ANGLE_UNIT ( ) SI_UNIT ( $, .RADIAN. ) );
#65 = CARTESIAN_POINT ( 'NONE',  ( -0.1499999999999999667, 0.5200000000000000178, 0.5000000000000002220 ) ) ;
#66 = ORIENTED_EDGE ( 'NONE', *, *, #2630, .F. ) ;
#67 =( NAMED_UNIT ( * ) SI_UNIT ( $, .STERADIAN. ) SOLID_ANGLE_UNIT ( ) );
#68 = VECTOR ( 'NONE', #1765, 1000.000000000000000 ) ;
#69 = DIRECTION ( 'NONE',  ( -0.0000000000000000000, -1.000000000000000000, -0.0000000000000000000 ) ) ;
#70 = COLOUR_RGB ( '',0.7686274509803920907, 0.7686274509803920907, 0.7686274509803920907 ) ;
#71 = ORIENTED_EDGE ( 'NONE', *, *, #2500, .T. ) ;
#72 = SURFACE_SIDE_STYLE ('',( #2362 ) ) ;
#73 = CARTESIAN_POINT ( 'NONE',  ( -0.6500000000000000222, -0.02500000000000006384, -0.8000000000000001554 ) ) ;
#74 = ADVANCED_FACE ( 'NONE', ( #2266 ), #209, .F. ) ;
#75 =( GEOMETRIC_REPRESENTATION_CONTEXT ( 3 ) GLOBAL_UNCERTAINTY_ASSIGNED_CONTEXT ( ( #1977 ) ) GLOBAL_UNIT_ASSIGNED_CONTEXT ( ( #504, #730, #761 ) ) REPRESENTATION_CONTEXT ( 'NONE', 'WORKASPACE' ) );
#76 = VERTEX_POINT ( 'NONE', #700 ) ;
#77 = SURFACE_SIDE_STYLE ('',( #1885 ) ) ;
#78 =( GEOMETRIC_REPRESENTATION_CONTEXT ( 3 ) GLOBAL_UNCERTAINTY_ASSIGNED_CONTEXT ( ( #2514 ) ) GLOBAL_UNIT_ASSIGNED_CONTEXT ( ( #2391, #1715, #368 ) ) REPRESENTATION_CONTEXT ( 'NONE', 'WORKASPACE' ) );
#79 = EDGE_CURVE ( 'NONE', #2361, #441, #1602, .T. ) ;
#80 = CARTESIAN_POINT ( 'NONE',  ( -0.6500000000000000222, 0.0000000000000000000, -0.5000000000000002220 ) ) ;
#81 = VECTOR ( 'NONE', #243, 1000.000000000000000 ) ;
#82 = VERTEX_POINT ( 'NONE', #402 ) ;
#83 =( NAMED_UNIT ( * ) SI_UNIT ( $, .STERADIAN. ) SOLID_ANGLE_UNIT ( ) );
#84 = SURFACE_SIDE_STYLE ('',( #1415 ) ) ;
#85 = VERTEX_POINT ( 'NONE', #2036 ) ;
#86 = CARTESIAN_POINT ( 'NONE',  ( -0.6500000000000000222, 0.5000000000000000000, 0.8000000000000001554 ) ) ;
#87 = DIRECTION ( 'NONE',  ( -0.0000000000000000000, -1.000000000000000000, -0.0000000000000000000 ) ) ;
#88 = ORIENTED_EDGE ( 'NONE', *, *, #2386, .F. ) ;
#89 = SURFACE_STYLE_USAGE ( .BOTH. , #1467 ) ;
#90 = PRESENTATION_LAYER_ASSIGNMENT (  '', '', ( #2647 ) ) ;
#91 = FACE_OUTER_BOUND ( 'NONE', #2542, .T. ) ;
#92 = ADVANCED_FACE ( 'NONE', ( #2213 ), #1095, .F. ) ;
#93 = ORIENTED_EDGE ( 'NONE', *, *, #2597, .T. ) ;
#94 =( LENGTH_UNIT ( ) NAMED_UNIT ( * ) SI_UNIT ( .MILLI., .METRE. ) );
#95 =( LENGTH_UNIT ( ) NAMED_UNIT ( * ) SI_UNIT ( .MILLI., .METRE. ) );
#96 = DIRECTION ( 'NONE',  ( 1.000000000000000000, 0.0000000000000000000, -0.0000000000000000000 ) ) ;
#97 =( GEOMETRIC_REPRESENTATION_CONTEXT ( 3 ) GLOBAL_UNCERTAINTY_ASSIGNED_CONTEXT ( ( #2510 ) ) GLOBAL_UNIT_ASSIGNED_CONTEXT ( ( #223, #1132, #1380 ) ) REPRESENTATION_CONTEXT ( 'NONE', 'WORKASPACE' ) );
#98 = ORIENTED_EDGE ( 'NONE', *, *, #1186, .T. ) ;
#99 =( NAMED_UNIT ( * ) PLANE_ANGLE_UNIT ( ) SI_UNIT ( $, .RADIAN. ) );
#100 = VERTEX_POINT ( 'NONE', #65 ) ;
#101 = DIRECTION ( 'NONE',  ( -1.000000000000000000, 0.0000000000000000000, 0.0000000000000000000 ) ) ;
#102 = CARTESIAN_POINT ( 'NONE',  ( -0.5999999999999999778, 0.5200000000000000178, 0.8000000000000001554 ) ) ;
#103 = CARTESIAN_POINT ( 'NONE',  ( -0.6500000000000000222, 0.5000000000000000000, -0.5000000000000002220 ) ) ;
#104 = DIRECTION ( 'NONE',  ( -0.0000000000000000000, -1.000000000000000000, -0.0000000000000000000 ) ) ;
#105 = EDGE_CURVE ( 'NONE', #841, #106, #717, .T. ) ;
#106 = VERTEX_POINT ( 'NONE', #970 ) ;
#107 = DIRECTION ( 'NONE',  ( 0.7071067811865487940, -0.0000000000000000000, 0.7071067811865463515 ) ) ;
#108 = LINE ( 'NONE', #2080, #2807 ) ;
#109 = UNCERTAINTY_MEASURE_WITH_UNIT (LENGTH_MEASURE( 1.000000000000000082E-05 ), #839, 'distance_accuracy_value', 'NONE');
#110 = ADVANCED_FACE ( 'NONE', ( #1871 ), #1615, .F. ) ;
#111 = ORIENTED_EDGE ( 'NONE', *, *, #911, .T. ) ;
#112 = LINE ( 'NONE', #1214, #2759 ) ;
#113 = PRESENTATION_STYLE_ASSIGNMENT (( #2141 ) ) ;
#114 = ORIENTED_EDGE ( 'NONE', *, *, #1546, .F. ) ;
#115 = MECHANICAL_DESIGN_GEOMETRIC_PRESENTATION_REPRESENTATION (  '', ( #1813 ), #733 ) ;
#116 = FACE_OUTER_BOUND ( 'NONE', #1486, .T. ) ;
#117 = AXIS2_PLACEMENT_3D ( 'NONE', #627, #1994, #1529 ) ;
#118 = CARTESIAN_POINT ( 'NONE',  ( 0.6500000000000000222, -0.02500000000000006384, -0.5000000000000002220 ) ) ;
#119 = PRESENTATION_LAYER_ASSIGNMENT (  '', '', ( #1212 ) ) ;
#120 = CARTESIAN_POINT ( 'NONE',  ( 0.6500000000000000222, 0.5200000000000000178, 0.5000000000000002220 ) ) ;
#121 = VECTOR ( 'NONE', #2622, 1000.000000000000000 ) ;
#122 = ORIENTED_EDGE ( 'NONE', *, *, #1129, .T. ) ;
#123 = SURFACE_STYLE_FILL_AREA ( #2817 ) ;
#124 = VECTOR ( 'NONE', #379, 1000.000000000000000 ) ;
#125 = VERTEX_POINT ( 'NONE', #2568 ) ;
#126 =( NAMED_UNIT ( * ) SI_UNIT ( $, .STERADIAN. ) SOLID_ANGLE_UNIT ( ) );
#127 = CARTESIAN_POINT ( 'NONE',  ( 0.3249999999999997891, -0.02500000000000006384, 0.6750000000000001554 ) ) ;
#128 =( LENGTH_UNIT ( ) NAMED_UNIT ( * ) SI_UNIT ( .MILLI., .METRE. ) );
#129 = EDGE_CURVE ( 'NONE', #1164, #857, #986, .T. ) ;
#130 =( GEOMETRIC_REPRESENTATION_CONTEXT ( 3 ) GLOBAL_UNCERTAINTY_ASSIGNED_CONTEXT ( ( #2118 ) ) GLOBAL_UNIT_ASSIGNED_CONTEXT ( ( #525, #795, #1504 ) ) REPRESENTATION_CONTEXT ( 'NONE', 'WORKASPACE' ) );
#131 = ORIENTED_EDGE ( 'NONE', *, *, #1889, .F. ) ;
#132 = CARTESIAN_POINT ( 'NONE',  ( 0.8000000000000001554, 0.5250000000000000222, -0.5000000000000000000 ) ) ;
#133 = LINE ( 'NONE', #102, #2641 ) ;
#134 =( GEOMETRIC_REPRESENTATION_CONTEXT ( 3 ) GLOBAL_UNCERTAINTY_ASSIGNED_CONTEXT ( ( #2603 ) ) GLOBAL_UNIT_ASSIGNED_CONTEXT ( ( #1143, #669, #641 ) ) REPRESENTATION_CONTEXT ( 'NONE', 'WORKASPACE' ) );
#135 = LINE ( 'NONE', #1043, #1309 ) ;
#136 = FACE_OUTER_BOUND ( 'NONE', #1735, .T. ) ;
#137 = LINE ( 'NONE', #2628, #566 ) ;
#138 = VECTOR ( 'NONE', #435, 1000.000000000000000 ) ;
#139 = ORIENTED_EDGE ( 'NONE', *, *, #63, .F. ) ;
#140 = STYLED_ITEM ( 'NONE', ( #2087 ), #2752 ) ;
#141 = SURFACE_STYLE_FILL_AREA ( #1792 ) ;
#142 =( LENGTH_UNIT ( ) NAMED_UNIT ( * ) SI_UNIT ( .MILLI., .METRE. ) );
#143 = UNCERTAINTY_MEASURE_WITH_UNIT (LENGTH_MEASURE( 1.000000000000000082E-05 ), #1948, 'distance_accuracy_value', 'NONE');
#144 = AXIS2_PLACEMENT_3D ( 'NONE', #1077, #2226, #1558 ) ;
#145 = VERTEX_POINT ( 'NONE', #536 ) ;
#146 = LINE ( 'NONE', #364, #1834 ) ;
#147 = ORIENTED_EDGE ( 'NONE', *, *, #2182, .F. ) ;
#148 = CARTESIAN_POINT ( 'NONE',  ( 0.4750000000000003664, -0.02500000000000006384, -0.6750000000000001554 ) ) ;
#149 = EDGE_CURVE ( 'NONE', #1187, #2260, #2323, .T. ) ;
#150 = CARTESIAN_POINT ( 'NONE',  ( -0.6500000000000000222, 0.0000000000000000000, 0.5000000000000002220 ) ) ;
#151 = SURFACE_STYLE_USAGE ( .BOTH. , #1284 ) ;
#152 = FACE_OUTER_BOUND ( 'NONE', #2325, .T. ) ;
#153 = ORIENTED_EDGE ( 'NONE', *, *, #2733, .T. ) ;
#154 = DIRECTION ( 'NONE',  ( -0.0000000000000000000, -0.0000000000000000000, 1.000000000000000000 ) ) ;
#155 = PRESENTATION_STYLE_ASSIGNMENT (( #1709 ) ) ;
#156 = CARTESIAN_POINT ( 'NONE',  ( 0.6500000000000000222, 0.5200000000000000178, -0.8000000000000001554 ) ) ;
#157 = CARTESIAN_POINT ( 'NONE',  ( -0.4750000000000001443, 0.5200000000000000178, 0.6750000000000001554 ) ) ;
#158 = MECHANICAL_DESIGN_GEOMETRIC_PRESENTATION_REPRESENTATION (  '', ( #1665 ), #1534 ) ;
#159 = ORIENTED_EDGE ( 'NONE', *, *, #22, .T. ) ;
#160 = DIRECTION ( 'NONE',  ( -0.0000000000000000000, 0.0000000000000000000, -1.000000000000000000 ) ) ;
#161 = UNCERTAINTY_MEASURE_WITH_UNIT (LENGTH_MEASURE( 1.000000000000000082E-05 ), #1234, 'distance_accuracy_value', 'NONE');
#162 =( GEOMETRIC_REPRESENTATION_CONTEXT ( 3 ) GLOBAL_UNCERTAINTY_ASSIGNED_CONTEXT ( ( #1675 ) ) GLOBAL_UNIT_ASSIGNED_CONTEXT ( ( #2337, #50, #558 ) ) REPRESENTATION_CONTEXT ( 'NONE', 'WORKASPACE' ) );
#163 = FACE_OUTER_BOUND ( 'NONE', #2111, .T. ) ;
#164 =( NAMED_UNIT ( * ) SI_UNIT ( $, .STERADIAN. ) SOLID_ANGLE_UNIT ( ) );
#165 = LINE ( 'NONE', #2382, #42 ) ;
#166 = EDGE_CURVE ( 'NONE', #1232, #2496, #1382, .T. ) ;
#167 = MECHANICAL_DESIGN_GEOMETRIC_PRESENTATION_REPRESENTATION (  '', ( #2481 ), #448 ) ;
#168 = ORIENTED_EDGE ( 'NONE', *, *, #366, .F. ) ;
#169 = FILL_AREA_STYLE ('',( #617 ) ) ;
#170 = ORIENTED_EDGE ( 'NONE', *, *, #1111, .T. ) ;
#171 = LINE ( 'NONE', #1276, #2164 ) ;
#172 =( GEOMETRIC_REPRESENTATION_CONTEXT ( 3 ) GLOBAL_UNCERTAINTY_ASSIGNED_CONTEXT ( ( #2350 ) ) GLOBAL_UNIT_ASSIGNED_CONTEXT ( ( #1536, #579, #2836 ) ) REPRESENTATION_CONTEXT ( 'NONE', 'WORKASPACE' ) );
#173 = VERTEX_POINT ( 'NONE', #49 ) ;
#174 = DIRECTION ( 'NONE',  ( -1.000000000000000000, 0.0000000000000000000, 0.0000000000000000000 ) ) ;
#175 = VECTOR ( 'NONE', #725, 1000.000000000000000 ) ;
#176 = COLOUR_RGB ( '',0.7686274509803920907, 0.7686274509803920907, 0.7686274509803920907 ) ;
#177 =( NAMED_UNIT ( * ) SI_UNIT ( $, .STERADIAN. ) SOLID_ANGLE_UNIT ( ) );
#178 = LINE ( 'NONE', #1061, #1990 ) ;
#179 = MECHANICAL_DESIGN_GEOMETRIC_PRESENTATION_REPRESENTATION (  '', ( #2647 ), #851 ) ;
#180 = CARTESIAN_POINT ( 'NONE',  ( -0.6500000000000000222, 0.0000000000000000000, 0.5000000000000002220 ) ) ;
#181 = LINE ( 'NONE', #1550, #2076 ) ;
#182 = EDGE_CURVE ( 'NONE', #1811, #1635, #295, .T. ) ;
#183 = STYLED_ITEM ( 'NONE', ( #113 ), #2476 ) ;
#184 = VERTEX_POINT ( 'NONE', #2280 ) ;
#185 = EDGE_CURVE ( 'NONE', #2911, #516, #492, .T. ) ;
#186 = SURFACE_STYLE_FILL_AREA ( #1769 ) ;
#187 = CARTESIAN_POINT ( 'NONE',  ( 0.6500000000000000222, -0.02500000000000006384, -0.8000000000000001554 ) ) ;
#188 = PRESENTATION_LAYER_ASSIGNMENT (  '', '', ( #945 ) ) ;
#189 = ORIENTED_EDGE ( 'NONE', *, *, #2441, .F. ) ;
#190 =( GEOMETRIC_REPRESENTATION_CONTEXT ( 3 ) GLOBAL_UNCERTAINTY_ASSIGNED_CONTEXT ( ( #1355 ) ) GLOBAL_UNIT_ASSIGNED_CONTEXT ( ( #433, #1775, #1544 ) ) REPRESENTATION_CONTEXT ( 'NONE', 'WORKASPACE' ) );
#191 = CARTESIAN_POINT ( 'NONE',  ( -0.6500000000000000222, 0.0000000000000000000, 0.5000000000000002220 ) ) ;
#192 = CARTESIAN_POINT ( 'NONE',  ( -0.7999999999999999334, 0.0000000000000000000, 0.7999999999999999334 ) ) ;
#193 = SURFACE_STYLE_FILL_AREA ( #2665 ) ;
#194 = DIRECTION ( 'NONE',  ( -1.000000000000000000, 0.0000000000000000000, -0.0000000000000000000 ) ) ;
#195 = SURFACE_SIDE_STYLE ('',( #1379 ) ) ;
#196 = LINE ( 'NONE', #2254, #1822 ) ;
#197 = DIRECTION ( 'NONE',  ( -1.000000000000000000, -0.0000000000000000000, -0.0000000000000000000 ) ) ;
#198 = FILL_AREA_STYLE_COLOUR ( '', #1072 ) ;
#199 = EDGE_LOOP ( 'NONE', ( #1207, #1466, #2079, #2347 ) ) ;
#200 = LINE ( 'NONE', #1108, #317 ) ;
#201 = EDGE_CURVE ( 'NONE', #173, #349, #1394, .T. ) ;
#202 = ORIENTED_EDGE ( 'NONE', *, *, #2420, .T. ) ;
#203 = CARTESIAN_POINT ( 'NONE',  ( -0.5999999999999999778, -0.02500000000000006384, 0.8000000000000001554 ) ) ;
#204 = PRESENTATION_LAYER_ASSIGNMENT (  '', '', ( #1341 ) ) ;
#205 = SURFACE_SIDE_STYLE ('',( #1572 ) ) ;
#206 = AXIS2_PLACEMENT_3D ( 'NONE', #1593, #2016, #1786 ) ;
#207 = DIRECTION ( 'NONE',  ( -0.0000000000000000000, -1.000000000000000000, -0.0000000000000000000 ) ) ;
#208 = PRESENTATION_LAYER_ASSIGNMENT (  '', '', ( #2017 ) ) ;
#209 = PLANE ( 'NONE',  #2064 ) ;
#210 = SURFACE_STYLE_USAGE ( .BOTH. , #1752 ) ;
#211 = DIRECTION ( 'NONE',  ( 1.000000000000000000, 0.0000000000000000000, -0.0000000000000000000 ) ) ;
#212 = VECTOR ( 'NONE', #2102, 1000.000000000000000 ) ;
#213 = ORIENTED_EDGE ( 'NONE', *, *, #2597, .F. ) ;
#214 = CARTESIAN_POINT ( 'NONE',  ( 0.1500000000000000777, 0.5000000000000000000, -0.5000000000000002220 ) ) ;
#215 = MECHANICAL_DESIGN_GEOMETRIC_PRESENTATION_REPRESENTATION (  '', ( #406 ), #78 ) ;
#216 = PRESENTATION_LAYER_ASSIGNMENT (  '', '', ( #840 ) ) ;
#217 = ORIENTED_EDGE ( 'NONE', *, *, #2518, .T. ) ;
#218 = DIRECTION ( 'NONE',  ( -0.0000000000000000000, 1.000000000000000000, -0.0000000000000000000 ) ) ;
#219 = CARTESIAN_POINT ( 'NONE',  ( 0.8000000000000001554, 0.5000000000000000000, 0.7999999999999999334 ) ) ;
#220 = ADVANCED_FACE ( 'NONE', ( #91 ), #252, .F. ) ;
#221 = VECTOR ( 'NONE', #2902, 1000.000000000000000 ) ;
#222 =( NAMED_UNIT ( * ) SI_UNIT ( $, .STERADIAN. ) SOLID_ANGLE_UNIT ( ) );
#223 =( LENGTH_UNIT ( ) NAMED_UNIT ( * ) SI_UNIT ( .MILLI., .METRE. ) );
#224 = SURFACE_STYLE_FILL_AREA ( #1996 ) ;
#225 = CARTESIAN_POINT ( 'NONE',  ( 0.6500000000000001332, 0.5000000000000000000, 0.5000000000000002220 ) ) ;
#226 =( NAMED_UNIT ( * ) PLANE_ANGLE_UNIT ( ) SI_UNIT ( $, .RADIAN. ) );
#227 = SURFACE_SIDE_STYLE ('',( #2241 ) ) ;
#228 = UNCERTAINTY_MEASURE_WITH_UNIT (LENGTH_MEASURE( 1.000000000000000082E-05 ), #1377, 'distance_accuracy_value', 'NONE');
#229 = ORIENTED_EDGE ( 'NONE', *, *, #63, .T. ) ;
#230 = PRESENTATION_STYLE_ASSIGNMENT (( #688 ) ) ;
#231 = AXIS2_PLACEMENT_3D ( 'NONE', #374, #813, #2169 ) ;
#232 = ORIENTED_EDGE ( 'NONE', *, *, #2069, .T. ) ;
#233 = CARTESIAN_POINT ( 'NONE',  ( -0.7999999999999999334, 0.5000000000000000000, -0.8000000000000001554 ) ) ;
#234 =( GEOMETRIC_REPRESENTATION_CONTEXT ( 3 ) GLOBAL_UNCERTAINTY_ASSIGNED_CONTEXT ( ( #143 ) ) GLOBAL_UNIT_ASSIGNED_CONTEXT ( ( #1948, #2120, #1027 ) ) REPRESENTATION_CONTEXT ( 'NONE', 'WORKASPACE' ) );
#235 = EDGE_CURVE ( 'NONE', #2416, #184, #1454, .T. ) ;
#236 =( NAMED_UNIT ( * ) PLANE_ANGLE_UNIT ( ) SI_UNIT ( $, .RADIAN. ) );
#237 = LINE ( 'NONE', #968, #848 ) ;
#238 = PRODUCT_DEFINITION_SHAPE ( 'NONE', 'NONE',  #381 ) ;
#239 = ADVANCED_FACE ( 'NONE', ( #163 ), #2873, .F. ) ;
#240 = LINE ( 'NONE', #2227, #1161 ) ;
#241 = FACE_OUTER_BOUND ( 'NONE', #1502, .T. ) ;
#242 = ORIENTED_EDGE ( 'NONE', *, *, #326, .F. ) ;
#243 = DIRECTION ( 'NONE',  ( 1.000000000000000000, -0.0000000000000000000, -0.0000000000000000000 ) ) ;
#244 = PRESENTATION_STYLE_ASSIGNMENT (( #1371 ) ) ;
#245 = VERTEX_POINT ( 'NONE', #1498 ) ;
#246 =( NAMED_UNIT ( * ) PLANE_ANGLE_UNIT ( ) SI_UNIT ( $, .RADIAN. ) );
#247 = DIRECTION ( 'NONE',  ( -0.0000000000000000000, -1.000000000000000000, -0.0000000000000000000 ) ) ;
#248 = LINE ( 'NONE', #1024, #1078 ) ;
#249 = CARTESIAN_POINT ( 'NONE',  ( -0.7999999999999999334, 0.5000000000000000000, -0.8000000000000001554 ) ) ;
#250 = LINE ( 'NONE', #1763, #512 ) ;
#251 = VECTOR ( 'NONE', #2288, 1000.000000000000000 ) ;
#252 = PLANE ( 'NONE',  #1629 ) ;
#253 = ADVANCED_FACE ( 'NONE', ( #1689 ), #1283, .F. ) ;
#254 = ORIENTED_EDGE ( 'NONE', *, *, #2441, .T. ) ;
#255 = STYLED_ITEM ( 'NONE', ( #155 ), #2050 ) ;
#256 = LINE ( 'NONE', #39, #1219 ) ;
#257 = ORIENTED_EDGE ( 'NONE', *, *, #1220, .F. ) ;
#258 = MECHANICAL_DESIGN_GEOMETRIC_PRESENTATION_REPRESENTATION (  '', ( #1163 ), #2672 ) ;
#259 = CARTESIAN_POINT ( 'NONE',  ( 0.6500000000000001332, 0.0000000000000000000, 0.8000000000000001554 ) ) ;
#260 =( LENGTH_UNIT ( ) NAMED_UNIT ( * ) SI_UNIT ( .MILLI., .METRE. ) );
#261 = COLOUR_RGB ( '',0.7686274509803920907, 0.7686274509803920907, 0.7686274509803920907 ) ;
#262 = SURFACE_STYLE_FILL_AREA ( #1423 ) ;
#263 = CARTESIAN_POINT ( 'NONE',  ( -0.3249999999999995670, 0.5200000000000000178, 0.6750000000000001554 ) ) ;
#264 = CARTESIAN_POINT ( 'NONE',  ( -0.6500000000000000222, 0.5200000000000000178, -0.8000000000000001554 ) ) ;
#265 = PRESENTATION_LAYER_ASSIGNMENT (  '', '', ( #741 ) ) ;
#266 = COLOUR_RGB ( '',0.2980392156862745057, 0.2980392156862745057, 0.2980392156862745057 ) ;
#267 = FILL_AREA_STYLE_COLOUR ( '', #2360 ) ;
#268 =( NAMED_UNIT ( * ) SI_UNIT ( $, .STERADIAN. ) SOLID_ANGLE_UNIT ( ) );
#269 = STYLED_ITEM ( 'NONE', ( #1335 ), #1115 ) ;
#270 = EDGE_CURVE ( 'NONE', #349, #1121, #1514, .T. ) ;
#271 = MECHANICAL_DESIGN_GEOMETRIC_PRESENTATION_REPRESENTATION (  '', ( #2257 ), #415 ) ;
#272 = ORIENTED_EDGE ( 'NONE', *, *, #1864, .T. ) ;
#273 = STYLED_ITEM ( 'NONE', ( #2488 ), #2370 ) ;
#274 = EDGE_CURVE ( 'NONE', #145, #1606, #2613, .T. ) ;
#275 = ORIENTED_EDGE ( 'NONE', *, *, #2404, .F. ) ;
#276 = DIRECTION ( 'NONE',  ( 0.0000000000000000000, 0.0000000000000000000, 1.000000000000000000 ) ) ;
#277 = SURFACE_SIDE_STYLE ('',( #1596 ) ) ;
#278 =( GEOMETRIC_REPRESENTATION_CONTEXT ( 3 ) GLOBAL_UNCERTAINTY_ASSIGNED_CONTEXT ( ( #2412 ) ) GLOBAL_UNIT_ASSIGNED_CONTEXT ( ( #1049, #1723, #83 ) ) REPRESENTATION_CONTEXT ( 'NONE', 'WORKASPACE' ) );
#279 = MECHANICAL_DESIGN_GEOMETRIC_PRESENTATION_REPRESENTATION (  '', ( #1096 ), #234 ) ;
#280 = DIRECTION ( 'NONE',  ( 0.0000000000000000000, 0.0000000000000000000, -1.000000000000000000 ) ) ;
#281 = FILL_AREA_STYLE_COLOUR ( '', #1827 ) ;
#282 = MECHANICAL_DESIGN_GEOMETRIC_PRESENTATION_REPRESENTATION (  '', ( #999 ), #1797 ) ;
#283 = DIRECTION ( 'NONE',  ( 0.0000000000000000000, -0.0000000000000000000, -1.000000000000000000 ) ) ;
#284 =( LENGTH_UNIT ( ) NAMED_UNIT ( * ) SI_UNIT ( .MILLI., .METRE. ) );
#285 = DIRECTION ( 'NONE',  ( 0.0000000000000000000, 0.0000000000000000000, -1.000000000000000000 ) ) ;
#286 = ORIENTED_EDGE ( 'NONE', *, *, #570, .F. ) ;
#287 = DIRECTION ( 'NONE',  ( -0.0000000000000000000, -1.000000000000000000, -0.0000000000000000000 ) ) ;
#288 = ORIENTED_EDGE ( 'NONE', *, *, #326, .T. ) ;
#289 = CARTESIAN_POINT ( 'NONE',  ( 0.1499999999999999667, -0.02500000000000006384, 0.5000000000000002220 ) ) ;
#290 = EDGE_CURVE ( 'NONE', #1005, #411, #808, .T. ) ;
#291 = ORIENTED_EDGE ( 'NONE', *, *, #2839, .T. ) ;
#292 = FACE_OUTER_BOUND ( 'NONE', #742, .T. ) ;
#293 = PLANE ( 'NONE',  #2484 ) ;
#294 = PRESENTATION_STYLE_ASSIGNMENT (( #2322 ) ) ;
#295 = LINE ( 'NONE', #1203, #1585 ) ;
#296 = FILL_AREA_STYLE_COLOUR ( '', #2032 ) ;
#297 = AXIS2_PLACEMENT_3D ( 'NONE', #430, #457, #6 ) ;
#298 = ORIENTED_EDGE ( 'NONE', *, *, #1630, .F. ) ;
#299 = CARTESIAN_POINT ( 'NONE',  ( -0.4750000000000001443, -0.02500000000000006384, -0.6750000000000001554 ) ) ;
#300 = VECTOR ( 'NONE', #2778, 1000.000000000000000 ) ;
#301 = CARTESIAN_POINT ( 'NONE',  ( 0.8000000000000001554, 0.5000000000000000000, 0.5000000000000000000 ) ) ;
#302 = AXIS2_PLACEMENT_3D ( 'NONE', #1589, #466, #1368 ) ;
#303 = CARTESIAN_POINT ( 'NONE',  ( 0.6500000000000001332, 0.5000000000000000000, 0.8000000000000001554 ) ) ;
#304 = STYLED_ITEM ( 'NONE', ( #1764 ), #92 ) ;
#305 = EDGE_LOOP ( 'NONE', ( #2586, #1458, #2313, #1086 ) ) ;
#306 = EDGE_CURVE ( 'NONE', #1107, #2749, #2381, .T. ) ;
#307 =( NAMED_UNIT ( * ) PLANE_ANGLE_UNIT ( ) SI_UNIT ( $, .RADIAN. ) );
#308 = AXIS2_PLACEMENT_3D ( 'NONE', #1334, #46, #2753 ) ;
#309 = UNCERTAINTY_MEASURE_WITH_UNIT (LENGTH_MEASURE( 1.000000000000000082E-05 ), #1400, 'distance_accuracy_value', 'NONE');
#310 = VECTOR ( 'NONE', #1862, 1000.000000000000000 ) ;
#311 = AXIS2_PLACEMENT_3D ( 'NONE', #1780, #464, #2239 ) ;
#312 = CARTESIAN_POINT ( 'NONE',  ( -0.1499999999999999667, 0.5200000000000000178, -0.5000000000000002220 ) ) ;
#313 = UNCERTAINTY_MEASURE_WITH_UNIT (LENGTH_MEASURE( 1.000000000000000082E-05 ), #1060, 'distance_accuracy_value', 'NONE');
#314 = AXIS2_PLACEMENT_3D ( 'NONE', #1098, #2157, #1290 ) ;
#315 = VERTEX_POINT ( 'NONE', #1716 ) ;
#316 = CARTESIAN_POINT ( 'NONE',  ( -0.7999999999999999334, 0.0000000000000000000, -0.8000000000000001554 ) ) ;
#317 = VECTOR ( 'NONE', #2015, 1000.000000000000000 ) ;
#318 = SURFACE_STYLE_USAGE ( .BOTH. , #2528 ) ;
#319 = DIRECTION ( 'NONE',  ( -0.0000000000000000000, -1.000000000000000000, -0.0000000000000000000 ) ) ;
#320 = ORIENTED_EDGE ( 'NONE', *, *, #985, .F. ) ;
#321 = DIRECTION ( 'NONE',  ( -1.000000000000000000, 0.0000000000000000000, -0.0000000000000000000 ) ) ;
#322 = ORIENTED_EDGE ( 'NONE', *, *, #1296, .T. ) ;
#323 = SURFACE_STYLE_FILL_AREA ( #2334 ) ;
#324 = PRESENTATION_LAYER_ASSIGNMENT (  '', '', ( #1601 ) ) ;
#325 = DIRECTION ( 'NONE',  ( 0.7071067811865469066, 0.0000000000000000000, -0.7071067811865481278 ) ) ;
#326 = EDGE_CURVE ( 'NONE', #245, #1080, #135, .T. ) ;
#327 = COLOUR_RGB ( '',0.7686274509803920907, 0.7686274509803920907, 0.7686274509803920907 ) ;
#328 = CARTESIAN_POINT ( 'NONE',  ( 0.1499999999999999667, 0.5200000000000000178, -0.8000000000000001554 ) ) ;
#329 = DIRECTION ( 'NONE',  ( -1.000000000000000000, -0.0000000000000000000, -0.0000000000000000000 ) ) ;
#330 = LINE ( 'NONE', #2774, #468 ) ;
#331 = EDGE_CURVE ( 'NONE', #1711, #1404, #667, .T. ) ;
#332 = VERTEX_POINT ( 'NONE', #1543 ) ;
#333 = FACE_OUTER_BOUND ( 'NONE', #2137, .T. ) ;
#334 = FACE_OUTER_BOUND ( 'NONE', #770, .T. ) ;
#335 = EDGE_LOOP ( 'NONE', ( #2007, #1535, #578, #1286 ) ) ;
#336 = CARTESIAN_POINT ( 'NONE',  ( -0.5999999999999999778, 0.5200000000000000178, -0.8000000000000001554 ) ) ;
#337 = CARTESIAN_POINT ( 'NONE',  ( -0.7999999999999999334, 0.0000000000000000000, 0.7999999999999999334 ) ) ;
#338 = ORIENTED_EDGE ( 'NONE', *, *, #927, .F. ) ;
#339 = CARTESIAN_POINT ( 'NONE',  ( -0.7999999999999999334, 0.5000000000000000000, 0.7999999999999999334 ) ) ;
#340 = CARTESIAN_POINT ( 'NONE',  ( 0.5999999999999999778, -0.02500000000000006384, 0.8000000000000001554 ) ) ;
#341 = ORIENTED_EDGE ( 'NONE', *, *, #769, .T. ) ;
#342 = EDGE_CURVE ( 'NONE', #544, #1772, #2033, .T. ) ;
#343 = CARTESIAN_POINT ( 'NONE',  ( -0.7999999999999999334, 0.5000000000000000000, -0.8000000000000001554 ) ) ;
#344 = SURFACE_STYLE_FILL_AREA ( #589 ) ;
#345 = ORIENTED_EDGE ( 'NONE', *, *, #385, .F. ) ;
#346 = AXIS2_PLACEMENT_3D ( 'NONE', #1522, #1537, #2432 ) ;
#347 = PLANE ( 'NONE',  #393 ) ;
#348 = DIRECTION ( 'NONE',  ( 1.000000000000000000, 0.0000000000000000000, 0.0000000000000000000 ) ) ;
#349 = VERTEX_POINT ( 'NONE', #416 ) ;
#350 = PRESENTATION_STYLE_ASSIGNMENT (( #2810 ) ) ;
#351 = PRESENTATION_LAYER_ASSIGNMENT (  '', '', ( #1813 ) ) ;
#352 = LINE ( 'NONE', #2566, #1177 ) ;
#353 = CARTESIAN_POINT ( 'NONE',  ( 0.3249999999999997891, 0.5200000000000000178, -0.6750000000000001554 ) ) ;
#354 =( GEOMETRIC_REPRESENTATION_CONTEXT ( 3 ) GLOBAL_UNCERTAINTY_ASSIGNED_CONTEXT ( ( #1295 ) ) GLOBAL_UNIT_ASSIGNED_CONTEXT ( ( #1664, #1928, #1217 ) ) REPRESENTATION_CONTEXT ( 'NONE', 'WORKASPACE' ) );
#355 = CARTESIAN_POINT ( 'NONE',  ( 0.6500000000000001332, 0.5000000000000000000, 0.5000000000000002220 ) ) ;
#356 = PRESENTATION_LAYER_ASSIGNMENT (  '', '', ( #2063 ) ) ;
#357 = VERTEX_POINT ( 'NONE', #1321 ) ;
#358 = PLANE ( 'NONE',  #2442 ) ;
#359 = CARTESIAN_POINT ( 'NONE',  ( -0.6500000000000000222, 0.0000000000000000000, -0.5000000000000002220 ) ) ;
#360 = ADVANCED_FACE ( 'NONE', ( #1347 ), #2706, .F. ) ;
#361 = STYLED_ITEM ( 'NONE', ( #750 ), #989 ) ;
#362 = ORIENTED_EDGE ( 'NONE', *, *, #747, .T. ) ;
#363 = DIRECTION ( 'NONE',  ( 1.000000000000000000, 0.0000000000000000000, -0.0000000000000000000 ) ) ;
#364 = CARTESIAN_POINT ( 'NONE',  ( 0.8000000000000001554, 0.5250000000000000222, -0.5000000000000000000 ) ) ;
#365 = MECHANICAL_DESIGN_GEOMETRIC_PRESENTATION_REPRESENTATION (  '', ( #1830 ), #1986 ) ;
#366 = EDGE_CURVE ( 'NONE', #332, #357, #2664, .T. ) ;
#367 = VERTEX_POINT ( 'NONE', #400 ) ;
#368 =( NAMED_UNIT ( * ) SI_UNIT ( $, .STERADIAN. ) SOLID_ANGLE_UNIT ( ) );
#369 = VECTOR ( 'NONE', #1933, 1000.000000000000000 ) ;
#370 =( NAMED_UNIT ( * ) SI_UNIT ( $, .STERADIAN. ) SOLID_ANGLE_UNIT ( ) );
#371 = SURFACE_STYLE_USAGE ( .BOTH. , #600 ) ;
#372 = PRESENTATION_LAYER_ASSIGNMENT (  '', '', ( #2453 ) ) ;
#373 = ORIENTED_EDGE ( 'NONE', *, *, #1925, .T. ) ;
#374 = CARTESIAN_POINT ( 'NONE',  ( 0.8000000000000001554, 0.5000000000000000000, 0.7999999999999999334 ) ) ;
#375 = DIRECTION ( 'NONE',  ( -1.000000000000000000, 0.0000000000000000000, -0.0000000000000000000 ) ) ;
#376 = UNCERTAINTY_MEASURE_WITH_UNIT (LENGTH_MEASURE( 1.000000000000000082E-05 ), #2623, 'distance_accuracy_value', 'NONE');
#377 = AXIS2_PLACEMENT_3D ( 'NONE', #339, #1901, #2580 ) ;
#378 = ORIENTED_EDGE ( 'NONE', *, *, #820, .F. ) ;
#379 = DIRECTION ( 'NONE',  ( -1.000000000000000000, -0.0000000000000000000, -0.0000000000000000000 ) ) ;
#380 = PLANE ( 'NONE',  #2422 ) ;
#381 = PRODUCT_DEFINITION ( 'UNKNOWN', '', #1329, #494 ) ;
#382 = LINE ( 'NONE', #2652, #2785 ) ;
#383 = VERTEX_POINT ( 'NONE', #876 ) ;
#384 = DIRECTION ( 'NONE',  ( 1.000000000000000000, 0.0000000000000000000, -0.0000000000000000000 ) ) ;
#385 = EDGE_CURVE ( 'NONE', #2621, #52, #2251, .T. ) ;
#386 =( NAMED_UNIT ( * ) PLANE_ANGLE_UNIT ( ) SI_UNIT ( $, .RADIAN. ) );
#387 = CARTESIAN_POINT ( 'NONE',  ( 0.8000000000000001554, 0.0000000000000000000, 0.7999999999999999334 ) ) ;
#388 = ORIENTED_EDGE ( 'NONE', *, *, #2541, .T. ) ;
#389 = PRESENTATION_STYLE_ASSIGNMENT (( #2475 ) ) ;
#390 = CARTESIAN_POINT ( 'NONE',  ( -0.1499999999999999667, -0.02500000000000006384, 0.8000000000000001554 ) ) ;
#391 = ORIENTED_EDGE ( 'NONE', *, *, #235, .T. ) ;
#392 = SURFACE_STYLE_USAGE ( .BOTH. , #1954 ) ;
#393 = AXIS2_PLACEMENT_3D ( 'NONE', #565, #1698, #981 ) ;
#394 = ORIENTED_EDGE ( 'NONE', *, *, #290, .T. ) ;
#395 = SURFACE_STYLE_USAGE ( .BOTH. , #1974 ) ;
#396 = CARTESIAN_POINT ( 'NONE',  ( -0.7999999999999999334, 0.0000000000000000000, -0.8000000000000001554 ) ) ;
#397 = VECTOR ( 'NONE', #2054, 1000.000000000000000 ) ;
#398 = ADVANCED_FACE ( 'NONE', ( #1130 ), #639, .F. ) ;
#399 =( GEOMETRIC_REPRESENTATION_CONTEXT ( 3 ) GLOBAL_UNCERTAINTY_ASSIGNED_CONTEXT ( ( #829 ) ) GLOBAL_UNIT_ASSIGNED_CONTEXT ( ( #2712, #1354, #12 ) ) REPRESENTATION_CONTEXT ( 'NONE', 'WORKASPACE' ) );
#400 = CARTESIAN_POINT ( 'NONE',  ( -0.5999999999999999778, 0.5200000000000000178, -0.8000000000000001554 ) ) ;
#401 =( GEOMETRIC_REPRESENTATION_CONTEXT ( 3 ) GLOBAL_UNCERTAINTY_ASSIGNED_CONTEXT ( ( #2407 ) ) GLOBAL_UNIT_ASSIGNED_CONTEXT ( ( #912, #1796, #1886 ) ) REPRESENTATION_CONTEXT ( 'NONE', 'WORKASPACE' ) );
#402 = CARTESIAN_POINT ( 'NONE',  ( -0.6500000000000000222, 0.5000000000000000000, 0.5000000000000002220 ) ) ;
#403 = SURFACE_STYLE_FILL_AREA ( #2410 ) ;
#404 = DIRECTION ( 'NONE',  ( -0.0000000000000000000, -0.0000000000000000000, -1.000000000000000000 ) ) ;
#405 = UNCERTAINTY_MEASURE_WITH_UNIT (LENGTH_MEASURE( 1.000000000000000082E-05 ), #800, 'distance_accuracy_value', 'NONE');
#406 = STYLED_ITEM ( 'NONE', ( #2855 ), #606 ) ;
#407 = EDGE_LOOP ( 'NONE', ( #1754, #596, #1510, #1639 ) ) ;
#408 = VECTOR ( 'NONE', #2822, 1000.000000000000000 ) ;
#409 = SURFACE_SIDE_STYLE ('',( #1729 ) ) ;
#410 = CARTESIAN_POINT ( 'NONE',  ( -0.1499999999999999667, 0.0000000000000000000, -0.8000000000000001554 ) ) ;
#411 = VERTEX_POINT ( 'NONE', #2072 ) ;
#412 = PLANE ( 'NONE',  #1590 ) ;
#413 = CARTESIAN_POINT ( 'NONE',  ( -0.1499999999999999667, 0.0000000000000000000, 0.5000000000000002220 ) ) ;
#414 = AXIS2_PLACEMENT_3D ( 'NONE', #1364, #9, #935 ) ;
#415 =( GEOMETRIC_REPRESENTATION_CONTEXT ( 3 ) GLOBAL_UNCERTAINTY_ASSIGNED_CONTEXT ( ( #2798 ) ) GLOBAL_UNIT_ASSIGNED_CONTEXT ( ( #2770, #1685, #2595 ) ) REPRESENTATION_CONTEXT ( 'NONE', 'WORKASPACE' ) );
#416 = CARTESIAN_POINT ( 'NONE',  ( -0.6500000000000000222, 0.5000000000000000000, -0.8000000000000001554 ) ) ;
#417 = CARTESIAN_POINT ( 'NONE',  ( -0.7999999999999999334, 0.5000000000000000000, 0.7999999999999999334 ) ) ;
#418 = CARTESIAN_POINT ( 'NONE',  ( -0.1999999999999999833, 0.5200000000000000178, 0.8000000000000001554 ) ) ;
#419 = EDGE_CURVE ( 'NONE', #1806, #1696, #1190, .T. ) ;
#420 = VECTOR ( 'NONE', #1873, 1000.000000000000000 ) ;
#421 = LINE ( 'NONE', #881, #1732 ) ;
#422 = CARTESIAN_POINT ( 'NONE',  ( 0.1499999999999999667, -0.02500000000000006384, 0.8000000000000001554 ) ) ;
#423 = AXIS2_PLACEMENT_3D ( 'NONE', #540, #576, #1014 ) ;
#424 = EDGE_CURVE ( 'NONE', #2161, #1121, #1155, .T. ) ;
#425 = ORIENTED_EDGE ( 'NONE', *, *, #79, .T. ) ;
#426 = SURFACE_STYLE_FILL_AREA ( #621 ) ;
#427 = VECTOR ( 'NONE', #104, 1000.000000000000000 ) ;
#428 = EDGE_LOOP ( 'NONE', ( #2405, #1339, #2344, #288 ) ) ;
#429 = DIRECTION ( 'NONE',  ( -1.000000000000000000, -0.0000000000000000000, -0.0000000000000000000 ) ) ;
#430 = CARTESIAN_POINT ( 'NONE',  ( 0.0000000000000000000, 0.5200000000000000178, 0.0000000000000000000 ) ) ;
#431 = UNCERTAINTY_MEASURE_WITH_UNIT (LENGTH_MEASURE( 1.000000000000000082E-05 ), #2352, 'distance_accuracy_value', 'NONE');
#432 = DIRECTION ( 'NONE',  ( -0.0000000000000000000, -1.000000000000000000, -0.0000000000000000000 ) ) ;
#433 =( LENGTH_UNIT ( ) NAMED_UNIT ( * ) SI_UNIT ( .MILLI., .METRE. ) );
#434 = DIRECTION ( 'NONE',  ( 1.000000000000000000, 0.0000000000000000000, 0.0000000000000000000 ) ) ;
#435 = DIRECTION ( 'NONE',  ( -0.0000000000000000000, -1.000000000000000000, -0.0000000000000000000 ) ) ;
#436 =( NAMED_UNIT ( * ) PLANE_ANGLE_UNIT ( ) SI_UNIT ( $, .RADIAN. ) );
#437 = ADVANCED_FACE ( 'NONE', ( #292 ), #2304, .F. ) ;
#438 = VERTEX_POINT ( 'NONE', #1884 ) ;
#439 = CARTESIAN_POINT ( 'NONE',  ( -0.4750000000000001443, -0.02500000000000006384, 0.6750000000000001554 ) ) ;
#440 = CARTESIAN_POINT ( 'NONE',  ( -0.1499999999999999667, -0.02500000000000006384, -0.8000000000000001554 ) ) ;
#441 = VERTEX_POINT ( 'NONE', #2275 ) ;
#442 = SURFACE_SIDE_STYLE ('',( #2261 ) ) ;
#443 = STYLED_ITEM ( 'NONE', ( #1880 ), #1610 ) ;
#444 = DIRECTION ( 'NONE',  ( -0.0000000000000000000, -1.000000000000000000, -0.0000000000000000000 ) ) ;
#445 = CARTESIAN_POINT ( 'NONE',  ( 0.8000000000000001554, 0.5000000000000000000, -0.5000000000000000000 ) ) ;
#446 = CARTESIAN_POINT ( 'NONE',  ( -0.6500000000000000222, 0.5200000000000000178, -0.5000000000000002220 ) ) ;
#447 = PLANE ( 'NONE',  #2427 ) ;
#448 =( GEOMETRIC_REPRESENTATION_CONTEXT ( 3 ) GLOBAL_UNCERTAINTY_ASSIGNED_CONTEXT ( ( #2680 ) ) GLOBAL_UNIT_ASSIGNED_CONTEXT ( ( #1734, #386, #1076 ) ) REPRESENTATION_CONTEXT ( 'NONE', 'WORKASPACE' ) );
#449 = VERTEX_POINT ( 'NONE', #518 ) ;
#450 = FACE_OUTER_BOUND ( 'NONE', #1605, .T. ) ;
#451 = SURFACE_SIDE_STYLE ('',( #1358 ) ) ;
#452 = MECHANICAL_DESIGN_GEOMETRIC_PRESENTATION_REPRESENTATION (  '', ( #1212 ), #2106 ) ;
#453 = ADVANCED_FACE ( 'NONE', ( #1641 ), #476, .F. ) ;
#454 = VECTOR ( 'NONE', #218, 1000.000000000000000 ) ;
#455 = ORIENTED_EDGE ( 'NONE', *, *, #950, .F. ) ;
#456 = DIRECTION ( 'NONE',  ( -1.000000000000000000, -0.0000000000000000000, -0.0000000000000000000 ) ) ;
#457 = DIRECTION ( 'NONE',  ( 0.0000000000000000000, -1.000000000000000000, 0.0000000000000000000 ) ) ;
#458 = EDGE_CURVE ( 'NONE', #1655, #1828, #2533, .T. ) ;
#459 = VECTOR ( 'NONE', #1123, 1000.000000000000000 ) ;
#460 = STYLED_ITEM ( 'NONE', ( #721 ), #1022 ) ;
#461 = CARTESIAN_POINT ( 'NONE',  ( -0.1499999999999999667, 0.0000000000000000000, -0.8000000000000001554 ) ) ;
#462 = DIRECTION ( 'NONE',  ( -0.0000000000000000000, -1.000000000000000000, -0.0000000000000000000 ) ) ;
#463 =( GEOMETRIC_REPRESENTATION_CONTEXT ( 3 ) GLOBAL_UNCERTAINTY_ASSIGNED_CONTEXT ( ( #554 ) ) GLOBAL_UNIT_ASSIGNED_CONTEXT ( ( #1235, #551, #2133 ) ) REPRESENTATION_CONTEXT ( 'NONE', 'WORKASPACE' ) );
#464 = DIRECTION ( 'NONE',  ( -1.000000000000000000, 0.0000000000000000000, -0.0000000000000000000 ) ) ;
#465 = SURFACE_SIDE_STYLE ('',( #2255 ) ) ;
#466 = DIRECTION ( 'NONE',  ( 0.0000000000000000000, 0.0000000000000000000, -1.000000000000000000 ) ) ;
#467 = EDGE_LOOP ( 'NONE', ( #1784, #2467, #2649, #631, #1890, #2084, #2425, #2660 ) ) ;
#468 = VECTOR ( 'NONE', #1195, 1000.000000000000000 ) ;
#469 = CARTESIAN_POINT ( 'NONE',  ( -0.1499999999999999667, 0.5200000000000000178, 0.8000000000000001554 ) ) ;
#470 = CARTESIAN_POINT ( 'NONE',  ( 0.4750000000000003664, -0.02500000000000006384, 0.6750000000000001554 ) ) ;
#471 = VECTOR ( 'NONE', #1951, 1000.000000000000114 ) ;
#472 = ORIENTED_EDGE ( 'NONE', *, *, #1509, .F. ) ;
#473 =( LENGTH_UNIT ( ) NAMED_UNIT ( * ) SI_UNIT ( .MILLI., .METRE. ) );
#474 = VECTOR ( 'NONE', #2485, 1000.000000000000000 ) ;
#475 = EDGE_CURVE ( 'NONE', #1772, #2361, #248, .T. ) ;
#476 = PLANE ( 'NONE',  #1311 ) ;
#477 = SURFACE_STYLE_USAGE ( .BOTH. , #2503 ) ;
#478 = DIRECTION ( 'NONE',  ( -0.0000000000000000000, -1.000000000000000000, -0.0000000000000000000 ) ) ;
#479 = CARTESIAN_POINT ( 'NONE',  ( 0.1500000000000000777, 0.0000000000000000000, -0.5000000000000002220 ) ) ;
#480 = SURFACE_STYLE_USAGE ( .BOTH. , #1148 ) ;
#481 = CARTESIAN_POINT ( 'NONE',  ( 0.8000000000000001554, 0.5000000000000000000, -0.8000000000000001554 ) ) ;
#482 = ORIENTED_EDGE ( 'NONE', *, *, #2331, .T. ) ;
#483 = FILL_AREA_STYLE_COLOUR ( '', #1026 ) ;
#484 = LINE ( 'NONE', #678, #828 ) ;
#485 = SURFACE_STYLE_USAGE ( .BOTH. , #1611 ) ;
#486 =( NAMED_UNIT ( * ) SI_UNIT ( $, .STERADIAN. ) SOLID_ANGLE_UNIT ( ) );
#487 = PLANE ( 'NONE',  #414 ) ;
#488 = SURFACE_STYLE_USAGE ( .BOTH. , #816 ) ;
#489 = MANIFOLD_SOLID_BREP ( 'Boss-Extrude2[4]', #2718 ) ;
#490 = EDGE_CURVE ( 'NONE', #2185, #734, #2578, .T. ) ;
#491 = PRESENTATION_LAYER_ASSIGNMENT (  '', '', ( #443 ) ) ;
#492 = LINE ( 'NONE', #2757, #212 ) ;
#493 =( GEOMETRIC_REPRESENTATION_CONTEXT ( 3 ) GLOBAL_UNCERTAINTY_ASSIGNED_CONTEXT ( ( #1919 ) ) GLOBAL_UNIT_ASSIGNED_CONTEXT ( ( #2867, #1712, #1088 ) ) REPRESENTATION_CONTEXT ( 'NONE', 'WORKASPACE' ) );
#494 = PRODUCT_DEFINITION_CONTEXT ( 'detailed design', #1742, 'design' ) ;
#495 = EDGE_CURVE ( 'NONE', #857, #2298, #1653, .T. ) ;
#496 = VERTEX_POINT ( 'NONE', #550 ) ;
#497 =( LENGTH_UNIT ( ) NAMED_UNIT ( * ) SI_UNIT ( .MILLI., .METRE. ) );
#498 = ORIENTED_EDGE ( 'NONE', *, *, #1925, .F. ) ;
#499 = DIRECTION ( 'NONE',  ( 1.000000000000000000, 0.0000000000000000000, 0.0000000000000000000 ) ) ;
#500 = CARTESIAN_POINT ( 'NONE',  ( -0.6500000000000000222, 0.0000000000000000000, -0.5000000000000002220 ) ) ;
#501 = MECHANICAL_DESIGN_GEOMETRIC_PRESENTATION_REPRESENTATION (  '', ( #695 ), #1687 ) ;
#502 = SURFACE_STYLE_FILL_AREA ( #1941 ) ;
#503 = MECHANICAL_DESIGN_GEOMETRIC_PRESENTATION_REPRESENTATION (  '', ( #1084 ), #791 ) ;
#504 =( LENGTH_UNIT ( ) NAMED_UNIT ( * ) SI_UNIT ( .MILLI., .METRE. ) );
#505 =( NAMED_UNIT ( * ) SI_UNIT ( $, .STERADIAN. ) SOLID_ANGLE_UNIT ( ) );
#506 = LINE ( 'NONE', #2121, #420 ) ;
#507 = STYLED_ITEM ( 'NONE', ( #47 ), #1201 ) ;
#508 = EDGE_LOOP ( 'NONE', ( #2480, #232, #338, #2131 ) ) ;
#509 = EDGE_CURVE ( 'NONE', #184, #2185, #2099, .T. ) ;
#510 = PLANE ( 'NONE',  #1930 ) ;
#511 = DIRECTION ( 'NONE',  ( 0.7071067811865463515, 0.0000000000000000000, 0.7071067811865487940 ) ) ;
#512 = VECTOR ( 'NONE', #207, 1000.000000000000000 ) ;
#513 = ORIENTED_EDGE ( 'NONE', *, *, #2803, .F. ) ;
#514 = CARTESIAN_POINT ( 'NONE',  ( -0.1499999999999999667, 0.0000000000000000000, -0.5000000000000002220 ) ) ;
#515 = LINE ( 'NONE', #289, #1109 ) ;
#516 = VERTEX_POINT ( 'NONE', #967 ) ;
#517 = PRESENTATION_LAYER_ASSIGNMENT (  '', '', ( #140 ) ) ;
#518 = CARTESIAN_POINT ( 'NONE',  ( 0.5999999999999999778, 0.5200000000000000178, 0.8000000000000001554 ) ) ;
#519 = PLANE ( 'NONE',  #2153 ) ;
#520 = SURFACE_SIDE_STYLE ('',( #2520 ) ) ;
#521 = DIRECTION ( 'NONE',  ( 1.000000000000000000, 0.0000000000000000000, -0.0000000000000000000 ) ) ;
#522 = CARTESIAN_POINT ( 'NONE',  ( 0.4750000000000003664, 0.5200000000000000178, 0.6750000000000001554 ) ) ;
#523 = DIRECTION ( 'NONE',  ( 0.0000000000000000000, 0.0000000000000000000, -1.000000000000000000 ) ) ;
#524 = VERTEX_POINT ( 'NONE', #759 ) ;
#525 =( LENGTH_UNIT ( ) NAMED_UNIT ( * ) SI_UNIT ( .MILLI., .METRE. ) );
#526 = DIRECTION ( 'NONE',  ( 1.000000000000000000, 0.0000000000000000000, 0.0000000000000000000 ) ) ;
#527 = UNCERTAINTY_MEASURE_WITH_UNIT (LENGTH_MEASURE( 1.000000000000000082E-05 ), #1833, 'distance_accuracy_value', 'NONE');
#528 = EDGE_CURVE ( 'NONE', #524, #1034, #2565, .T. ) ;
#529 = ORIENTED_EDGE ( 'NONE', *, *, #2299, .F. ) ;
#530 = CARTESIAN_POINT ( 'NONE',  ( -0.6500000000000000222, 0.5200000000000000178, -0.5000000000000002220 ) ) ;
#531 = CARTESIAN_POINT ( 'NONE',  ( 0.4750000000000003664, -0.02500000000000006384, -0.6750000000000001554 ) ) ;
#532 = EDGE_LOOP ( 'NONE', ( #1029, #98, #2229, #2617 ) ) ;
#533 =( LENGTH_UNIT ( ) NAMED_UNIT ( * ) SI_UNIT ( .MILLI., .METRE. ) );
#534 = CARTESIAN_POINT ( 'NONE',  ( -0.3249999999999995670, 0.5200000000000000178, -0.6750000000000001554 ) ) ;
#535 =( LENGTH_UNIT ( ) NAMED_UNIT ( * ) SI_UNIT ( .MILLI., .METRE. ) );
#536 = CARTESIAN_POINT ( 'NONE',  ( 0.8000000000000001554, 0.5250000000000000222, 0.5000000000000000000 ) ) ;
#537 = PRESENTATION_STYLE_ASSIGNMENT (( #732 ) ) ;
#538 = PRESENTATION_LAYER_ASSIGNMENT (  '', '', ( #1438 ) ) ;
#539 = VERTEX_POINT ( 'NONE', #2378 ) ;
#540 = CARTESIAN_POINT ( 'NONE',  ( 0.1999999999999999833, 0.5200000000000000178, -0.8000000000000001554 ) ) ;
#541 = VECTOR ( 'NONE', #1906, 1000.000000000000000 ) ;
#542 = CARTESIAN_POINT ( 'NONE',  ( 0.3249999999999997891, 0.5200000000000000178, 0.6750000000000001554 ) ) ;
#543 = AXIS2_PLACEMENT_3D ( 'NONE', #2310, #1224, #1205 ) ;
#544 = VERTEX_POINT ( 'NONE', #2162 ) ;
#545 = DIRECTION ( 'NONE',  ( 0.0000000000000000000, 0.0000000000000000000, -1.000000000000000000 ) ) ;
#546 = LINE ( 'NONE', #336, #1013 ) ;
#547 = ADVANCED_FACE ( 'NONE', ( #2611 ), #293, .F. ) ;
#548 = VECTOR ( 'NONE', #1914, 1000.000000000000000 ) ;
#549 = ORIENTED_EDGE ( 'NONE', *, *, #1429, .T. ) ;
#550 = CARTESIAN_POINT ( 'NONE',  ( 0.3249999999999997891, -0.02500000000000006384, -0.6750000000000001554 ) ) ;
#551 =( NAMED_UNIT ( * ) PLANE_ANGLE_UNIT ( ) SI_UNIT ( $, .RADIAN. ) );
#552 = ADVANCED_FACE ( 'NONE', ( #2349 ), #519, .T. ) ;
#553 = MECHANICAL_DESIGN_GEOMETRIC_PRESENTATION_REPRESENTATION (  '', ( #647 ), #1972 ) ;
#554 = UNCERTAINTY_MEASURE_WITH_UNIT (LENGTH_MEASURE( 1.000000000000000082E-05 ), #1235, 'distance_accuracy_value', 'NONE');
#555 = AXIS2_PLACEMENT_3D ( 'NONE', #2887, #2008, #1055 ) ;
#556 = CARTESIAN_POINT ( 'NONE',  ( -0.1499999999999999667, 0.5200000000000000178, -0.5000000000000002220 ) ) ;
#557 = DIRECTION ( 'NONE',  ( 0.0000000000000000000, -0.0000000000000000000, -1.000000000000000000 ) ) ;
#558 =( NAMED_UNIT ( * ) SI_UNIT ( $, .STERADIAN. ) SOLID_ANGLE_UNIT ( ) );
#559 = VERTEX_POINT ( 'NONE', #148 ) ;
#560 = PRESENTATION_STYLE_ASSIGNMENT (( #1474 ) ) ;
#561 = SURFACE_STYLE_USAGE ( .BOTH. , #1003 ) ;
#562 = DIRECTION ( 'NONE',  ( -0.0000000000000000000, -1.000000000000000000, -0.0000000000000000000 ) ) ;
#563 = EDGE_LOOP ( 'NONE', ( #2317, #756, #2463, #549 ) ) ;
#564 = FACE_OUTER_BOUND ( 'NONE', #428, .T. ) ;
#565 = CARTESIAN_POINT ( 'NONE',  ( 0.1500000000000000777, 0.0000000000000000000, -0.5000000000000002220 ) ) ;
#566 = VECTOR ( 'NONE', #1094, 1000.000000000000000 ) ;
#567 = ORIENTED_EDGE ( 'NONE', *, *, #201, .F. ) ;
#568 = VECTOR ( 'NONE', #776, 1000.000000000000000 ) ;
#569 = DIRECTION ( 'NONE',  ( 0.0000000000000000000, 0.0000000000000000000, 1.000000000000000000 ) ) ;
#570 = EDGE_CURVE ( 'NONE', #1696, #383, #818, .T. ) ;
#571 = DIRECTION ( 'NONE',  ( 1.000000000000000000, 0.0000000000000000000, 0.0000000000000000000 ) ) ;
#572 = CARTESIAN_POINT ( 'NONE',  ( -0.4750000000000001443, 0.5200000000000000178, 0.6750000000000001554 ) ) ;
#573 =( GEOMETRIC_REPRESENTATION_CONTEXT ( 3 ) GLOBAL_UNCERTAINTY_ASSIGNED_CONTEXT ( ( #1988 ) ) GLOBAL_UNIT_ASSIGNED_CONTEXT ( ( #1588, #226, #1603 ) ) REPRESENTATION_CONTEXT ( 'NONE', 'WORKASPACE' ) );
#574 = COLOUR_RGB ( '',0.7686274509803920907, 0.7686274509803920907, 0.7686274509803920907 ) ;
#575 = ORIENTED_EDGE ( 'NONE', *, *, #950, .T. ) ;
#576 = DIRECTION ( 'NONE',  ( -0.7071067811865482389, 0.0000000000000000000, 0.7071067811865469066 ) ) ;
#577 =( NAMED_UNIT ( * ) PLANE_ANGLE_UNIT ( ) SI_UNIT ( $, .RADIAN. ) );
#578 = ORIENTED_EDGE ( 'NONE', *, *, #2351, .F. ) ;
#579 =( NAMED_UNIT ( * ) PLANE_ANGLE_UNIT ( ) SI_UNIT ( $, .RADIAN. ) );
#580 =( LENGTH_UNIT ( ) NAMED_UNIT ( * ) SI_UNIT ( .MILLI., .METRE. ) );
#581 = ORIENTED_EDGE ( 'NONE', *, *, #1727, .F. ) ;
#582 = SURFACE_STYLE_FILL_AREA ( #1025 ) ;
#583 = CARTESIAN_POINT ( 'NONE',  ( -0.5999999999999999778, -0.02500000000000006384, -0.8000000000000001554 ) ) ;
#584 = CARTESIAN_POINT ( 'NONE',  ( -0.6500000000000000222, 0.0000000000000000000, 0.5000000000000002220 ) ) ;
#585 = EDGE_CURVE ( 'NONE', #734, #516, #834, .T. ) ;
#586 = ORIENTED_EDGE ( 'NONE', *, *, #1258, .T. ) ;
#587 = FILL_AREA_STYLE_COLOUR ( '', #1414 ) ;
#588 = FILL_AREA_STYLE_COLOUR ( '', #2640 ) ;
#589 = FILL_AREA_STYLE ('',( #2671 ) ) ;
#590 = EDGE_CURVE ( 'NONE', #438, #60, #871, .T. ) ;
#591 = VECTOR ( 'NONE', #87, 1000.000000000000000 ) ;
#592 = ORIENTED_EDGE ( 'NONE', *, *, #1145, .T. ) ;
#593 = FACE_OUTER_BOUND ( 'NONE', #2409, .T. ) ;
#594 =( NAMED_UNIT ( * ) SI_UNIT ( $, .STERADIAN. ) SOLID_ANGLE_UNIT ( ) );
#595 = VECTOR ( 'NONE', #2411, 1000.000000000000000 ) ;
#596 = ORIENTED_EDGE ( 'NONE', *, *, #2191, .T. ) ;
#597 = FILL_AREA_STYLE ('',( #806 ) ) ;
#598 = AXIS2_PLACEMENT_3D ( 'NONE', #150, #2812, #1059 ) ;
#599 = VECTOR ( 'NONE', #1701, 1000.000000000000000 ) ;
#600 = SURFACE_SIDE_STYLE ('',( #1252 ) ) ;
#601 = AXIS2_PLACEMENT_3D ( 'NONE', #612, #174, #1759 ) ;
#602 = ORIENTED_EDGE ( 'NONE', *, *, #985, .T. ) ;
#603 = LINE ( 'NONE', #1935, #471 ) ;
#604 =( NAMED_UNIT ( * ) PLANE_ANGLE_UNIT ( ) SI_UNIT ( $, .RADIAN. ) );
#605 = PLANE ( 'NONE',  #2579 ) ;
#606 = ADVANCED_FACE ( 'NONE', ( #1496 ), #652, .F. ) ;
#607 = ORIENTED_EDGE ( 'NONE', *, *, #1795, .F. ) ;
#608 = DIRECTION ( 'NONE',  ( 0.0000000000000000000, 0.0000000000000000000, 1.000000000000000000 ) ) ;
#609 = LINE ( 'NONE', #1508, #854 ) ;
#610 = VECTOR ( 'NONE', #2194, 1000.000000000000114 ) ;
#611 = EDGE_LOOP ( 'NONE', ( #1692, #2858, #189, #472 ) ) ;
#612 = CARTESIAN_POINT ( 'NONE',  ( -0.1499999999999999667, 0.5200000000000000178, 0.5000000000000002220 ) ) ;
#613 = PRESENTATION_LAYER_ASSIGNMENT (  '', '', ( #2305 ) ) ;
#614 = CARTESIAN_POINT ( 'NONE',  ( 0.1499999999999999667, -0.02500000000000006384, -0.5000000000000002220 ) ) ;
#615 = MECHANICAL_DESIGN_GEOMETRIC_PRESENTATION_REPRESENTATION (  '', ( #183 ), #2739 ) ;
#616 = ORIENTED_EDGE ( 'NONE', *, *, #2522, .F. ) ;
#617 = FILL_AREA_STYLE_COLOUR ( '', #2403 ) ;
#618 = PRESENTATION_LAYER_ASSIGNMENT (  '', '', ( #1893 ) ) ;
#619 = EDGE_LOOP ( 'NONE', ( #1430, #2702, #1229, #1136 ) ) ;
#620 = LINE ( 'NONE', #1521, #124 ) ;
#621 = FILL_AREA_STYLE ('',( #2637 ) ) ;
#622 =( NAMED_UNIT ( * ) PLANE_ANGLE_UNIT ( ) SI_UNIT ( $, .RADIAN. ) );
#623 = ADVANCED_FACE ( 'NONE', ( #2436 ), #1319, .F. ) ;
#624 = ORIENTED_EDGE ( 'NONE', *, *, #1083, .F. ) ;
#625 = SURFACE_STYLE_FILL_AREA ( #1091 ) ;
#626 = CARTESIAN_POINT ( 'NONE',  ( -0.1499999999999999667, 0.5000000000000000000, -0.8000000000000001554 ) ) ;
#627 = CARTESIAN_POINT ( 'NONE',  ( -0.5999999999999999778, 0.5200000000000000178, 0.8000000000000001554 ) ) ;
#628 = LINE ( 'NONE', #1499, #904 ) ;
#629 = CARTESIAN_POINT ( 'NONE',  ( 0.4750000000000003664, 0.5200000000000000178, 0.6750000000000001554 ) ) ;
#630 = VERTEX_POINT ( 'NONE', #132 ) ;
#631 = ORIENTED_EDGE ( 'NONE', *, *, #1985, .T. ) ;
#632 = LINE ( 'NONE', #2388, #2537 ) ;
#633 = ORIENTED_EDGE ( 'NONE', *, *, #458, .F. ) ;
#634 = ADVANCED_FACE ( 'NONE', ( #2661 ), #412, .T. ) ;
#635 = DIRECTION ( 'NONE',  ( 0.0000000000000000000, -0.0000000000000000000, -1.000000000000000000 ) ) ;
#636 = LINE ( 'NONE', #203, #610 ) ;
#637 =( GEOMETRIC_REPRESENTATION_CONTEXT ( 3 ) GLOBAL_UNCERTAINTY_ASSIGNED_CONTEXT ( ( #2862 ) ) GLOBAL_UNIT_ASSIGNED_CONTEXT ( ( #2090, #577, #1459 ) ) REPRESENTATION_CONTEXT ( 'NONE', 'WORKASPACE' ) );
#638 = ADVANCED_FACE ( 'NONE', ( #2531 ), #1812, .F. ) ;
#639 = PLANE ( 'NONE',  #308 ) ;
#640 = SURFACE_STYLE_USAGE ( .BOTH. , #1515 ) ;
#641 =( NAMED_UNIT ( * ) SI_UNIT ( $, .STERADIAN. ) SOLID_ANGLE_UNIT ( ) );
#642 = VECTOR ( 'NONE', #684, 1000.000000000000000 ) ;
#643 = COLOUR_RGB ( '',0.7686274509803920907, 0.7686274509803920907, 0.7686274509803920907 ) ;
#644 = FILL_AREA_STYLE ('',( #1804 ) ) ;
#645 = CARTESIAN_POINT ( 'NONE',  ( -0.4750000000000001443, 0.5200000000000000178, -0.6750000000000001554 ) ) ;
#646 = DIRECTION ( 'NONE',  ( 0.0000000000000000000, 0.0000000000000000000, -1.000000000000000000 ) ) ;
#647 = STYLED_ITEM ( 'NONE', ( #758 ), #453 ) ;
#648 = ORIENTED_EDGE ( 'NONE', *, *, #270, .F. ) ;
#649 = DIRECTION ( 'NONE',  ( 1.000000000000000000, 0.0000000000000000000, 0.0000000000000000000 ) ) ;
#650 = PLANE ( 'NONE',  #346 ) ;
#651 = ORIENTED_EDGE ( 'NONE', *, *, #1160, .F. ) ;
#652 = PLANE ( 'NONE',  #555 ) ;
#653 = CARTESIAN_POINT ( 'NONE',  ( 0.4750000000000003664, 0.5200000000000000178, 0.6750000000000001554 ) ) ;
#654 = VECTOR ( 'NONE', #1032, 1000.000000000000000 ) ;
#655 = PLANE ( 'NONE',  #144 ) ;
#656 = LINE ( 'NONE', #814, #2346 ) ;
#657 = EDGE_CURVE ( 'NONE', #85, #723, #2482, .T. ) ;
#658 = VECTOR ( 'NONE', #2354, 1000.000000000000000 ) ;
#659 = ORIENTED_EDGE ( 'NONE', *, *, #1312, .T. ) ;
#660 = FILL_AREA_STYLE_COLOUR ( '', #1790 ) ;
#661 = VECTOR ( 'NONE', #2699, 1000.000000000000000 ) ;
#662 = AXIS2_PLACEMENT_3D ( 'NONE', #2758, #2492, #1410 ) ;
#663 = ORIENTED_EDGE ( 'NONE', *, *, #893, .T. ) ;
#664 = CARTESIAN_POINT ( 'NONE',  ( -0.1499999999999999667, 0.5200000000000000178, -0.8000000000000001554 ) ) ;
#665 = VERTEX_POINT ( 'NONE', #44 ) ;
#666 = LINE ( 'NONE', #1571, #1861 ) ;
#667 = LINE ( 'NONE', #461, #1676 ) ;
#668 = LINE ( 'NONE', #343, #2545 ) ;
#669 =( NAMED_UNIT ( * ) PLANE_ANGLE_UNIT ( ) SI_UNIT ( $, .RADIAN. ) );
#670 = VERTEX_POINT ( 'NONE', #1126 ) ;
#671 = EDGE_CURVE ( 'NONE', #1473, #1404, #947, .T. ) ;
#672 = SURFACE_SIDE_STYLE ('',( #1337 ) ) ;
#673 = EDGE_LOOP ( 'NONE', ( #928, #345, #498, #802 ) ) ;
#674 = ADVANCED_FACE ( 'NONE', ( #1570 ), #1846, .T. ) ;
#675 =( NAMED_UNIT ( * ) PLANE_ANGLE_UNIT ( ) SI_UNIT ( $, .RADIAN. ) );
#676 = ORIENTED_EDGE ( 'NONE', *, *, #1258, .F. ) ;
#677 = PRESENTATION_STYLE_ASSIGNMENT (( #2516 ) ) ;
#678 = CARTESIAN_POINT ( 'NONE',  ( 0.1499999999999999667, 0.5200000000000000178, 0.8000000000000001554 ) ) ;
#679 = AXIS2_PLACEMENT_3D ( 'NONE', #2751, #1863, #1346 ) ;
#680 = FILL_AREA_STYLE_COLOUR ( '', #2338 ) ;
#681 = LINE ( 'NONE', #910, #1173 ) ;
#682 = LINE ( 'NONE', #2504, #1460 ) ;
#683 = AXIS2_PLACEMENT_3D ( 'NONE', #2620, #1505, #375 ) ;
#684 = DIRECTION ( 'NONE',  ( -0.0000000000000000000, 1.000000000000000000, -0.0000000000000000000 ) ) ;
#685 = PRESENTATION_STYLE_ASSIGNMENT (( #1854 ) ) ;
#686 = PRESENTATION_LAYER_ASSIGNMENT (  '', '', ( #304 ) ) ;
#687 = EDGE_LOOP ( 'NONE', ( #2768, #1549, #905, #889 ) ) ;
#688 = SURFACE_STYLE_USAGE ( .BOTH. , #2041 ) ;
#689 = PLANE ( 'NONE',  #1068 ) ;
#690 = VECTOR ( 'NONE', #1815, 1000.000000000000000 ) ;
#691 = ADVANCED_FACE ( 'NONE', ( #564 ), #780, .F. ) ;
#692 = MECHANICAL_DESIGN_GEOMETRIC_PRESENTATION_REPRESENTATION (  '', ( #1168 ), #883 ) ;
#693 = ORIENTED_EDGE ( 'NONE', *, *, #716, .T. ) ;
#694 = FACE_OUTER_BOUND ( 'NONE', #2722, .T. ) ;
#695 = STYLED_ITEM ( 'NONE', ( #1087 ), #869 ) ;
#696 = VECTOR ( 'NONE', #895, 1000.000000000000000 ) ;
#697 = FILL_AREA_STYLE ('',( #920 ) ) ;
#698 = FILL_AREA_STYLE_COLOUR ( '', #2495 ) ;
#699 = VECTOR ( 'NONE', #2655, 1000.000000000000000 ) ;
#700 = CARTESIAN_POINT ( 'NONE',  ( -0.3249999999999995670, -0.02500000000000006384, 0.6750000000000001554 ) ) ;
#701 = SURFACE_STYLE_USAGE ( .BOTH. , #465 ) ;
#702 = FILL_AREA_STYLE_COLOUR ( '', #1538 ) ;
#703 = ORIENTED_EDGE ( 'NONE', *, *, #2211, .F. ) ;
#704 = MECHANICAL_DESIGN_GEOMETRIC_PRESENTATION_REPRESENTATION (  '', ( #1601 ), #1182 ) ;
#705 = DIRECTION ( 'NONE',  ( -0.0000000000000000000, -0.0000000000000000000, 1.000000000000000000 ) ) ;
#706 = LINE ( 'NONE', #1401, #2529 ) ;
#707 = VECTOR ( 'NONE', #2859, 1000.000000000000000 ) ;
#708 = ORIENTED_EDGE ( 'NONE', *, *, #419, .F. ) ;
#709 = AXIS2_PLACEMENT_3D ( 'NONE', #2013, #1781, #1063 ) ;
#710 = LINE ( 'NONE', #1172, #2197 ) ;
#711 = ADVANCED_FACE ( 'NONE', ( #1679 ), #1661, .F. ) ;
#712 = VECTOR ( 'NONE', #571, 1000.000000000000000 ) ;
#713 = CARTESIAN_POINT ( 'NONE',  ( -0.1499999999999999667, -0.02500000000000006384, -0.8000000000000001554 ) ) ;
#714 =( NAMED_UNIT ( * ) SI_UNIT ( $, .STERADIAN. ) SOLID_ANGLE_UNIT ( ) );
#715 = LINE ( 'NONE', #2277, #1688 ) ;
#716 = EDGE_CURVE ( 'NONE', #884, #1806, #2805, .T. ) ;
#717 = LINE ( 'NONE', #479, #1261 ) ;
#718 = PLANE ( 'NONE',  #1843 ) ;
#719 = CARTESIAN_POINT ( 'NONE',  ( -0.1499999999999999667, 0.5200000000000000178, -0.5000000000000002220 ) ) ;
#720 = VERTEX_POINT ( 'NONE', #530 ) ;
#721 = PRESENTATION_STYLE_ASSIGNMENT (( #2314 ) ) ;
#722 = PRESENTATION_STYLE_ASSIGNMENT (( #2748 ) ) ;
#723 = VERTEX_POINT ( 'NONE', #303 ) ;
#724 =( NAMED_UNIT ( * ) PLANE_ANGLE_UNIT ( ) SI_UNIT ( $, .RADIAN. ) );
#725 = DIRECTION ( 'NONE',  ( -0.0000000000000000000, -1.000000000000000000, -0.0000000000000000000 ) ) ;
#726 = VECTOR ( 'NONE', #499, 1000.000000000000000 ) ;
#727 = SURFACE_SIDE_STYLE ('',( #2292 ) ) ;
#728 = EDGE_CURVE ( 'NONE', #367, #1700, #1188, .T. ) ;
#729 = VECTOR ( 'NONE', #1317, 1000.000000000000000 ) ;
#730 =( NAMED_UNIT ( * ) PLANE_ANGLE_UNIT ( ) SI_UNIT ( $, .RADIAN. ) );
#731 = CARTESIAN_POINT ( 'NONE',  ( 0.1999999999999999833, -0.02500000000000006384, 0.8000000000000001554 ) ) ;
#732 = SURFACE_STYLE_USAGE ( .BOTH. , #1669 ) ;
#733 =( GEOMETRIC_REPRESENTATION_CONTEXT ( 3 ) GLOBAL_UNCERTAINTY_ASSIGNED_CONTEXT ( ( #2126 ) ) GLOBAL_UNIT_ASSIGNED_CONTEXT ( ( #2447, #1441, #268 ) ) REPRESENTATION_CONTEXT ( 'NONE', 'WORKASPACE' ) );
#734 = VERTEX_POINT ( 'NONE', #2302 ) ;
#735 = SURFACE_SIDE_STYLE ('',( #1858 ) ) ;
#736 = VECTOR ( 'NONE', #1222, 1000.000000000000000 ) ;
#737 = ORIENTED_EDGE ( 'NONE', *, *, #2299, .T. ) ;
#738 = STYLED_ITEM ( 'NONE', ( #1583 ), #398 ) ;
#739 = DIRECTION ( 'NONE',  ( -0.0000000000000000000, -1.000000000000000000, -0.0000000000000000000 ) ) ;
#740 = DIRECTION ( 'NONE',  ( -0.7071067811865469066, -0.0000000000000000000, -0.7071067811865481278 ) ) ;
#741 = STYLED_ITEM ( 'NONE', ( #2318 ), #711 ) ;
#742 = EDGE_LOOP ( 'NONE', ( #2371, #2339, #2764, #2454 ) ) ;
#743 = CARTESIAN_POINT ( 'NONE',  ( -0.6500000000000000222, -0.02500000000000006384, 0.5000000000000002220 ) ) ;
#744 = SURFACE_STYLE_USAGE ( .BOTH. , #2295 ) ;
#745 = FACE_OUTER_BOUND ( 'NONE', #2030, .T. ) ;
#746 = PLANE ( 'NONE',  #543 ) ;
#747 = EDGE_CURVE ( 'NONE', #82, #798, #1431, .T. ) ;
#748 = PRESENTATION_LAYER_ASSIGNMENT (  '', '', ( #2215 ) ) ;
#749 = ORIENTED_EDGE ( 'NONE', *, *, #2479, .F. ) ;
#750 = PRESENTATION_STYLE_ASSIGNMENT (( #561 ) ) ;
#751 = FILL_AREA_STYLE_COLOUR ( '', #2762 ) ;
#752 = AXIS2_PLACEMENT_3D ( 'NONE', #1516, #1719, #2615 ) ;
#753 = ORIENTED_EDGE ( 'NONE', *, *, #1962, .F. ) ;
#754 = DIRECTION ( 'NONE',  ( 0.0000000000000000000, 0.0000000000000000000, -1.000000000000000000 ) ) ;
#755 = PRESENTATION_LAYER_ASSIGNMENT (  '', '', ( #183 ) ) ;
#756 = ORIENTED_EDGE ( 'NONE', *, *, #1628, .F. ) ;
#757 = VECTOR ( 'NONE', #2077, 1000.000000000000000 ) ;
#758 = PRESENTATION_STYLE_ASSIGNMENT (( #983 ) ) ;
#759 = CARTESIAN_POINT ( 'NONE',  ( -0.1999999999999999833, 0.5200000000000000178, -0.8000000000000001554 ) ) ;
#760 = COLOUR_RGB ( '',0.7686274509803920907, 0.7686274509803920907, 0.7686274509803920907 ) ;
#761 =( NAMED_UNIT ( * ) SI_UNIT ( $, .STERADIAN. ) SOLID_ANGLE_UNIT ( ) );
#762 = FACE_OUTER_BOUND ( 'NONE', #1446, .T. ) ;
#763 = LINE ( 'NONE', #312, #2690 ) ;
#764 = EDGE_CURVE ( 'NONE', #544, #13, #1636, .T. ) ;
#765 = EDGE_LOOP ( 'NONE', ( #1552, #2601, #2657, #753 ) ) ;
#766 = PRESENTATION_STYLE_ASSIGNMENT (( #2834 ) ) ;
#767 = CARTESIAN_POINT ( 'NONE',  ( -0.6500000000000000222, 0.5200000000000000178, 0.5000000000000002220 ) ) ;
#768 = UNCERTAINTY_MEASURE_WITH_UNIT (LENGTH_MEASURE( 1.000000000000000082E-05 ), #2646, 'distance_accuracy_value', 'NONE');
#769 = EDGE_CURVE ( 'NONE', #1370, #441, #57, .T. ) ;
#770 = EDGE_LOOP ( 'NONE', ( #901, #940, #1125, #2511 ) ) ;
#771 =( NAMED_UNIT ( * ) PLANE_ANGLE_UNIT ( ) SI_UNIT ( $, .RADIAN. ) );
#772 = ORIENTED_EDGE ( 'NONE', *, *, #858, .F. ) ;
#773 = CARTESIAN_POINT ( 'NONE',  ( 0.0000000000000000000, 0.5250000000000000222, 0.0000000000000000000 ) ) ;
#774 =( GEOMETRIC_REPRESENTATION_CONTEXT ( 3 ) GLOBAL_UNCERTAINTY_ASSIGNED_CONTEXT ( ( #376 ) ) GLOBAL_UNIT_ASSIGNED_CONTEXT ( ( #2623, #2883, #1507 ) ) REPRESENTATION_CONTEXT ( 'NONE', 'WORKASPACE' ) );
#775 = ORIENTED_EDGE ( 'NONE', *, *, #911, .F. ) ;
#776 = DIRECTION ( 'NONE',  ( -1.000000000000000000, -0.0000000000000000000, -0.0000000000000000000 ) ) ;
#777 = MECHANICAL_DESIGN_GEOMETRIC_PRESENTATION_REPRESENTATION (  '', ( #2144 ), #1667 ) ;
#778 = LINE ( 'NONE', #976, #1255 ) ;
#779 = ORIENTED_EDGE ( 'NONE', *, *, #2464, .F. ) ;
#780 = PLANE ( 'NONE',  #1403 ) ;
#781 = LINE ( 'NONE', #1909, #2666 ) ;
#782 = EDGE_CURVE ( 'NONE', #2091, #1318, #2112, .T. ) ;
#783 = VECTOR ( 'NONE', #2308, 1000.000000000000000 ) ;
#784 = ORIENTED_EDGE ( 'NONE', *, *, #1338, .F. ) ;
#785 = FILL_AREA_STYLE_COLOUR ( '', #2071 ) ;
#786 = PRESENTATION_LAYER_ASSIGNMENT (  '', '', ( #2909 ) ) ;
#787 = UNCERTAINTY_MEASURE_WITH_UNIT (LENGTH_MEASURE( 1.000000000000000082E-05 ), #1744, 'distance_accuracy_value', 'NONE');
#788 = PRESENTATION_LAYER_ASSIGNMENT (  '', '', ( #2110 ) ) ;
#789 = VECTOR ( 'NONE', #2012, 1000.000000000000000 ) ;
#790 = DIRECTION ( 'NONE',  ( -1.000000000000000000, -0.0000000000000000000, -0.0000000000000000000 ) ) ;
#791 =( GEOMETRIC_REPRESENTATION_CONTEXT ( 3 ) GLOBAL_UNCERTAINTY_ASSIGNED_CONTEXT ( ( #2567 ) ) GLOBAL_UNIT_ASSIGNED_CONTEXT ( ( #886, #1357, #1340 ) ) REPRESENTATION_CONTEXT ( 'NONE', 'WORKASPACE' ) );
#792 = EDGE_LOOP ( 'NONE', ( #2789, #2390, #2081, #1714 ) ) ;
#793 = LINE ( 'NONE', #1443, #2879 ) ;
#794 = VECTOR ( 'NONE', #1175, 1000.000000000000000 ) ;
#795 =( NAMED_UNIT ( * ) PLANE_ANGLE_UNIT ( ) SI_UNIT ( $, .RADIAN. ) );
#796 = DIRECTION ( 'NONE',  ( 0.0000000000000000000, -0.0000000000000000000, 1.000000000000000000 ) ) ;
#797 = AXIS2_PLACEMENT_3D ( 'NONE', #2379, #1249, #2612 ) ;
#798 = VERTEX_POINT ( 'NONE', #86 ) ;
#799 =( NAMED_UNIT ( * ) SI_UNIT ( $, .STERADIAN. ) SOLID_ANGLE_UNIT ( ) );
#800 =( LENGTH_UNIT ( ) NAMED_UNIT ( * ) SI_UNIT ( .MILLI., .METRE. ) );
#801 = AXIS2_PLACEMENT_3D ( 'NONE', #1500, #2369, #2831 ) ;
#802 = ORIENTED_EDGE ( 'NONE', *, *, #2522, .T. ) ;
#803 = EDGE_CURVE ( 'NONE', #1772, #357, #995, .T. ) ;
#804 = FILL_AREA_STYLE ('',( #2551 ) ) ;
#805 = VECTOR ( 'NONE', #991, 1000.000000000000000 ) ;
#806 = FILL_AREA_STYLE_COLOUR ( '', #1555 ) ;
#807 = EDGE_CURVE ( 'NONE', #349, #1149, #620, .T. ) ;
#808 = LINE ( 'NONE', #583, #926 ) ;
#809 = SURFACE_STYLE_FILL_AREA ( #1668 ) ;
#810 = FACE_OUTER_BOUND ( 'NONE', #1594, .T. ) ;
#811 = MECHANICAL_DESIGN_GEOMETRIC_PRESENTATION_REPRESENTATION (  '', ( #2788 ), #1047 ) ;
#812 = VERTEX_POINT ( 'NONE', #2414 ) ;
#813 = DIRECTION ( 'NONE',  ( -1.000000000000000000, 0.0000000000000000000, 0.0000000000000000000 ) ) ;
#814 = CARTESIAN_POINT ( 'NONE',  ( -0.4750000000000001443, 0.5200000000000000178, -0.6750000000000001554 ) ) ;
#815 = ORIENTED_EDGE ( 'NONE', *, *, #1145, .F. ) ;
#816 = SURFACE_SIDE_STYLE ('',( #502 ) ) ;
#817 = EDGE_LOOP ( 'NONE', ( #2893, #997, #994, #2148, #1181, #1840, #272, #2333 ) ) ;
#818 = LINE ( 'NONE', #2180, #2583 ) ;
#819 = PRESENTATION_STYLE_ASSIGNMENT (( #2163 ) ) ;
#820 = EDGE_CURVE ( 'NONE', #2833, #1751, #2189, .T. ) ;
#821 = CARTESIAN_POINT ( 'NONE',  ( 0.8000000000000001554, 0.5250000000000000222, 0.5000000000000000000 ) ) ;
#822 = LINE ( 'NONE', #1455, #1997 ) ;
#823 = FILL_AREA_STYLE_COLOUR ( '', #1557 ) ;
#824 = EDGE_CURVE ( 'NONE', #720, #1828, #632, .T. ) ;
#825 = ORIENTED_EDGE ( 'NONE', *, *, #509, .T. ) ;
#826 = DIRECTION ( 'NONE',  ( 0.0000000000000000000, -0.0000000000000000000, 1.000000000000000000 ) ) ;
#827 =( NAMED_UNIT ( * ) SI_UNIT ( $, .STERADIAN. ) SOLID_ANGLE_UNIT ( ) );
#828 = VECTOR ( 'NONE', #30, 1000.000000000000000 ) ;
#829 = UNCERTAINTY_MEASURE_WITH_UNIT (LENGTH_MEASURE( 1.000000000000000082E-05 ), #2712, 'distance_accuracy_value', 'NONE');
#830 = ORIENTED_EDGE ( 'NONE', *, *, #893, .F. ) ;
#831 = FILL_AREA_STYLE ('',( #1478 ) ) ;
#832 = MECHANICAL_DESIGN_GEOMETRIC_PRESENTATION_REPRESENTATION (  '', ( #255 ), #923 ) ;
#833 = ORIENTED_EDGE ( 'NONE', *, *, #2211, .T. ) ;
#834 = LINE ( 'NONE', #1281, #2863 ) ;
#835 = FACE_OUTER_BOUND ( 'NONE', #467, .T. ) ;
#836 = PRESENTATION_STYLE_ASSIGNMENT (( #1297 ) ) ;
#837 = CARTESIAN_POINT ( 'NONE',  ( 0.0000000000000000000, -0.02500000000000006384, 0.0000000000000000000 ) ) ;
#838 = VECTOR ( 'NONE', #2827, 1000.000000000000000 ) ;
#839 =( LENGTH_UNIT ( ) NAMED_UNIT ( * ) SI_UNIT ( .MILLI., .METRE. ) );
#840 = STYLED_ITEM ( 'NONE', ( #1374 ), #674 ) ;
#841 = VERTEX_POINT ( 'NONE', #2174 ) ;
#842 = ADVANCED_FACE ( 'NONE', ( #1940 ), #2431, .F. ) ;
#843 = FACE_OUTER_BOUND ( 'NONE', #508, .T. ) ;
#844 = VECTOR ( 'NONE', #649, 1000.000000000000000 ) ;
#845 = ORIENTED_EDGE ( 'NONE', *, *, #2281, .T. ) ;
#846 = PLANE ( 'NONE',  #1782 ) ;
#847 = CARTESIAN_POINT ( 'NONE',  ( -0.6500000000000000222, 0.5200000000000000178, 0.8000000000000001554 ) ) ;
#848 = VECTOR ( 'NONE', #2755, 1000.000000000000000 ) ;
#849 = ORIENTED_EDGE ( 'NONE', *, *, #1761, .T. ) ;
#850 = DIRECTION ( 'NONE',  ( -0.7071067811865463515, 0.0000000000000000000, -0.7071067811865487940 ) ) ;
#851 =( GEOMETRIC_REPRESENTATION_CONTEXT ( 3 ) GLOBAL_UNCERTAINTY_ASSIGNED_CONTEXT ( ( #1476 ) ) GLOBAL_UNIT_ASSIGNED_CONTEXT ( ( #128, #2756, #2838 ) ) REPRESENTATION_CONTEXT ( 'NONE', 'WORKASPACE' ) );
#852 = DIRECTION ( 'NONE',  ( 1.000000000000000000, 0.0000000000000000000, 0.0000000000000000000 ) ) ;
#853 = DIRECTION ( 'NONE',  ( -0.0000000000000000000, -1.000000000000000000, -0.0000000000000000000 ) ) ;
#854 = VECTOR ( 'NONE', #1071, 1000.000000000000000 ) ;
#855 = VERTEX_POINT ( 'NONE', #156 ) ;
#856 = EDGE_CURVE ( 'NONE', #2527, #964, #2203, .T. ) ;
#857 = VERTEX_POINT ( 'NONE', #1968 ) ;
#858 = EDGE_CURVE ( 'NONE', #2298, #315, #171, .T. ) ;
#859 = ORIENTED_EDGE ( 'NONE', *, *, #1418, .T. ) ;
#860 = DIRECTION ( 'NONE',  ( -1.000000000000000000, -0.0000000000000000000, -0.0000000000000000000 ) ) ;
#861 = SURFACE_SIDE_STYLE ('',( #2916 ) ) ;
#862 = SURFACE_STYLE_USAGE ( .BOTH. , #2010 ) ;
#863 = LINE ( 'NONE', #20, #33 ) ;
#864 = PLANE ( 'NONE',  #709 ) ;
#865 = SURFACE_SIDE_STYLE ('',( #344 ) ) ;
#866 = ORIENTED_EDGE ( 'NONE', *, *, #79, .F. ) ;
#867 = PRESENTATION_STYLE_ASSIGNMENT (( #1305 ) ) ;
#868 = PRESENTATION_STYLE_ASSIGNMENT (( #1969 ) ) ;
#869 = ADVANCED_FACE ( 'NONE', ( #1491 ), #846, .F. ) ;
#870 = ORIENTED_EDGE ( 'NONE', *, *, #1142, .F. ) ;
#871 = LINE ( 'NONE', #191, #31 ) ;
#872 =( NAMED_UNIT ( * ) PLANE_ANGLE_UNIT ( ) SI_UNIT ( $, .RADIAN. ) );
#873 = ADVANCED_FACE ( 'NONE', ( #450 ), #2259, .F. ) ;
#874 = VECTOR ( 'NONE', #526, 1000.000000000000000 ) ;
#875 = VECTOR ( 'NONE', #2509, 1000.000000000000000 ) ;
#876 = CARTESIAN_POINT ( 'NONE',  ( -0.3249999999999995670, -0.02500000000000006384, -0.6750000000000001554 ) ) ;
#877 = LINE ( 'NONE', #1776, #1551 ) ;
#878 = SURFACE_STYLE_USAGE ( .BOTH. , #195 ) ;
#879 = VERTEX_POINT ( 'NONE', #481 ) ;
#880 = PRESENTATION_LAYER_ASSIGNMENT (  '', '', ( #406 ) ) ;
#881 = CARTESIAN_POINT ( 'NONE',  ( 0.8000000000000001554, 0.5250000000000000222, 0.5000000000000000000 ) ) ;
#882 = UNCERTAINTY_MEASURE_WITH_UNIT (LENGTH_MEASURE( 1.000000000000000082E-05 ), #2196, 'distance_accuracy_value', 'NONE');
#883 =( GEOMETRIC_REPRESENTATION_CONTEXT ( 3 ) GLOBAL_UNCERTAINTY_ASSIGNED_CONTEXT ( ( #2596 ) ) GLOBAL_UNIT_ASSIGNED_CONTEXT ( ( #1389, #2031, #918 ) ) REPRESENTATION_CONTEXT ( 'NONE', 'WORKASPACE' ) );
#884 = VERTEX_POINT ( 'NONE', #664 ) ;
#885 = COLOUR_RGB ( '',1.000000000000000000, 1.000000000000000000, 1.000000000000000000 ) ;
#886 =( LENGTH_UNIT ( ) NAMED_UNIT ( * ) SI_UNIT ( .MILLI., .METRE. ) );
#887 =( NAMED_UNIT ( * ) PLANE_ANGLE_UNIT ( ) SI_UNIT ( $, .RADIAN. ) );
#888 = MECHANICAL_DESIGN_GEOMETRIC_PRESENTATION_REPRESENTATION (  '', ( #507 ), #2590 ) ;
#889 = ORIENTED_EDGE ( 'NONE', *, *, #1907, .T. ) ;
#890 = FILL_AREA_STYLE_COLOUR ( '', #2023 ) ;
#891 = FILL_AREA_STYLE ('',( #2233 ) ) ;
#892 =( GEOMETRIC_REPRESENTATION_CONTEXT ( 3 ) GLOBAL_UNCERTAINTY_ASSIGNED_CONTEXT ( ( #1439 ) ) GLOBAL_UNIT_ASSIGNED_CONTEXT ( ( #95, #1905, #2777 ) ) REPRESENTATION_CONTEXT ( 'NONE', 'WORKASPACE' ) );
#893 = EDGE_CURVE ( 'NONE', #1556, #1473, #1567, .T. ) ;
#894 =( LENGTH_UNIT ( ) NAMED_UNIT ( * ) SI_UNIT ( .MILLI., .METRE. ) );
#895 = DIRECTION ( 'NONE',  ( -0.0000000000000000000, -0.0000000000000000000, -1.000000000000000000 ) ) ;
#896 = DIRECTION ( 'NONE',  ( 0.0000000000000000000, 0.0000000000000000000, -1.000000000000000000 ) ) ;
#897 = VECTOR ( 'NONE', #1574, 1000.000000000000000 ) ;
#898 = EDGE_CURVE ( 'NONE', #2383, #1953, #1799, .T. ) ;
#899 = SURFACE_STYLE_USAGE ( .BOTH. , #672 ) ;
#900 = AXIS2_PLACEMENT_3D ( 'NONE', #2267, #937, #2048 ) ;
#901 = ORIENTED_EDGE ( 'NONE', *, *, #1002, .T. ) ;
#902 = DIRECTION ( 'NONE',  ( -0.0000000000000000000, 1.000000000000000000, -0.0000000000000000000 ) ) ;
#903 = CARTESIAN_POINT ( 'NONE',  ( -0.1499999999999999667, 0.0000000000000000000, 0.8000000000000001554 ) ) ;
#904 = VECTOR ( 'NONE', #1103, 1000.000000000000000 ) ;
#905 = ORIENTED_EDGE ( 'NONE', *, *, #856, .F. ) ;
#906 = DIRECTION ( 'NONE',  ( -0.0000000000000000000, 1.000000000000000000, 0.0000000000000000000 ) ) ;
#907 = PRODUCT ( 'User Library-742C043', 'User Library-742C043', '', ( #2489 ) ) ;
#908 = CARTESIAN_POINT ( 'NONE',  ( 0.1500000000000000777, 0.0000000000000000000, 0.5000000000000002220 ) ) ;
#909 = SURFACE_SIDE_STYLE ('',( #1625 ) ) ;
#910 = CARTESIAN_POINT ( 'NONE',  ( 0.4750000000000003664, 0.5200000000000000178, -0.6750000000000001554 ) ) ;
#911 = EDGE_CURVE ( 'NONE', #1473, #106, #2731, .T. ) ;
#912 =( LENGTH_UNIT ( ) NAMED_UNIT ( * ) SI_UNIT ( .MILLI., .METRE. ) );
#913 = FACE_OUTER_BOUND ( 'NONE', #1197, .T. ) ;
#914 = PLANE ( 'NONE',  #302 ) ;
#915 = EDGE_CURVE ( 'NONE', #2746, #76, #2465, .T. ) ;
#916 = ORIENTED_EDGE ( 'NONE', *, *, #495, .F. ) ;
#917 = ORIENTED_EDGE ( 'NONE', *, *, #2281, .F. ) ;
#918 =( NAMED_UNIT ( * ) SI_UNIT ( $, .STERADIAN. ) SOLID_ANGLE_UNIT ( ) );
#919 = VECTOR ( 'NONE', #1432, 1000.000000000000000 ) ;
#920 = FILL_AREA_STYLE_COLOUR ( '', #1607 ) ;
#921 = VECTOR ( 'NONE', #69, 1000.000000000000000 ) ;
#922 = LINE ( 'NONE', #1613, #1359 ) ;
#923 =( GEOMETRIC_REPRESENTATION_CONTEXT ( 3 ) GLOBAL_UNCERTAINTY_ASSIGNED_CONTEXT ( ( #1892 ) ) GLOBAL_UNIT_ASSIGNED_CONTEXT ( ( #142, #1302, #1256 ) ) REPRESENTATION_CONTEXT ( 'NONE', 'WORKASPACE' ) );
#924 = CARTESIAN_POINT ( 'NONE',  ( -0.7999999999999999334, 0.5000000000000000000, 0.7999999999999999334 ) ) ;
#925 = LINE ( 'NONE', #36, #875 ) ;
#926 = VECTOR ( 'NONE', #1481, 1000.000000000000114 ) ;
#927 = EDGE_CURVE ( 'NONE', #2864, #798, #1150, .T. ) ;
#928 = ORIENTED_EDGE ( 'NONE', *, *, #1597, .T. ) ;
#929 = LINE ( 'NONE', #1386, #2490 ) ;
#930 = FACE_OUTER_BOUND ( 'NONE', #687, .T. ) ;
#931 = ORIENTED_EDGE ( 'NONE', *, *, #927, .T. ) ;
#932 = FILL_AREA_STYLE ('',( #1847 ) ) ;
#933 = MECHANICAL_DESIGN_GEOMETRIC_PRESENTATION_REPRESENTATION (  '', ( #269 ), #2256 ) ;
#934 = PRESENTATION_STYLE_ASSIGNMENT (( #485 ) ) ;
#935 = DIRECTION ( 'NONE',  ( 0.0000000000000000000, -0.0000000000000000000, 1.000000000000000000 ) ) ;
#936 = SURFACE_STYLE_FILL_AREA ( #34 ) ;
#937 = DIRECTION ( 'NONE',  ( 0.0000000000000000000, 0.0000000000000000000, -1.000000000000000000 ) ) ;
#938 = SURFACE_STYLE_USAGE ( .BOTH. , #227 ) ;
#939 = AXIS2_PLACEMENT_3D ( 'NONE', #2726, #896, #2237 ) ;
#940 = ORIENTED_EDGE ( 'NONE', *, *, #1565, .T. ) ;
#941 = DIRECTION ( 'NONE',  ( 0.0000000000000000000, 0.0000000000000000000, -1.000000000000000000 ) ) ;
#942 = FILL_AREA_STYLE_COLOUR ( '', #2199 ) ;
#943 = UNCERTAINTY_MEASURE_WITH_UNIT (LENGTH_MEASURE( 1.000000000000000082E-05 ), #94, 'distance_accuracy_value', 'NONE');
#944 = EDGE_CURVE ( 'NONE', #1477, #879, #929, .T. ) ;
#945 = STYLED_ITEM ( 'NONE', ( #389 ), #2685 ) ;
#946 = VERTEX_POINT ( 'NONE', #2283 ) ;
#947 = LINE ( 'NONE', #233, #2865 ) ;
#948 = PRESENTATION_LAYER_ASSIGNMENT (  '', '', ( #999 ) ) ;
#949 = SURFACE_STYLE_USAGE ( .BOTH. , #2303 ) ;
#950 = EDGE_CURVE ( 'NONE', #1291, #855, #256, .T. ) ;
#951 =( NAMED_UNIT ( * ) SI_UNIT ( $, .STERADIAN. ) SOLID_ANGLE_UNIT ( ) );
#952 = PLANE ( 'NONE',  #954 ) ;
#953 = CARTESIAN_POINT ( 'NONE',  ( -0.5999999999999999778, -0.02500000000000006384, -0.8000000000000001554 ) ) ;
#954 = AXIS2_PLACEMENT_3D ( 'NONE', #2695, #2754, #1612 ) ;
#955 = DIRECTION ( 'NONE',  ( -0.0000000000000000000, -1.000000000000000000, -0.0000000000000000000 ) ) ;
#956 = FILL_AREA_STYLE ('',( #267 ) ) ;
#957 = PLANE ( 'NONE',  #1279 ) ;
#958 = ORIENTED_EDGE ( 'NONE', *, *, #1186, .F. ) ;
#959 = PRESENTATION_STYLE_ASSIGNMENT (( #318 ) ) ;
#960 = CARTESIAN_POINT ( 'NONE',  ( -0.3249999999999995670, -0.02500000000000006384, 0.6750000000000001554 ) ) ;
#961 = ORIENTED_EDGE ( 'NONE', *, *, #182, .T. ) ;
#962 = CARTESIAN_POINT ( 'NONE',  ( -0.7999999999999999334, 0.5000000000000000000, 0.7999999999999999334 ) ) ;
#963 =( NAMED_UNIT ( * ) SI_UNIT ( $, .STERADIAN. ) SOLID_ANGLE_UNIT ( ) );
#964 = VERTEX_POINT ( 'NONE', #2674 ) ;
#965 = EDGE_CURVE ( 'NONE', #841, #2527, #1553, .T. ) ;
#966 =( NAMED_UNIT ( * ) SI_UNIT ( $, .STERADIAN. ) SOLID_ANGLE_UNIT ( ) );
#967 = CARTESIAN_POINT ( 'NONE',  ( 0.1499999999999999667, -0.02500000000000006384, -0.8000000000000001554 ) ) ;
#968 = CARTESIAN_POINT ( 'NONE',  ( 0.1500000000000000777, 0.0000000000000000000, -0.5000000000000002220 ) ) ;
#969 = VECTOR ( 'NONE', #319, 1000.000000000000000 ) ;
#970 = CARTESIAN_POINT ( 'NONE',  ( 0.1500000000000000777, 0.5000000000000000000, -0.5000000000000002220 ) ) ;
#971 = CARTESIAN_POINT ( 'NONE',  ( 0.6500000000000001332, 0.0000000000000000000, 0.5000000000000002220 ) ) ;
#972 = COLOUR_RGB ( '',1.000000000000000000, 1.000000000000000000, 1.000000000000000000 ) ;
#973 = ORIENTED_EDGE ( 'NONE', *, *, #2912, .F. ) ;
#974 = FACE_OUTER_BOUND ( 'NONE', #1860, .T. ) ;
#975 = APPLICATION_CONTEXT ( 'automotive_design' ) ;
#976 = CARTESIAN_POINT ( 'NONE',  ( -0.1499999999999999667, 0.5200000000000000178, 0.8000000000000001554 ) ) ;
#977 = UNCERTAINTY_MEASURE_WITH_UNIT (LENGTH_MEASURE( 1.000000000000000082E-05 ), #580, 'distance_accuracy_value', 'NONE');
#978 = STYLED_ITEM ( 'NONE', ( #1979 ), #253 ) ;
#979 = ORIENTED_EDGE ( 'NONE', *, *, #1160, .T. ) ;
#980 = FILL_AREA_STYLE ('',( #2781 ) ) ;
#981 = DIRECTION ( 'NONE',  ( 1.000000000000000000, 0.0000000000000000000, 0.0000000000000000000 ) ) ;
#982 = ORIENTED_EDGE ( 'NONE', *, *, #2006, .F. ) ;
#983 = SURFACE_STYLE_USAGE ( .BOTH. , #2321 ) ;
#984 = DIRECTION ( 'NONE',  ( 0.7071067811865469066, 0.0000000000000000000, -0.7071067811865481278 ) ) ;
#985 = EDGE_CURVE ( 'NONE', #1187, #1291, #200, .T. ) ;
#986 = LINE ( 'NONE', #2061, #783 ) ;
#987 = FILL_AREA_STYLE ('',( #296 ) ) ;
#988 = MECHANICAL_DESIGN_GEOMETRIC_PRESENTATION_REPRESENTATION (  '', ( #37 ), #1457 ) ;
#989 = ADVANCED_FACE ( 'NONE', ( #974 ), #1208, .F. ) ;
#990 = ORIENTED_EDGE ( 'NONE', *, *, #2019, .T. ) ;
#991 = DIRECTION ( 'NONE',  ( -0.0000000000000000000, -1.000000000000000000, -0.0000000000000000000 ) ) ;
#992 = CARTESIAN_POINT ( 'NONE',  ( -0.6500000000000000222, 0.5200000000000000178, -0.5000000000000002220 ) ) ;
#993 = COLOUR_RGB ( '',0.7529411764705882248, 0.7529411764705882248, 0.7529411764705882248 ) ;
#994 = ORIENTED_EDGE ( 'NONE', *, *, #728, .T. ) ;
#995 = LINE ( 'NONE', #1069, #1777 ) ;
#996 = STYLED_ITEM ( 'NONE', ( #560 ), #2592 ) ;
#997 = ORIENTED_EDGE ( 'NONE', *, *, #1527, .T. ) ;
#998 = UNCERTAINTY_MEASURE_WITH_UNIT (LENGTH_MEASURE( 1.000000000000000082E-05 ), #1131, 'distance_accuracy_value', 'NONE');
#999 = STYLED_ITEM ( 'NONE', ( #1298 ), #2880 ) ;
#1000 = EDGE_LOOP ( 'NONE', ( #2549, #1426, #2272, #2377 ) ) ;
#1001 = LINE ( 'NONE', #1904, #568 ) ;
#1002 = EDGE_CURVE ( 'NONE', #1758, #2546, #2792, .T. ) ;
#1003 = SURFACE_SIDE_STYLE ('',( #1632 ) ) ;
#1004 = PLANE ( 'NONE',  #2901 ) ;
#1005 = VERTEX_POINT ( 'NONE', #299 ) ;
#1006 =( NAMED_UNIT ( * ) SI_UNIT ( $, .STERADIAN. ) SOLID_ANGLE_UNIT ( ) );
#1007 = ORIENTED_EDGE ( 'NONE', *, *, #1129, .F. ) ;
#1008 =( NAMED_UNIT ( * ) PLANE_ANGLE_UNIT ( ) SI_UNIT ( $, .RADIAN. ) );
#1009 = DIRECTION ( 'NONE',  ( -1.000000000000000000, 0.0000000000000000000, 0.0000000000000000000 ) ) ;
#1010 = DIRECTION ( 'NONE',  ( -1.000000000000000000, 0.0000000000000000000, 0.0000000000000000000 ) ) ;
#1011 = SURFACE_SIDE_STYLE ('',( #1470 ) ) ;
#1012 = CARTESIAN_POINT ( 'NONE',  ( 0.1499999999999999667, -0.02500000000000006384, -0.8000000000000001554 ) ) ;
#1013 = VECTOR ( 'NONE', #1449, 1000.000000000000114 ) ;
#1014 = DIRECTION ( 'NONE',  ( 0.7071067811865469066, 0.0000000000000000000, 0.7071067811865482389 ) ) ;
#1015 = DIRECTION ( 'NONE',  ( 1.000000000000000000, 0.0000000000000000000, 0.0000000000000000000 ) ) ;
#1016 = LINE ( 'NONE', #2326, #541 ) ;
#1017 = ADVANCED_FACE ( 'NONE', ( #334 ), #510, .F. ) ;
#1018 = MECHANICAL_DESIGN_GEOMETRIC_PRESENTATION_REPRESENTATION (  '', ( #24 ), #2670 ) ;
#1019 = ORIENTED_EDGE ( 'NONE', *, *, #419, .T. ) ;
#1020 =( LENGTH_UNIT ( ) NAMED_UNIT ( * ) SI_UNIT ( .MILLI., .METRE. ) );
#1021 = CARTESIAN_POINT ( 'NONE',  ( 0.8000000000000001554, 0.5000000000000000000, 0.5000000000000000000 ) ) ;
#1022 = ADVANCED_FACE ( 'NONE', ( #1841 ), #2761, .F. ) ;
#1023 = EDGE_LOOP ( 'NONE', ( #2018, #2800, #1479, #849 ) ) ;
#1024 = CARTESIAN_POINT ( 'NONE',  ( 0.1500000000000000777, 0.0000000000000000000, 0.5000000000000002220 ) ) ;
#1025 = FILL_AREA_STYLE ('',( #785 ) ) ;
#1026 = COLOUR_RGB ( '',0.7686274509803920907, 0.7686274509803920907, 0.7686274509803920907 ) ;
#1027 =( NAMED_UNIT ( * ) SI_UNIT ( $, .STERADIAN. ) SOLID_ANGLE_UNIT ( ) );
#1028 = CARTESIAN_POINT ( 'NONE',  ( 0.1499999999999999667, 0.5200000000000000178, 0.5000000000000002220 ) ) ;
#1029 = ORIENTED_EDGE ( 'NONE', *, *, #1451, .T. ) ;
#1030 = DIRECTION ( 'NONE',  ( 1.000000000000000000, 0.0000000000000000000, 0.0000000000000000000 ) ) ;
#1031 = PRESENTATION_LAYER_ASSIGNMENT (  '', '', ( #361 ) ) ;
#1032 = DIRECTION ( 'NONE',  ( -0.0000000000000000000, -0.0000000000000000000, -1.000000000000000000 ) ) ;
#1033 = SURFACE_STYLE_USAGE ( .BOTH. , #1937 ) ;
#1034 = VERTEX_POINT ( 'NONE', #1104 ) ;
#1035 = DIRECTION ( 'NONE',  ( -0.0000000000000000000, -0.0000000000000000000, -1.000000000000000000 ) ) ;
#1036 = FILL_AREA_STYLE_COLOUR ( '', #2878 ) ;
#1037 = VECTOR ( 'NONE', #2408, 1000.000000000000000 ) ;
#1038 = ORIENTED_EDGE ( 'NONE', *, *, #1659, .F. ) ;
#1039 = AXIS2_PLACEMENT_3D ( 'NONE', #157, #2177, #1955 ) ;
#1040 = SURFACE_SIDE_STYLE ('',( #582 ) ) ;
#1041 = EDGE_CURVE ( 'NONE', #332, #438, #1708, .T. ) ;
#1042 = COLOUR_RGB ( '',0.2980392156862745057, 0.2980392156862745057, 0.2980392156862745057 ) ;
#1043 = CARTESIAN_POINT ( 'NONE',  ( -0.1499999999999999667, 0.0000000000000000000, -0.5000000000000002220 ) ) ;
#1044 = DIRECTION ( 'NONE',  ( -1.000000000000000000, -0.0000000000000000000, -0.0000000000000000000 ) ) ;
#1045 = CARTESIAN_POINT ( 'NONE',  ( 0.6500000000000000222, 0.5200000000000000178, -0.8000000000000001554 ) ) ;
#1046 = COLOUR_RGB ( '',1.000000000000000000, 1.000000000000000000, 1.000000000000000000 ) ;
#1047 =( GEOMETRIC_REPRESENTATION_CONTEXT ( 3 ) GLOBAL_UNCERTAINTY_ASSIGNED_CONTEXT ( ( #228 ) ) GLOBAL_UNIT_ASSIGNED_CONTEXT ( ( #1377, #1174, #714 ) ) REPRESENTATION_CONTEXT ( 'NONE', 'WORKASPACE' ) );
#1048 = ORIENTED_EDGE ( 'NONE', *, *, #1565, .F. ) ;
#1049 =( LENGTH_UNIT ( ) NAMED_UNIT ( * ) SI_UNIT ( .MILLI., .METRE. ) );
#1050 = LINE ( 'NONE', #2917, #1085 ) ;
#1051 = EDGE_LOOP ( 'NONE', ( #1216, #830, #1865, #1105 ) ) ;
#1052 = DIRECTION ( 'NONE',  ( -0.0000000000000000000, -1.000000000000000000, -0.0000000000000000000 ) ) ;
#1053 = PRESENTATION_STYLE_ASSIGNMENT (( #392 ) ) ;
#1054 = ORIENTED_EDGE ( 'NONE', *, *, #807, .F. ) ;
#1055 = DIRECTION ( 'NONE',  ( 1.000000000000000000, 0.0000000000000000000, -0.0000000000000000000 ) ) ;
#1056 = DIRECTION ( 'NONE',  ( 1.000000000000000000, 0.0000000000000000000, -0.0000000000000000000 ) ) ;
#1057 = UNCERTAINTY_MEASURE_WITH_UNIT (LENGTH_MEASURE( 1.000000000000000082E-05 ), #1020, 'distance_accuracy_value', 'NONE');
#1058 = EDGE_CURVE ( 'NONE', #2749, #2703, #2150, .T. ) ;
#1059 = DIRECTION ( 'NONE',  ( 0.0000000000000000000, 0.0000000000000000000, 1.000000000000000000 ) ) ;
#1060 =( LENGTH_UNIT ( ) NAMED_UNIT ( * ) SI_UNIT ( .MILLI., .METRE. ) );
#1061 = CARTESIAN_POINT ( 'NONE',  ( 0.6500000000000000222, -0.02500000000000006384, -0.5000000000000002220 ) ) ;
#1062 = ORIENTED_EDGE ( 'NONE', *, *, #2316, .F. ) ;
#1063 = DIRECTION ( 'NONE',  ( 0.0000000000000000000, -0.0000000000000000000, -1.000000000000000000 ) ) ;
#1064 = FILL_AREA_STYLE ('',( #1489 ) ) ;
#1065 = VECTOR ( 'NONE', #2659, 1000.000000000000000 ) ;
#1066 = UNCERTAINTY_MEASURE_WITH_UNIT (LENGTH_MEASURE( 1.000000000000000082E-05 ), #2517, 'distance_accuracy_value', 'NONE');
#1067 = ORIENTED_EDGE ( 'NONE', *, *, #2648, .T. ) ;
#1068 = AXIS2_PLACEMENT_3D ( 'NONE', #1110, #796, #96 ) ;
#1069 = CARTESIAN_POINT ( 'NONE',  ( 0.1500000000000000777, 0.0000000000000000000, 0.5000000000000002220 ) ) ;
#1070 = SURFACE_STYLE_FILL_AREA ( #1330 ) ;
#1071 = DIRECTION ( 'NONE',  ( 1.000000000000000000, -0.0000000000000000000, -0.0000000000000000000 ) ) ;
#1072 = COLOUR_RGB ( '',0.7686274509803920907, 0.7686274509803920907, 0.7686274509803920907 ) ;
#1073 = ORIENTED_EDGE ( 'NONE', *, *, #509, .F. ) ;
#1074 =( NAMED_UNIT ( * ) SI_UNIT ( $, .STERADIAN. ) SOLID_ANGLE_UNIT ( ) );
#1075 = DIRECTION ( 'NONE',  ( 0.0000000000000000000, -0.0000000000000000000, 1.000000000000000000 ) ) ;
#1076 =( NAMED_UNIT ( * ) SI_UNIT ( $, .STERADIAN. ) SOLID_ANGLE_UNIT ( ) );
#1077 = CARTESIAN_POINT ( 'NONE',  ( -0.6500000000000000222, 0.5200000000000000178, 0.8000000000000001554 ) ) ;
#1078 = VECTOR ( 'NONE', #1264, 1000.000000000000000 ) ;
#1079 = EDGE_CURVE ( 'NONE', #1798, #2686, #877, .T. ) ;
#1080 = VERTEX_POINT ( 'NONE', #2683 ) ;
#1081 = SURFACE_STYLE_FILL_AREA ( #169 ) ;
#1082 = CARTESIAN_POINT ( 'NONE',  ( -0.6500000000000000222, 0.5200000000000000178, -0.8000000000000001554 ) ) ;
#1083 = EDGE_CURVE ( 'NONE', #539, #2051, #2472, .T. ) ;
#1084 = STYLED_ITEM ( 'NONE', ( #230 ), #873 ) ;
#1085 = VECTOR ( 'NONE', #434, 1000.000000000000000 ) ;
#1086 = ORIENTED_EDGE ( 'NONE', *, *, #1597, .F. ) ;
#1087 = PRESENTATION_STYLE_ASSIGNMENT (( #2866 ) ) ;
#1088 =( NAMED_UNIT ( * ) SI_UNIT ( $, .STERADIAN. ) SOLID_ANGLE_UNIT ( ) );
#1089 = PRESENTATION_LAYER_ASSIGNMENT (  '', '', ( #37 ) ) ;
#1090 = ORIENTED_EDGE ( 'NONE', *, *, #2828, .F. ) ;
#1091 = FILL_AREA_STYLE ('',( #2418 ) ) ;
#1092 = VECTOR ( 'NONE', #1949, 1000.000000000000000 ) ;
#1093 = FILL_AREA_STYLE ('',( #1959 ) ) ;
#1094 = DIRECTION ( 'NONE',  ( -0.0000000000000000000, -1.000000000000000000, -0.0000000000000000000 ) ) ;
#1095 = PLANE ( 'NONE',  #2532 ) ;
#1096 = STYLED_ITEM ( 'NONE', ( #2813 ), #2771 ) ;
#1097 = EDGE_CURVE ( 'NONE', #1034, #665, #656, .T. ) ;
#1098 = CARTESIAN_POINT ( 'NONE',  ( 0.6500000000000000222, 0.5200000000000000178, -0.5000000000000002220 ) ) ;
#1099 = CARTESIAN_POINT ( 'NONE',  ( -0.3249999999999995670, 0.5200000000000000178, 0.6750000000000001554 ) ) ;
#1100 = VERTEX_POINT ( 'NONE', #2619 ) ;
#1101 = DIRECTION ( 'NONE',  ( -0.0000000000000000000, -1.000000000000000000, -0.0000000000000000000 ) ) ;
#1102 =( NAMED_UNIT ( * ) PLANE_ANGLE_UNIT ( ) SI_UNIT ( $, .RADIAN. ) );
#1103 = DIRECTION ( 'NONE',  ( -0.0000000000000000000, -1.000000000000000000, -0.0000000000000000000 ) ) ;
#1104 = CARTESIAN_POINT ( 'NONE',  ( -0.3249999999999995670, 0.5200000000000000178, -0.6750000000000001554 ) ) ;
#1105 = ORIENTED_EDGE ( 'NONE', *, *, #331, .T. ) ;
#1106 =( NAMED_UNIT ( * ) PLANE_ANGLE_UNIT ( ) SI_UNIT ( $, .RADIAN. ) );
#1107 = VERTEX_POINT ( 'NONE', #2458 ) ;
#1108 = CARTESIAN_POINT ( 'NONE',  ( 0.1499999999999999667, 0.5200000000000000178, -0.5000000000000002220 ) ) ;
#1109 = VECTOR ( 'NONE', #1198, 1000.000000000000000 ) ;
#1110 = CARTESIAN_POINT ( 'NONE',  ( -0.5999999999999999778, 0.5200000000000000178, -0.8000000000000001554 ) ) ;
#1111 = EDGE_CURVE ( 'NONE', #106, #1798, #1050, .T. ) ;
#1112 = ORIENTED_EDGE ( 'NONE', *, *, #1852, .T. ) ;
#1113 = CARTESIAN_POINT ( 'NONE',  ( -0.5999999999999999778, 0.5200000000000000178, -0.8000000000000001554 ) ) ;
#1114 = FILL_AREA_STYLE ('',( #2437 ) ) ;
#1115 = ADVANCED_FACE ( 'NONE', ( #1272 ), #358, .F. ) ;
#1116 = UNCERTAINTY_MEASURE_WITH_UNIT (LENGTH_MEASURE( 1.000000000000000082E-05 ), #2273, 'distance_accuracy_value', 'NONE');
#1117 = SURFACE_STYLE_FILL_AREA ( #2235 ) ;
#1118 = COLOUR_RGB ( '',0.2980392156862745057, 0.2980392156862745057, 0.2980392156862745057 ) ;
#1119 = EDGE_LOOP ( 'NONE', ( #391, #825, #2400, #2869, #602, #575, #1650, #1921 ) ) ;
#1120 = MECHANICAL_DESIGN_GEOMETRIC_PRESENTATION_REPRESENTATION (  '', ( #2910 ), #172 ) ;
#1121 = VERTEX_POINT ( 'NONE', #2696 ) ;
#1122 = VECTOR ( 'NONE', #902, 1000.000000000000000 ) ;
#1123 = DIRECTION ( 'NONE',  ( 1.000000000000000000, 0.0000000000000000000, 0.0000000000000000000 ) ) ;
#1124 = DIRECTION ( 'NONE',  ( 1.000000000000000000, 0.0000000000000000000, 0.0000000000000000000 ) ) ;
#1125 = ORIENTED_EDGE ( 'NONE', *, *, #1243, .F. ) ;
#1126 = CARTESIAN_POINT ( 'NONE',  ( -0.7999999999999997113, 0.5000000000000000000, 0.5000000000000000000 ) ) ;
#1127 = CARTESIAN_POINT ( 'NONE',  ( 0.1499999999999999667, 0.5200000000000000178, 0.8000000000000001554 ) ) ;
#1128 = MECHANICAL_DESIGN_GEOMETRIC_PRESENTATION_REPRESENTATION (  '', ( #2215 ), #2624 ) ;
#1129 = EDGE_CURVE ( 'NONE', #1149, #2610, #668, .T. ) ;
#1130 = FACE_OUTER_BOUND ( 'NONE', #1579, .T. ) ;
#1131 =( LENGTH_UNIT ( ) NAMED_UNIT ( * ) SI_UNIT ( .MILLI., .METRE. ) );
#1132 =( NAMED_UNIT ( * ) PLANE_ANGLE_UNIT ( ) SI_UNIT ( $, .RADIAN. ) );
#1133 = MECHANICAL_DESIGN_GEOMETRIC_PRESENTATION_REPRESENTATION (  '', ( #2305 ), #2355 ) ;
#1134 = DIRECTION ( 'NONE',  ( 0.0000000000000000000, 0.0000000000000000000, -1.000000000000000000 ) ) ;
#1135 = STYLED_ITEM ( 'NONE', ( #685 ), #2738 ) ;
#1136 = ORIENTED_EDGE ( 'NONE', *, *, #1097, .F. ) ;
#1137 = CARTESIAN_POINT ( 'NONE',  ( 0.3249999999999997891, 0.5200000000000000178, -0.6750000000000001554 ) ) ;
#1138 = PRESENTATION_LAYER_ASSIGNMENT (  '', '', ( #2363 ) ) ;
#1139 = ORIENTED_EDGE ( 'NONE', *, *, #803, .T. ) ;
#1140 =( NAMED_UNIT ( * ) SI_UNIT ( $, .STERADIAN. ) SOLID_ANGLE_UNIT ( ) );
#1141 = LINE ( 'NONE', #1609, #726 ) ;
#1142 = EDGE_CURVE ( 'NONE', #2161, #245, #1349, .T. ) ;
#1143 =( LENGTH_UNIT ( ) NAMED_UNIT ( * ) SI_UNIT ( .MILLI., .METRE. ) );
#1144 = APPLICATION_PROTOCOL_DEFINITION ( 'draft international standard', 'automotive_design', 1998, #975 ) ;
#1145 = EDGE_CURVE ( 'NONE', #524, #1696, #1475, .T. ) ;
#1146 = ORIENTED_EDGE ( 'NONE', *, *, #290, .F. ) ;
#1147 = SURFACE_SIDE_STYLE ('',( #21 ) ) ;
#1148 = SURFACE_SIDE_STYLE ('',( #2269 ) ) ;
#1149 = VERTEX_POINT ( 'NONE', #2034 ) ;
#1150 = LINE ( 'NONE', #26, #844 ) ;
#1151 = LINE ( 'NONE', #903, #397 ) ;
#1152 = ORIENTED_EDGE ( 'NONE', *, *, #2195, .F. ) ;
#1153 = LINE ( 'NONE', #1127, #2284 ) ;
#1154 = STYLED_ITEM ( 'NONE', ( #868 ), #1703 ) ;
#1155 = LINE ( 'NONE', #500, #1874 ) ;
#1156 = DIRECTION ( 'NONE',  ( 0.0000000000000000000, 0.0000000000000000000, 1.000000000000000000 ) ) ;
#1157 = MECHANICAL_DESIGN_GEOMETRIC_PRESENTATION_REPRESENTATION (  '', ( #1810 ), #1721 ) ;
#1158 = PRESENTATION_STYLE_ASSIGNMENT (( #488 ) ) ;
#1159 = FILL_AREA_STYLE_COLOUR ( '', #1872 ) ;
#1160 = EDGE_CURVE ( 'NONE', #723, #1477, #1408, .T. ) ;
#1161 = VECTOR ( 'NONE', #2727, 1000.000000000000000 ) ;
#1162 = PRESENTATION_STYLE_ASSIGNMENT (( #480 ) ) ;
#1163 = STYLED_ITEM ( 'NONE', ( #2915 ), #360 ) ;
#1164 = VERTEX_POINT ( 'NONE', #1378 ) ;
#1165 = EDGE_CURVE ( 'NONE', #1164, #539, #922, .T. ) ;
#1166 =( NAMED_UNIT ( * ) SI_UNIT ( $, .STERADIAN. ) SOLID_ANGLE_UNIT ( ) );
#1167 =( GEOMETRIC_REPRESENTATION_CONTEXT ( 3 ) GLOBAL_UNCERTAINTY_ASSIGNED_CONTEXT ( ( #1497 ) ) GLOBAL_UNIT_ASSIGNED_CONTEXT ( ( #2264, #236, #177 ) ) REPRESENTATION_CONTEXT ( 'NONE', 'WORKASPACE' ) );
#1168 = STYLED_ITEM ( 'NONE', ( #2750 ), #638 ) ;
#1169 = ORIENTED_EDGE ( 'NONE', *, *, #807, .T. ) ;
#1170 = CLOSED_SHELL ( 'NONE', ( #623, #1703, #2880, #360, #453, #2476, #398, #2138, #1412, #552 ) ) ;
#1171 = FILL_AREA_STYLE ('',( #483 ) ) ;
#1172 = CARTESIAN_POINT ( 'NONE',  ( -0.1499999999999999667, 0.0000000000000000000, 0.5000000000000002220 ) ) ;
#1173 = VECTOR ( 'NONE', #2073, 1000.000000000000000 ) ;
#1174 =( NAMED_UNIT ( * ) PLANE_ANGLE_UNIT ( ) SI_UNIT ( $, .RADIAN. ) );
#1175 = DIRECTION ( 'NONE',  ( 0.0000000000000000000, 0.0000000000000000000, 1.000000000000000000 ) ) ;
#1176 = DIRECTION ( 'NONE',  ( 1.000000000000000000, 0.0000000000000000000, 0.0000000000000000000 ) ) ;
#1177 = VECTOR ( 'NONE', #325, 1000.000000000000114 ) ;
#1178 = DIRECTION ( 'NONE',  ( -0.0000000000000000000, -1.000000000000000000, -0.0000000000000000000 ) ) ;
#1179 = CARTESIAN_POINT ( 'NONE',  ( 0.6500000000000000222, 0.5200000000000000178, 0.8000000000000001554 ) ) ;
#1180 = MECHANICAL_DESIGN_GEOMETRIC_PRESENTATION_REPRESENTATION (  '', ( #273 ), #134 ) ;
#1181 = ORIENTED_EDGE ( 'NONE', *, *, #1962, .T. ) ;
#1182 =( GEOMETRIC_REPRESENTATION_CONTEXT ( 3 ) GLOBAL_UNCERTAINTY_ASSIGNED_CONTEXT ( ( #1710 ) ) GLOBAL_UNIT_ASSIGNED_CONTEXT ( ( #1246, #1699, #594 ) ) REPRESENTATION_CONTEXT ( 'NONE', 'WORKASPACE' ) );
#1183 = CARTESIAN_POINT ( 'NONE',  ( 0.4750000000000003664, 0.5200000000000000178, -0.6750000000000001554 ) ) ;
#1184 = DIRECTION ( 'NONE',  ( 0.7071067811865487940, -0.0000000000000000000, 0.7071067811865463515 ) ) ;
#1185 = AXIS2_PLACEMENT_3D ( 'NONE', #446, #2214, #2892 ) ;
#1186 = EDGE_CURVE ( 'NONE', #2677, #2703, #715, .T. ) ;
#1187 = VERTEX_POINT ( 'NONE', #1817 ) ;
#1188 = LINE ( 'NONE', #1922, #408 ) ;
#1189 = VERTEX_POINT ( 'NONE', #2724 ) ;
#1190 = LINE ( 'NONE', #713, #1402 ) ;
#1191 = SURFACE_STYLE_FILL_AREA ( #697 ) ;
#1192 = CARTESIAN_POINT ( 'NONE',  ( 0.6500000000000000222, -0.02500000000000006384, -0.8000000000000001554 ) ) ;
#1193 = DIRECTION ( 'NONE',  ( -0.0000000000000000000, 1.000000000000000000, -0.0000000000000000000 ) ) ;
#1194 = FILL_AREA_STYLE ('',( #1395 ) ) ;
#1195 = DIRECTION ( 'NONE',  ( -1.000000000000000000, 0.0000000000000000000, 0.0000000000000000000 ) ) ;
#1196 = ORIENTED_EDGE ( 'NONE', *, *, #2648, .F. ) ;
#1197 = EDGE_LOOP ( 'NONE', ( #961, #217, #378, #2854 ) ) ;
#1198 = DIRECTION ( 'NONE',  ( -1.000000000000000000, -0.0000000000000000000, -0.0000000000000000000 ) ) ;
#1199 = EDGE_LOOP ( 'NONE', ( #1303, #388, #1973, #1495 ) ) ;
#1200 = DIRECTION ( 'NONE',  ( 1.000000000000000000, 0.0000000000000000000, -0.0000000000000000000 ) ) ;
#1201 = ADVANCED_FACE ( 'NONE', ( #2085 ), #487, .F. ) ;
#1202 = COLOUR_RGB ( '',0.7529411764705882248, 0.7529411764705882248, 0.7529411764705882248 ) ;
#1203 = CARTESIAN_POINT ( 'NONE',  ( 0.3249999999999997891, 0.5200000000000000178, 0.6750000000000001554 ) ) ;
#1204 =( NAMED_UNIT ( * ) PLANE_ANGLE_UNIT ( ) SI_UNIT ( $, .RADIAN. ) );
#1205 = DIRECTION ( 'NONE',  ( 0.0000000000000000000, -0.0000000000000000000, 1.000000000000000000 ) ) ;
#1206 = STYLED_ITEM ( 'NONE', ( #2384 ), #2065 ) ;
#1207 = ORIENTED_EDGE ( 'NONE', *, *, #2351, .T. ) ;
#1208 = PLANE ( 'NONE',  #2543 ) ;
#1209 = FACE_OUTER_BOUND ( 'NONE', #1419, .T. ) ;
#1210 = AXIS2_PLACEMENT_3D ( 'NONE', #1409, #1425, #521 ) ;
#1211 = ORIENTED_EDGE ( 'NONE', *, *, #2461, .T. ) ;
#1212 = STYLED_ITEM ( 'NONE', ( #2769 ), #552 ) ;
#1213 = CARTESIAN_POINT ( 'NONE',  ( 0.6500000000000001332, 0.0000000000000000000, 0.5000000000000002220 ) ) ;
#1214 = CARTESIAN_POINT ( 'NONE',  ( -0.1499999999999999667, 0.5200000000000000178, 0.5000000000000002220 ) ) ;
#1215 = VECTOR ( 'NONE', #276, 1000.000000000000000 ) ;
#1216 = ORIENTED_EDGE ( 'NONE', *, *, #671, .F. ) ;
#1217 =( NAMED_UNIT ( * ) SI_UNIT ( $, .STERADIAN. ) SOLID_ANGLE_UNIT ( ) );
#1218 =( NAMED_UNIT ( * ) SI_UNIT ( $, .STERADIAN. ) SOLID_ANGLE_UNIT ( ) );
#1219 = VECTOR ( 'NONE', #941, 1000.000000000000000 ) ;
#1220 = EDGE_CURVE ( 'NONE', #411, #1655, #1832, .T. ) ;
#1221 = COLOUR_RGB ( '',0.7686274509803920907, 0.7686274509803920907, 0.7686274509803920907 ) ;
#1222 = DIRECTION ( 'NONE',  ( -0.0000000000000000000, 1.000000000000000000, -0.0000000000000000000 ) ) ;
#1223 = SURFACE_SIDE_STYLE ('',( #809 ) ) ;
#1224 = DIRECTION ( 'NONE',  ( -0.0000000000000000000, 1.000000000000000000, 0.0000000000000000000 ) ) ;
#1225 = PRESENTATION_LAYER_ASSIGNMENT (  '', '', ( #2729 ) ) ;
#1226 = ORIENTED_EDGE ( 'NONE', *, *, #1079, .F. ) ;
#1227 = FILL_AREA_STYLE_COLOUR ( '', #2502 ) ;
#1228 = LINE ( 'NONE', #767, #921 ) ;
#1229 = ORIENTED_EDGE ( 'NONE', *, *, #2663, .F. ) ;
#1230 = DIRECTION ( 'NONE',  ( -0.7071067811865463515, -0.0000000000000000000, 0.7071067811865487940 ) ) ;
#1231 = MECHANICAL_DESIGN_GEOMETRIC_PRESENTATION_REPRESENTATION (  '', ( #1992 ), #3 ) ;
#1232 = VERTEX_POINT ( 'NONE', #743 ) ;
#1233 = VECTOR ( 'NONE', #1616, 1000.000000000000000 ) ;
#1234 =( LENGTH_UNIT ( ) NAMED_UNIT ( * ) SI_UNIT ( .MILLI., .METRE. ) );
#1235 =( LENGTH_UNIT ( ) NAMED_UNIT ( * ) SI_UNIT ( .MILLI., .METRE. ) );
#1236 = UNCERTAINTY_MEASURE_WITH_UNIT (LENGTH_MEASURE( 1.000000000000000082E-05 ), #1526, 'distance_accuracy_value', 'NONE');
#1237 = COLOUR_RGB ( '',0.7686274509803920907, 0.7686274509803920907, 0.7686274509803920907 ) ;
#1238 = SURFACE_STYLE_FILL_AREA ( #2393 ) ;
#1239 = FACE_OUTER_BOUND ( 'NONE', #2783, .T. ) ;
#1240 = EDGE_CURVE ( 'NONE', #1700, #720, #2306, .T. ) ;
#1241 = EDGE_LOOP ( 'NONE', ( #693, #1019, #815, #1950 ) ) ;
#1242 = FILL_AREA_STYLE_COLOUR ( '', #1881 ) ;
#1243 = EDGE_CURVE ( 'NONE', #2416, #559, #681, .T. ) ;
#1244 = ORIENTED_EDGE ( 'NONE', *, *, #585, .F. ) ;
#1245 = CARTESIAN_POINT ( 'NONE',  ( -0.1999999999999999833, 0.5200000000000000178, 0.8000000000000001554 ) ) ;
#1246 =( LENGTH_UNIT ( ) NAMED_UNIT ( * ) SI_UNIT ( .MILLI., .METRE. ) );
#1247 = VERTEX_POINT ( 'NONE', #1192 ) ;
#1248 =( NAMED_UNIT ( * ) SI_UNIT ( $, .STERADIAN. ) SOLID_ANGLE_UNIT ( ) );
#1249 = DIRECTION ( 'NONE',  ( -1.000000000000000000, 0.0000000000000000000, 0.0000000000000000000 ) ) ;
#1250 = FILL_AREA_STYLE_COLOUR ( '', #2247 ) ;
#1251 = COLOUR_RGB ( '',0.7686274509803920907, 0.7686274509803920907, 0.7686274509803920907 ) ;
#1252 = SURFACE_STYLE_FILL_AREA ( #1471 ) ;
#1253 = ORIENTED_EDGE ( 'NONE', *, *, #1795, .T. ) ;
#1254 = CARTESIAN_POINT ( 'NONE',  ( -0.1499999999999999667, 0.5200000000000000178, -0.8000000000000001554 ) ) ;
#1255 = VECTOR ( 'NONE', #287, 1000.000000000000000 ) ;
#1256 =( NAMED_UNIT ( * ) SI_UNIT ( $, .STERADIAN. ) SOLID_ANGLE_UNIT ( ) );
#1257 = AXIS2_PLACEMENT_3D ( 'NONE', #2582, #2570, #285 ) ;
#1258 = EDGE_CURVE ( 'NONE', #1556, #841, #237, .T. ) ;
#1259 = ORIENTED_EDGE ( 'NONE', *, *, #366, .T. ) ;
#1260 = DIRECTION ( 'NONE',  ( 1.000000000000000000, -0.0000000000000000000, -0.0000000000000000000 ) ) ;
#1261 = VECTOR ( 'NONE', #1193, 1000.000000000000000 ) ;
#1262 = PRESENTATION_STYLE_ASSIGNMENT (( #1713 ) ) ;
#1263 = ORIENTED_EDGE ( 'NONE', *, *, #475, .F. ) ;
#1264 = DIRECTION ( 'NONE',  ( -0.0000000000000000000, 1.000000000000000000, -0.0000000000000000000 ) ) ;
#1265 = CARTESIAN_POINT ( 'NONE',  ( 0.8000000000000001554, 0.5250000000000000222, 0.5000000000000000000 ) ) ;
#1266 = COLOUR_RGB ( '',0.7686274509803920907, 0.7686274509803920907, 0.7686274509803920907 ) ;
#1267 = CARTESIAN_POINT ( 'NONE',  ( 0.1999999999999999833, 0.5200000000000000178, 0.8000000000000001554 ) ) ;
#1268 = PLANE ( 'NONE',  #377 ) ;
#1269 = LINE ( 'NONE', #629, #1461 ) ;
#1270 = AXIS2_PLACEMENT_3D ( 'NONE', #2631, #2186, #194 ) ;
#1271 = ORIENTED_EDGE ( 'NONE', *, *, #764, .T. ) ;
#1272 = FACE_OUTER_BOUND ( 'NONE', #1241, .T. ) ;
#1273 = CARTESIAN_POINT ( 'NONE',  ( -0.4750000000000001443, 0.5200000000000000178, 0.6750000000000001554 ) ) ;
#1274 = UNCERTAINTY_MEASURE_WITH_UNIT (LENGTH_MEASURE( 1.000000000000000082E-05 ), #2687, 'distance_accuracy_value', 'NONE');
#1275 = ORIENTED_EDGE ( 'NONE', *, *, #782, .F. ) ;
#1276 = CARTESIAN_POINT ( 'NONE',  ( 0.1499999999999999667, 0.5200000000000000178, 0.5000000000000002220 ) ) ;
#1277 = DIRECTION ( 'NONE',  ( -0.0000000000000000000, -1.000000000000000000, -0.0000000000000000000 ) ) ;
#1278 = ADVANCED_FACE ( 'NONE', ( #1803 ), #2045, .F. ) ;
#1279 = AXIS2_PLACEMENT_3D ( 'NONE', #2525, #2078, #1855 ) ;
#1280 = ORIENTED_EDGE ( 'NONE', *, *, #2701, .T. ) ;
#1281 = CARTESIAN_POINT ( 'NONE',  ( 0.1499999999999999667, 0.5200000000000000178, -0.8000000000000001554 ) ) ;
#1282 =( NAMED_UNIT ( * ) PLANE_ANGLE_UNIT ( ) SI_UNIT ( $, .RADIAN. ) );
#1283 = PLANE ( 'NONE',  #2293 ) ;
#1284 = SURFACE_SIDE_STYLE ('',( #2874 ) ) ;
#1285 = VECTOR ( 'NONE', #1482, 1000.000000000000000 ) ;
#1286 = ORIENTED_EDGE ( 'NONE', *, *, #1325, .F. ) ;
#1287 = SURFACE_SIDE_STYLE ('',( #123 ) ) ;
#1288 = CARTESIAN_POINT ( 'NONE',  ( -0.6500000000000000222, 0.0000000000000000000, 0.8000000000000001554 ) ) ;
#1289 = VERTEX_POINT ( 'NONE', #2366 ) ;
#1290 = DIRECTION ( 'NONE',  ( 0.0000000000000000000, 0.0000000000000000000, 1.000000000000000000 ) ) ;
#1291 = VERTEX_POINT ( 'NONE', #2101 ) ;
#1292 = ADVANCED_FACE ( 'NONE', ( #2842 ), #1899, .F. ) ;
#1293 = PRESENTATION_STYLE_ASSIGNMENT (( #2206 ) ) ;
#1294 = SURFACE_STYLE_USAGE ( .BOTH. , #2678 ) ;
#1295 = UNCERTAINTY_MEASURE_WITH_UNIT (LENGTH_MEASURE( 1.000000000000000082E-05 ), #1664, 'distance_accuracy_value', 'NONE');
#1296 = EDGE_CURVE ( 'NONE', #2496, #812, #2797, .T. ) ;
#1297 = SURFACE_STYLE_USAGE ( .BOTH. , #2742 ) ;
#1298 = PRESENTATION_STYLE_ASSIGNMENT (( #640 ) ) ;
#1299 = LINE ( 'NONE', #120, #1938 ) ;
#1300 = ORIENTED_EDGE ( 'NONE', *, *, #2575, .F. ) ;
#1301 = LINE ( 'NONE', #645, #138 ) ;
#1302 =( NAMED_UNIT ( * ) PLANE_ANGLE_UNIT ( ) SI_UNIT ( $, .RADIAN. ) );
#1303 = ORIENTED_EDGE ( 'NONE', *, *, #1058, .T. ) ;
#1304 = MECHANICAL_DESIGN_GEOMETRIC_PRESENTATION_REPRESENTATION (  '', ( #2576 ), #637 ) ;
#1305 = SURFACE_STYLE_USAGE ( .BOTH. , #2852 ) ;
#1306 = SURFACE_SIDE_STYLE ('',( #1070 ) ) ;
#1307 = VECTOR ( 'NONE', #404, 1000.000000000000000 ) ;
#1308 = EDGE_LOOP ( 'NONE', ( #1520, #1048, #1038, #2780, #2088, #2563, #2270, #2730 ) ) ;
#1309 = VECTOR ( 'NONE', #1802, 1000.000000000000000 ) ;
#1310 = DIRECTION ( 'NONE',  ( 0.0000000000000000000, -0.0000000000000000000, -1.000000000000000000 ) ) ;
#1311 = AXIS2_PLACEMENT_3D ( 'NONE', #2058, #1376, #1624 ) ;
#1312 = EDGE_CURVE ( 'NONE', #2749, #1811, #352, .T. ) ;
#1313 = AXIS2_PLACEMENT_3D ( 'NONE', #1895, #545, #1448 ) ;
#1314 = DIRECTION ( 'NONE',  ( -0.0000000000000000000, -1.000000000000000000, -0.0000000000000000000 ) ) ;
#1315 = STYLED_ITEM ( 'NONE', ( #959 ), #1017 ) ;
#1316 = ORIENTED_EDGE ( 'NONE', *, *, #747, .F. ) ;
#1317 = DIRECTION ( 'NONE',  ( -1.000000000000000000, -0.0000000000000000000, -0.0000000000000000000 ) ) ;
#1318 = VERTEX_POINT ( 'NONE', #2142 ) ;
#1319 = PLANE ( 'NONE',  #601 ) ;
#1320 = FACE_OUTER_BOUND ( 'NONE', #2218, .T. ) ;
#1321 = CARTESIAN_POINT ( 'NONE',  ( 0.1500000000000000777, 0.0000000000000000000, 0.8000000000000001554 ) ) ;
#1322 =( NAMED_UNIT ( * ) PLANE_ANGLE_UNIT ( ) SI_UNIT ( $, .RADIAN. ) );
#1323 = ORIENTED_EDGE ( 'NONE', *, *, #105, .T. ) ;
#1324 = SURFACE_SIDE_STYLE ('',( #1081 ) ) ;
#1325 = EDGE_CURVE ( 'NONE', #2040, #2173, #133, .T. ) ;
#1326 = ORIENTED_EDGE ( 'NONE', *, *, #235, .F. ) ;
#1327 = ADVANCED_FACE ( 'NONE', ( #116 ), #1929, .F. ) ;
#1328 = CARTESIAN_POINT ( 'NONE',  ( 0.1500000000000000777, 0.0000000000000000000, -0.5000000000000002220 ) ) ;
#1329 = PRODUCT_DEFINITION_FORMATION_WITH_SPECIFIED_SOURCE ( 'ANY', '', #907, .NOT_KNOWN. ) ;
#1330 = FILL_AREA_STYLE ('',( #1756 ) ) ;
#1331 = ORIENTED_EDGE ( 'NONE', *, *, #898, .F. ) ;
#1332 = FILL_AREA_STYLE_COLOUR ( '', #32 ) ;
#1333 = SURFACE_STYLE_FILL_AREA ( #1114 ) ;
#1334 = CARTESIAN_POINT ( 'NONE',  ( -0.3249999999999995670, 0.5200000000000000178, 0.6750000000000001554 ) ) ;
#1335 = PRESENTATION_STYLE_ASSIGNMENT (( #2398 ) ) ;
#1336 = PRESENTATION_STYLE_ASSIGNMENT (( #210 ) ) ;
#1337 = SURFACE_STYLE_FILL_AREA ( #2493 ) ;
#1338 = EDGE_CURVE ( 'NONE', #812, #2746, #636, .T. ) ;
#1339 = ORIENTED_EDGE ( 'NONE', *, *, #331, .F. ) ;
#1340 =( NAMED_UNIT ( * ) SI_UNIT ( $, .STERADIAN. ) SOLID_ANGLE_UNIT ( ) );
#1341 = STYLED_ITEM ( 'NONE', ( #1582 ), #1434 ) ;
#1342 = CARTESIAN_POINT ( 'NONE',  ( -0.7999999999999997113, 0.5250000000000000222, 0.5000000000000000000 ) ) ;
#1343 = ADVANCED_FACE ( 'NONE', ( #2662 ), #2406, .F. ) ;
#1344 = COLOUR_RGB ( '',0.7686274509803920907, 0.7686274509803920907, 0.7686274509803920907 ) ;
#1345 = ORIENTED_EDGE ( 'NONE', *, *, #2518, .F. ) ;
#1346 = DIRECTION ( 'NONE',  ( 0.0000000000000000000, -0.0000000000000000000, 1.000000000000000000 ) ) ;
#1347 = FACE_OUTER_BOUND ( 'NONE', #1731, .T. ) ;
#1348 = FILL_AREA_STYLE ('',( #2471 ) ) ;
#1349 = LINE ( 'NONE', #1724, #1453 ) ;
#1350 = FILL_AREA_STYLE_COLOUR ( '', #1645 ) ;
#1351 = PRESENTATION_LAYER_ASSIGNMENT (  '', '', ( #2720 ) ) ;
#1352 = DIRECTION ( 'NONE',  ( -0.0000000000000000000, -0.0000000000000000000, 1.000000000000000000 ) ) ;
#1353 = PLANE ( 'NONE',  #662 ) ;
#1354 =( NAMED_UNIT ( * ) PLANE_ANGLE_UNIT ( ) SI_UNIT ( $, .RADIAN. ) );
#1355 = UNCERTAINTY_MEASURE_WITH_UNIT (LENGTH_MEASURE( 1.000000000000000082E-05 ), #433, 'distance_accuracy_value', 'NONE');
#1356 = ORIENTED_EDGE ( 'NONE', *, *, #2823, .F. ) ;
#1357 =( NAMED_UNIT ( * ) PLANE_ANGLE_UNIT ( ) SI_UNIT ( $, .RADIAN. ) );
#1358 = SURFACE_STYLE_FILL_AREA ( #2 ) ;
#1359 = VECTOR ( 'NONE', #1627, 1000.000000000000000 ) ;
#1360 = ORIENTED_EDGE ( 'NONE', *, *, #166, .T. ) ;
#1361 = DIRECTION ( 'NONE',  ( -0.0000000000000000000, 1.000000000000000000, -0.0000000000000000000 ) ) ;
#1362 = EDGE_CURVE ( 'NONE', #2096, #964, #2888, .T. ) ;
#1363 = CARTESIAN_POINT ( 'NONE',  ( -0.7999999999999997113, 0.5250000000000000222, -0.5000000000000000000 ) ) ;
#1364 = CARTESIAN_POINT ( 'NONE',  ( 0.0000000000000000000, -0.02500000000000006384, 0.0000000000000000000 ) ) ;
#1365 = DIRECTION ( 'NONE',  ( 0.0000000000000000000, 0.0000000000000000000, 1.000000000000000000 ) ) ;
#1366 = PRESENTATION_LAYER_ASSIGNMENT (  '', '', ( #2784 ) ) ;
#1367 = LINE ( 'NONE', #2047, #642 ) ;
#1368 = DIRECTION ( 'NONE',  ( -1.000000000000000000, 0.0000000000000000000, -0.0000000000000000000 ) ) ;
#1369 = PRESENTATION_LAYER_ASSIGNMENT (  '', '', ( #996 ) ) ;
#1370 = VERTEX_POINT ( 'NONE', #1760 ) ;
#1371 = SURFACE_STYLE_USAGE ( .BOTH. , #2285 ) ;
#1372 = STYLED_ITEM ( 'NONE', ( #1530 ), #2898 ) ;
#1373 = ORIENTED_EDGE ( 'NONE', *, *, #944, .F. ) ;
#1374 = PRESENTATION_STYLE_ASSIGNMENT (( #1595 ) ) ;
#1375 = PLANE ( 'NONE',  #679 ) ;
#1376 = DIRECTION ( 'NONE',  ( -0.7071067811865482389, 0.0000000000000000000, -0.7071067811865469066 ) ) ;
#1377 =( LENGTH_UNIT ( ) NAMED_UNIT ( * ) SI_UNIT ( .MILLI., .METRE. ) );
#1378 = CARTESIAN_POINT ( 'NONE',  ( 0.6500000000000000222, 0.5200000000000000178, 0.8000000000000001554 ) ) ;
#1379 = SURFACE_STYLE_FILL_AREA ( #1778 ) ;
#1380 =( NAMED_UNIT ( * ) SI_UNIT ( $, .STERADIAN. ) SOLID_ANGLE_UNIT ( ) );
#1381 = ADVANCED_FACE ( 'NONE', ( #1320 ), #1513, .F. ) ;
#1382 = LINE ( 'NONE', #2523, #1920 ) ;
#1383 = FILL_AREA_STYLE_COLOUR ( '', #1042 ) ;
#1384 = FACE_OUTER_BOUND ( 'NONE', #1728, .T. ) ;
#1385 = ORIENTED_EDGE ( 'NONE', *, *, #1946, .F. ) ;
#1386 = CARTESIAN_POINT ( 'NONE',  ( 0.8000000000000001554, 0.5000000000000000000, 0.7999999999999999334 ) ) ;
#1387 = LINE ( 'NONE', #1342, #1580 ) ;
#1388 = ORIENTED_EDGE ( 'NONE', *, *, #716, .F. ) ;
#1389 =( LENGTH_UNIT ( ) NAMED_UNIT ( * ) SI_UNIT ( .MILLI., .METRE. ) );
#1390 = VECTOR ( 'NONE', #1260, 1000.000000000000000 ) ;
#1391 = EDGE_LOOP ( 'NONE', ( #2232, #373, #1253, #2365 ) ) ;
#1392 = FILL_AREA_STYLE_COLOUR ( '', #2815 ) ;
#1393 = SURFACE_STYLE_USAGE ( .BOTH. , #520 ) ;
#1394 = LINE ( 'NONE', #1853, #736 ) ;
#1395 = FILL_AREA_STYLE_COLOUR ( '', #1417 ) ;
#1396 = MECHANICAL_DESIGN_GEOMETRIC_PRESENTATION_REPRESENTATION (  '', ( #2720 ), #75 ) ;
#1397 = EDGE_CURVE ( 'NONE', #670, #1606, #1746, .T. ) ;
#1398 = COLOUR_RGB ( '',0.7686274509803920907, 0.7686274509803920907, 0.7686274509803920907 ) ;
#1399 = ORIENTED_EDGE ( 'NONE', *, *, #1985, .F. ) ;
#1400 =( LENGTH_UNIT ( ) NAMED_UNIT ( * ) SI_UNIT ( .MILLI., .METRE. ) );
#1401 = CARTESIAN_POINT ( 'NONE',  ( -0.1499999999999999667, 0.5000000000000000000, -0.5000000000000002220 ) ) ;
#1402 = VECTOR ( 'NONE', #2740, 1000.000000000000000 ) ;
#1403 = AXIS2_PLACEMENT_3D ( 'NONE', #514, #1463, #754 ) ;
#1404 = VERTEX_POINT ( 'NONE', #626 ) ;
#1405 = CARTESIAN_POINT ( 'NONE',  ( -0.6500000000000000222, 0.0000000000000000000, 0.8000000000000001554 ) ) ;
#1406 = COLOUR_RGB ( '',0.7686274509803920907, 0.7686274509803920907, 0.7686274509803920907 ) ;
#1407 = CARTESIAN_POINT ( 'NONE',  ( -0.7999999999999997113, 0.5250000000000000222, 0.5000000000000000000 ) ) ;
#1408 = LINE ( 'NONE', #1851, #2212 ) ;
#1409 = CARTESIAN_POINT ( 'NONE',  ( -0.4750000000000001443, 0.5200000000000000178, -0.6750000000000001554 ) ) ;
#1410 = DIRECTION ( 'NONE',  ( 0.0000000000000000000, 0.0000000000000000000, -1.000000000000000000 ) ) ;
#1411 = FACE_OUTER_BOUND ( 'NONE', #1199, .T. ) ;
#1412 = ADVANCED_FACE ( 'NONE', ( #835 ), #2639, .F. ) ;
#1413 = ORIENTED_EDGE ( 'NONE', *, *, #1561, .T. ) ;
#1414 = COLOUR_RGB ( '',0.7686274509803920907, 0.7686274509803920907, 0.7686274509803920907 ) ;
#1415 = SURFACE_STYLE_FILL_AREA ( #2747 ) ;
#1416 = PRESENTATION_STYLE_ASSIGNMENT (( #1695 ) ) ;
#1417 = COLOUR_RGB ( '',0.7686274509803920907, 0.7686274509803920907, 0.7686274509803920907 ) ;
#1418 = EDGE_CURVE ( 'NONE', #1751, #2301, #2483, .T. ) ;
#1419 = EDGE_LOOP ( 'NONE', ( #592, #1524, #1300, #2192 ) ) ;
#1420 = VECTOR ( 'NONE', #2786, 1000.000000000000000 ) ;
#1421 = FACE_OUTER_BOUND ( 'NONE', #56, .T. ) ;
#1422 = ORIENTED_EDGE ( 'NONE', *, *, #25, .F. ) ;
#1423 = FILL_AREA_STYLE ('',( #2550 ) ) ;
#1424 = CARTESIAN_POINT ( 'NONE',  ( 0.0000000000000000000, -0.02500000000000006384, 0.0000000000000000000 ) ) ;
#1425 = DIRECTION ( 'NONE',  ( 0.0000000000000000000, 0.0000000000000000000, 1.000000000000000000 ) ) ;
#1426 = ORIENTED_EDGE ( 'NONE', *, *, #458, .T. ) ;
#1427 = FILL_AREA_STYLE_COLOUR ( '', #1221 ) ;
#1428 = CARTESIAN_POINT ( 'NONE',  ( -0.5999999999999999778, 0.5200000000000000178, 0.8000000000000001554 ) ) ;
#1429 = EDGE_CURVE ( 'NONE', #438, #125, #710, .T. ) ;
#1430 = ORIENTED_EDGE ( 'NONE', *, *, #2575, .T. ) ;
#1431 = LINE ( 'NONE', #2329, #1215 ) ;
#1432 = DIRECTION ( 'NONE',  ( -1.000000000000000000, -0.0000000000000000000, -0.0000000000000000000 ) ) ;
#1433 = EDGE_CURVE ( 'NONE', #1189, #1435, #1141, .T. ) ;
#1434 = MANIFOLD_SOLID_BREP ( 'Cut-Extrude1', #1548 ) ;
#1435 = VERTEX_POINT ( 'NONE', #1405 ) ;
#1436 = DIRECTION ( 'NONE',  ( 0.0000000000000000000, -1.000000000000000000, 0.0000000000000000000 ) ) ;
#1437 =( NAMED_UNIT ( * ) PLANE_ANGLE_UNIT ( ) SI_UNIT ( $, .RADIAN. ) );
#1438 = STYLED_ITEM ( 'NONE', ( #1053 ), #1686 ) ;
#1439 = UNCERTAINTY_MEASURE_WITH_UNIT (LENGTH_MEASURE( 1.000000000000000082E-05 ), #95, 'distance_accuracy_value', 'NONE');
#1440 =( NAMED_UNIT ( * ) SI_UNIT ( $, .STERADIAN. ) SOLID_ANGLE_UNIT ( ) );
#1441 =( NAMED_UNIT ( * ) PLANE_ANGLE_UNIT ( ) SI_UNIT ( $, .RADIAN. ) );
#1442 = ORIENTED_EDGE ( 'NONE', *, *, #1907, .F. ) ;
#1443 = CARTESIAN_POINT ( 'NONE',  ( -0.6500000000000000222, 0.5000000000000000000, -0.5000000000000002220 ) ) ;
#1444 = DIRECTION ( 'NONE',  ( 0.7071067811865463515, 0.0000000000000000000, -0.7071067811865487940 ) ) ;
#1445 = CARTESIAN_POINT ( 'NONE',  ( -0.1499999999999999667, 0.5200000000000000178, 0.8000000000000001554 ) ) ;
#1446 = EDGE_LOOP ( 'NONE', ( #624, #749, #2477, #1345, #2258, #958, #275, #2558 ) ) ;
#1447 = AXIS2_PLACEMENT_3D ( 'NONE', #1407, #280, #61 ) ;
#1448 = DIRECTION ( 'NONE',  ( -1.000000000000000000, 0.0000000000000000000, -0.0000000000000000000 ) ) ;
#1449 = DIRECTION ( 'NONE',  ( -0.7071067811865469066, -0.0000000000000000000, -0.7071067811865481278 ) ) ;
#1450 = ORIENTED_EDGE ( 'NONE', *, *, #1041, .T. ) ;
#1451 = EDGE_CURVE ( 'NONE', #1107, #2677, #484, .T. ) ;
#1452 = DIRECTION ( 'NONE',  ( -0.7071067811865469066, -0.0000000000000000000, -0.7071067811865481278 ) ) ;
#1453 = VECTOR ( 'NONE', #1015, 1000.000000000000000 ) ;
#1454 = LINE ( 'NONE', #353, #1970 ) ;
#1455 = CARTESIAN_POINT ( 'NONE',  ( -0.7999999999999999334, 0.0000000000000000000, -0.8000000000000001554 ) ) ;
#1456 = SURFACE_STYLE_FILL_AREA ( #1617 ) ;
#1457 =( GEOMETRIC_REPRESENTATION_CONTEXT ( 3 ) GLOBAL_UNCERTAINTY_ASSIGNED_CONTEXT ( ( #1666 ) ) GLOBAL_UNIT_ASSIGNED_CONTEXT ( ( #535, #1437, #1218 ) ) REPRESENTATION_CONTEXT ( 'NONE', 'WORKASPACE' ) );
#1458 = ORIENTED_EDGE ( 'NONE', *, *, #1397, .F. ) ;
#1459 =( NAMED_UNIT ( * ) SI_UNIT ( $, .STERADIAN. ) SOLID_ANGLE_UNIT ( ) );
#1460 = VECTOR ( 'NONE', #478, 1000.000000000000000 ) ;
#1461 = VECTOR ( 'NONE', #1531, 1000.000000000000000 ) ;
#1462 = ORIENTED_EDGE ( 'NONE', *, *, #1083, .T. ) ;
#1463 = DIRECTION ( 'NONE',  ( 1.000000000000000000, 0.0000000000000000000, 0.0000000000000000000 ) ) ;
#1464 = FILL_AREA_STYLE ('',( #1680 ) ) ;
#1465 = COLOUR_RGB ( '',0.7529411764705882248, 0.7529411764705882248, 0.7529411764705882248 ) ;
#1466 = ORIENTED_EDGE ( 'NONE', *, *, #915, .T. ) ;
#1467 = SURFACE_SIDE_STYLE ('',( #323 ) ) ;
#1468 = UNCERTAINTY_MEASURE_WITH_UNIT (LENGTH_MEASURE( 1.000000000000000082E-05 ), #2207, 'distance_accuracy_value', 'NONE');
#1469 = ADVANCED_FACE ( 'NONE', ( #694 ), #1375, .F. ) ;
#1470 = SURFACE_STYLE_FILL_AREA ( #956 ) ;
#1471 = FILL_AREA_STYLE ('',( #823 ) ) ;
#1472 = EDGE_CURVE ( 'NONE', #2040, #812, #666, .T. ) ;
#1473 = VERTEX_POINT ( 'NONE', #1801 ) ;
#1474 = SURFACE_STYLE_USAGE ( .BOTH. , #1287 ) ;
#1475 = LINE ( 'NONE', #2373, #175 ) ;
#1476 = UNCERTAINTY_MEASURE_WITH_UNIT (LENGTH_MEASURE( 1.000000000000000082E-05 ), #128, 'distance_accuracy_value', 'NONE');
#1477 = VERTEX_POINT ( 'NONE', #219 ) ;
#1478 = FILL_AREA_STYLE_COLOUR ( '', #1634 ) ;
#1479 = ORIENTED_EDGE ( 'NONE', *, *, #1041, .F. ) ;
#1480 = CARTESIAN_POINT ( 'NONE',  ( 0.1499999999999999667, 0.5200000000000000178, 0.5000000000000002220 ) ) ;
#1481 = DIRECTION ( 'NONE',  ( -0.7071067811865469066, -0.0000000000000000000, -0.7071067811865481278 ) ) ;
#1482 = DIRECTION ( 'NONE',  ( 0.0000000000000000000, 0.0000000000000000000, 1.000000000000000000 ) ) ;
#1483 = VECTOR ( 'NONE', #1230, 1000.000000000000000 ) ;
#1484 = LINE ( 'NONE', #1045, #2171 ) ;
#1485 = VECTOR ( 'NONE', #2793, 1000.000000000000000 ) ;
#1486 = EDGE_LOOP ( 'NONE', ( #737, #2851, #2070, #1152 ) ) ;
#1487 = SURFACE_STYLE_FILL_AREA ( #2790 ) ;
#1488 = EDGE_CURVE ( 'NONE', #2298, #1107, #1153, .T. ) ;
#1489 = FILL_AREA_STYLE_COLOUR ( '', #972 ) ;
#1490 = ORIENTED_EDGE ( 'NONE', *, *, #2386, .T. ) ;
#1491 = FACE_OUTER_BOUND ( 'NONE', #2673, .T. ) ;
#1492 = PLANE ( 'NONE',  #1768 ) ;
#1493 = LINE ( 'NONE', #337, #2357 ) ;
#1494 = VECTOR ( 'NONE', #101, 1000.000000000000000 ) ;
#1495 = ORIENTED_EDGE ( 'NONE', *, *, #1312, .F. ) ;
#1496 = FACE_OUTER_BOUND ( 'NONE', #673, .T. ) ;
#1497 = UNCERTAINTY_MEASURE_WITH_UNIT (LENGTH_MEASURE( 1.000000000000000082E-05 ), #2264, 'distance_accuracy_value', 'NONE');
#1498 = CARTESIAN_POINT ( 'NONE',  ( -0.1499999999999999667, 0.0000000000000000000, -0.5000000000000002220 ) ) ;
#1499 = CARTESIAN_POINT ( 'NONE',  ( -0.1499999999999999667, 0.5200000000000000178, -0.5000000000000002220 ) ) ;
#1500 = CARTESIAN_POINT ( 'NONE',  ( 0.1999999999999999833, 0.5200000000000000178, 0.8000000000000001554 ) ) ;
#1501 =( GEOMETRIC_REPRESENTATION_CONTEXT ( 3 ) GLOBAL_UNCERTAINTY_ASSIGNED_CONTEXT ( ( #309 ) ) GLOBAL_UNIT_ASSIGNED_CONTEXT ( ( #1400, #2108, #67 ) ) REPRESENTATION_CONTEXT ( 'NONE', 'WORKASPACE' ) );
#1502 = EDGE_LOOP ( 'NONE', ( #2654, #2816, #1652, #2796 ) ) ;
#1503 = AXIS2_PLACEMENT_3D ( 'NONE', #1993, #1075, #1056 ) ;
#1504 =( NAMED_UNIT ( * ) SI_UNIT ( $, .STERADIAN. ) SOLID_ANGLE_UNIT ( ) );
#1505 = DIRECTION ( 'NONE',  ( 0.0000000000000000000, 0.0000000000000000000, -1.000000000000000000 ) ) ;
#1506 = ORIENTED_EDGE ( 'NONE', *, *, #2653, .T. ) ;
#1507 =( NAMED_UNIT ( * ) SI_UNIT ( $, .STERADIAN. ) SOLID_ANGLE_UNIT ( ) );
#1508 = CARTESIAN_POINT ( 'NONE',  ( 0.6500000000000000222, -0.02500000000000006384, 0.8000000000000001554 ) ) ;
#1509 = EDGE_CURVE ( 'NONE', #1953, #100, #112, .T. ) ;
#1510 = ORIENTED_EDGE ( 'NONE', *, *, #149, .F. ) ;
#1511 = SURFACE_SIDE_STYLE ('',( #1525 ) ) ;
#1512 =( GEOMETRIC_REPRESENTATION_CONTEXT ( 3 ) GLOBAL_UNCERTAINTY_ASSIGNED_CONTEXT ( ( #943 ) ) GLOBAL_UNIT_ASSIGNED_CONTEXT ( ( #94, #2397, #1917 ) ) REPRESENTATION_CONTEXT ( 'NONE', 'WORKASPACE' ) );
#1513 = PLANE ( 'NONE',  #2348 ) ;
#1514 = LINE ( 'NONE', #103, #548 ) ;
#1515 = SURFACE_SIDE_STYLE ('',( #193 ) ) ;
#1516 = CARTESIAN_POINT ( 'NONE',  ( 0.1500000000000000777, 0.0000000000000000000, 0.5000000000000002220 ) ) ;
#1517 = ORIENTED_EDGE ( 'NONE', *, *, #1761, .F. ) ;
#1518 =( LENGTH_UNIT ( ) NAMED_UNIT ( * ) SI_UNIT ( .MILLI., .METRE. ) );
#1519 = CARTESIAN_POINT ( 'NONE',  ( -0.5999999999999999778, 0.5200000000000000178, -0.8000000000000001554 ) ) ;
#1520 = ORIENTED_EDGE ( 'NONE', *, *, #2559, .F. ) ;
#1521 = CARTESIAN_POINT ( 'NONE',  ( -0.7999999999999999334, 0.5000000000000000000, -0.8000000000000001554 ) ) ;
#1522 = CARTESIAN_POINT ( 'NONE',  ( -0.6500000000000000222, 0.5200000000000000178, 0.5000000000000002220 ) ) ;
#1523 = DIRECTION ( 'NONE',  ( 0.0000000000000000000, 0.0000000000000000000, -1.000000000000000000 ) ) ;
#1524 = ORIENTED_EDGE ( 'NONE', *, *, #570, .T. ) ;
#1525 = SURFACE_STYLE_FILL_AREA ( #1957 ) ;
#1526 =( LENGTH_UNIT ( ) NAMED_UNIT ( * ) SI_UNIT ( .MILLI., .METRE. ) );
#1527 = EDGE_CURVE ( 'NONE', #665, #367, #546, .T. ) ;
#1528 = UNCERTAINTY_MEASURE_WITH_UNIT (LENGTH_MEASURE( 1.000000000000000082E-05 ), #2882, 'distance_accuracy_value', 'NONE');
#1529 = DIRECTION ( 'NONE',  ( -1.000000000000000000, 0.0000000000000000000, -0.0000000000000000000 ) ) ;
#1530 = PRESENTATION_STYLE_ASSIGNMENT (( #151 ) ) ;
#1531 = DIRECTION ( 'NONE',  ( 0.7071067811865463515, 0.0000000000000000000, 0.7071067811865487940 ) ) ;
#1532 = ORIENTED_EDGE ( 'NONE', *, *, #728, .F. ) ;
#1533 = DIRECTION ( 'NONE',  ( -0.0000000000000000000, 1.000000000000000000, -0.0000000000000000000 ) ) ;
#1534 =( GEOMETRIC_REPRESENTATION_CONTEXT ( 3 ) GLOBAL_UNCERTAINTY_ASSIGNED_CONTEXT ( ( #2632 ) ) GLOBAL_UNIT_ASSIGNED_CONTEXT ( ( #260, #45, #2249 ) ) REPRESENTATION_CONTEXT ( 'NONE', 'WORKASPACE' ) );
#1535 = ORIENTED_EDGE ( 'NONE', *, *, #1338, .T. ) ;
#1536 =( LENGTH_UNIT ( ) NAMED_UNIT ( * ) SI_UNIT ( .MILLI., .METRE. ) );
#1537 = DIRECTION ( 'NONE',  ( 0.0000000000000000000, 0.0000000000000000000, 1.000000000000000000 ) ) ;
#1538 = COLOUR_RGB ( '',0.7686274509803920907, 0.7686274509803920907, 0.7686274509803920907 ) ;
#1539 = EDGE_LOOP ( 'NONE', ( #2634, #1569, #1592, #1646 ) ) ;
#1540 =( NAMED_UNIT ( * ) SI_UNIT ( $, .STERADIAN. ) SOLID_ANGLE_UNIT ( ) );
#1541 = PRESENTATION_LAYER_ASSIGNMENT (  '', '', ( #1163 ) ) ;
#1542 = ADVANCED_FACE ( 'NONE', ( #2588 ), #347, .F. ) ;
#1543 = CARTESIAN_POINT ( 'NONE',  ( -0.1499999999999999667, 0.0000000000000000000, 0.8000000000000001554 ) ) ;
#1544 =( NAMED_UNIT ( * ) SI_UNIT ( $, .STERADIAN. ) SOLID_ANGLE_UNIT ( ) );
#1545 = LINE ( 'NONE', #2024, #2734 ) ;
#1546 = EDGE_CURVE ( 'NONE', #2383, #946, #2562, .T. ) ;
#1547 = COLOUR_RGB ( '',1.000000000000000000, 1.000000000000000000, 1.000000000000000000 ) ;
#1548 = CLOSED_SHELL ( 'NONE', ( #2065, #873, #2898, #711, #2557, #1686, #2775, #2370, #989, #674, #2217, #2263, #547, #691, #1578, #11, #1774, #1542, #1757, #239, #74, #1343 ) ) ;
#1549 = ORIENTED_EDGE ( 'NONE', *, *, #2653, .F. ) ;
#1550 = CARTESIAN_POINT ( 'NONE',  ( 0.1500000000000000777, 0.5000000000000000000, 0.5000000000000002220 ) ) ;
#1551 = VECTOR ( 'NONE', #1936, 1000.000000000000000 ) ;
#1552 = ORIENTED_EDGE ( 'NONE', *, *, #824, .T. ) ;
#1553 = LINE ( 'NONE', #1328, #2494 ) ;
#1554 = DIRECTION ( 'NONE',  ( -0.7071067811865463515, -0.0000000000000000000, 0.7071067811865487940 ) ) ;
#1555 = COLOUR_RGB ( '',0.7686274509803920907, 0.7686274509803920907, 0.7686274509803920907 ) ;
#1556 = VERTEX_POINT ( 'NONE', #2330 ) ;
#1557 = COLOUR_RGB ( '',1.000000000000000000, 1.000000000000000000, 1.000000000000000000 ) ;
#1558 = DIRECTION ( 'NONE',  ( 0.0000000000000000000, 0.0000000000000000000, -1.000000000000000000 ) ) ;
#1559 = DIRECTION ( 'NONE',  ( -1.000000000000000000, -0.0000000000000000000, -0.0000000000000000000 ) ) ;
#1560 = CARTESIAN_POINT ( 'NONE',  ( -0.7999999999999997113, 0.5250000000000000222, 0.5000000000000000000 ) ) ;
#1561 = EDGE_CURVE ( 'NONE', #496, #2911, #1662, .T. ) ;
#1562 =( GEOMETRIC_REPRESENTATION_CONTEXT ( 3 ) GLOBAL_UNCERTAINTY_ASSIGNED_CONTEXT ( ( #1859 ) ) GLOBAL_UNIT_ASSIGNED_CONTEXT ( ( #284, #2743, #505 ) ) REPRESENTATION_CONTEXT ( 'NONE', 'WORKASPACE' ) );
#1563 = CARTESIAN_POINT ( 'NONE',  ( -0.6500000000000000222, 0.0000000000000000000, 0.5000000000000002220 ) ) ;
#1564 =( NAMED_UNIT ( * ) SI_UNIT ( $, .STERADIAN. ) SOLID_ANGLE_UNIT ( ) );
#1565 = EDGE_CURVE ( 'NONE', #2546, #559, #2140, .T. ) ;
#1566 = ORIENTED_EDGE ( 'NONE', *, *, #475, .T. ) ;
#1567 = LINE ( 'NONE', #2716, #1122 ) ;
#1568 = CARTESIAN_POINT ( 'NONE',  ( 0.6500000000000001332, 0.0000000000000000000, -0.5000000000000002220 ) ) ;
#1569 = ORIENTED_EDGE ( 'NONE', *, *, #764, .F. ) ;
#1570 = FACE_OUTER_BOUND ( 'NONE', #2066, .T. ) ;
#1571 = CARTESIAN_POINT ( 'NONE',  ( -0.5999999999999999778, 0.5200000000000000178, 0.8000000000000001554 ) ) ;
#1572 = SURFACE_STYLE_FILL_AREA ( #2456 ) ;
#1573 = CARTESIAN_POINT ( 'NONE',  ( -0.1499999999999999667, 0.0000000000000000000, 0.5000000000000002220 ) ) ;
#1574 = DIRECTION ( 'NONE',  ( 1.000000000000000000, 0.0000000000000000000, 0.0000000000000000000 ) ) ;
#1575 = ORIENTED_EDGE ( 'NONE', *, *, #41, .F. ) ;
#1576 = FACE_OUTER_BOUND ( 'NONE', #765, .T. ) ;
#1577 = FACE_OUTER_BOUND ( 'NONE', #2515, .T. ) ;
#1578 = ADVANCED_FACE ( 'NONE', ( #1421 ), #2130, .F. ) ;
#1579 = EDGE_LOOP ( 'NONE', ( #2735, #2114, #114, #973 ) ) ;
#1580 = VECTOR ( 'NONE', #40, 1000.000000000000000 ) ;
#1581 = EDGE_LOOP ( 'NONE', ( #1927, #394, #1956, #1878 ) ) ;
#1582 = PRESENTATION_STYLE_ASSIGNMENT (( #949 ) ) ;
#1583 = PRESENTATION_STYLE_ASSIGNMENT (( #2421 ) ) ;
#1584 = FILL_AREA_STYLE_COLOUR ( '', #993 ) ;
#1585 = VECTOR ( 'NONE', #955, 1000.000000000000000 ) ;
#1586 = MECHANICAL_DESIGN_GEOMETRIC_PRESENTATION_REPRESENTATION (  '', ( #738 ), #1167 ) ;
#1587 = ORIENTED_EDGE ( 'NONE', *, *, #1362, .T. ) ;
#1588 =( LENGTH_UNIT ( ) NAMED_UNIT ( * ) SI_UNIT ( .MILLI., .METRE. ) );
#1589 = CARTESIAN_POINT ( 'NONE',  ( -0.1499999999999999667, 0.5200000000000000178, 0.8000000000000001554 ) ) ;
#1590 = AXIS2_PLACEMENT_3D ( 'NONE', #2056, #906, #1608 ) ;
#1591 = CLOSED_SHELL ( 'NONE', ( #1278, #606, #2738, #437, #92, #2771 ) ) ;
#1592 = ORIENTED_EDGE ( 'NONE', *, *, #2713, .F. ) ;
#1593 = CARTESIAN_POINT ( 'NONE',  ( 0.1500000000000000777, 0.0000000000000000000, -0.5000000000000002220 ) ) ;
#1594 = EDGE_LOOP ( 'NONE', ( #2847, #1263, #1706, #1271 ) ) ;
#1595 = SURFACE_STYLE_USAGE ( .BOTH. , #2468 ) ;
#1596 = SURFACE_STYLE_FILL_AREA ( #58 ) ;
#1597 = EDGE_CURVE ( 'NONE', #38, #52, #2319, .T. ) ;
#1598 = ORIENTED_EDGE ( 'NONE', *, *, #2713, .T. ) ;
#1599 = SURFACE_STYLE_USAGE ( .BOTH. , #62 ) ;
#1600 = FILL_AREA_STYLE ('',( #698 ) ) ;
#1601 = STYLED_ITEM ( 'NONE', ( #1262 ), #2452 ) ;
#1602 = LINE ( 'NONE', #2444, #789 ) ;
#1603 =( NAMED_UNIT ( * ) SI_UNIT ( $, .STERADIAN. ) SOLID_ANGLE_UNIT ( ) );
#1604 =( GEOMETRIC_REPRESENTATION_CONTEXT ( 3 ) GLOBAL_UNCERTAINTY_ASSIGNED_CONTEXT ( ( #1274 ) ) GLOBAL_UNIT_ASSIGNED_CONTEXT ( ( #2687, #2240, #1564 ) ) REPRESENTATION_CONTEXT ( 'NONE', 'WORKASPACE' ) );
#1605 = EDGE_LOOP ( 'NONE', ( #1587, #1506, #1196, #202 ) ) ;
#1606 = VERTEX_POINT ( 'NONE', #1021 ) ;
#1607 = COLOUR_RGB ( '',0.7529411764705882248, 0.7529411764705882248, 0.7529411764705882248 ) ;
#1608 = DIRECTION ( 'NONE',  ( 0.0000000000000000000, -0.0000000000000000000, 1.000000000000000000 ) ) ;
#1609 = CARTESIAN_POINT ( 'NONE',  ( -0.7999999999999999334, 0.0000000000000000000, 0.7999999999999999334 ) ) ;
#1610 = ADVANCED_FACE ( 'NONE', ( #2574 ), #1897, .F. ) ;
#1611 = SURFACE_SIDE_STYLE ('',( #2098 ) ) ;
#1612 = DIRECTION ( 'NONE',  ( -1.000000000000000000, 0.0000000000000000000, -0.0000000000000000000 ) ) ;
#1613 = CARTESIAN_POINT ( 'NONE',  ( 0.6500000000000000222, 0.5200000000000000178, 0.8000000000000001554 ) ) ;
#1614 = PLANE ( 'NONE',  #1039 ) ;
#1615 = PLANE ( 'NONE',  #1210 ) ;
#1616 = DIRECTION ( 'NONE',  ( -0.0000000000000000000, -0.0000000000000000000, 1.000000000000000000 ) ) ;
#1617 = FILL_AREA_STYLE ('',( #2136 ) ) ;
#1618 = ORIENTED_EDGE ( 'NONE', *, *, #820, .T. ) ;
#1619 = DIRECTION ( 'NONE',  ( -0.0000000000000000000, -1.000000000000000000, -0.0000000000000000000 ) ) ;
#1620 = UNCERTAINTY_MEASURE_WITH_UNIT (LENGTH_MEASURE( 1.000000000000000082E-05 ), #1518, 'distance_accuracy_value', 'NONE');
#1621 = ORIENTED_EDGE ( 'NONE', *, *, #185, .T. ) ;
#1622 = COLOUR_RGB ( '',0.7686274509803920907, 0.7686274509803920907, 0.7686274509803920907 ) ;
#1623 = VECTOR ( 'NONE', #562, 1000.000000000000000 ) ;
#1624 = DIRECTION ( 'NONE',  ( -0.7071067811865469066, 0.0000000000000000000, 0.7071067811865482389 ) ) ;
#1625 = SURFACE_STYLE_FILL_AREA ( #1348 ) ;
#1626 = VECTOR ( 'NONE', #2315, 1000.000000000000000 ) ;
#1627 = DIRECTION ( 'NONE',  ( -0.0000000000000000000, -1.000000000000000000, -0.0000000000000000000 ) ) ;
#1628 = EDGE_CURVE ( 'NONE', #60, #82, #781, .T. ) ;
#1629 = AXIS2_PLACEMENT_3D ( 'NONE', #556, #1010, #2183 ) ;
#1630 = EDGE_CURVE ( 'NONE', #946, #2091, #2158, .T. ) ;
#1631 = ORIENTED_EDGE ( 'NONE', *, *, #1889, .T. ) ;
#1632 = SURFACE_STYLE_FILL_AREA ( #1876 ) ;
#1633 = MECHANICAL_DESIGN_GEOMETRIC_PRESENTATION_REPRESENTATION (  '', ( #2063 ), #2253 ) ;
#1634 = COLOUR_RGB ( '',0.7686274509803920907, 0.7686274509803920907, 0.7686274509803920907 ) ;
#1635 = VERTEX_POINT ( 'NONE', #127 ) ;
#1636 = LINE ( 'NONE', #1213, #2679 ) ;
#1637 = DIRECTION ( 'NONE',  ( 0.0000000000000000000, 0.0000000000000000000, -1.000000000000000000 ) ) ;
#1638 = PRESENTATION_LAYER_ASSIGNMENT (  '', '', ( #1315 ) ) ;
#1639 = ORIENTED_EDGE ( 'NONE', *, *, #2374, .F. ) ;
#1640 = MECHANICAL_DESIGN_GEOMETRIC_PRESENTATION_REPRESENTATION (  '', ( #2729 ), #463 ) ;
#1641 = FACE_OUTER_BOUND ( 'NONE', #335, .T. ) ;
#1642 = FILL_AREA_STYLE_COLOUR ( '', #29 ) ;
#1643 = DIRECTION ( 'NONE',  ( -0.0000000000000000000, -0.0000000000000000000, -1.000000000000000000 ) ) ;
#1644 = PLANE ( 'NONE',  #801 ) ;
#1645 = COLOUR_RGB ( '',0.7529411764705882248, 0.7529411764705882248, 0.7529411764705882248 ) ;
#1646 = ORIENTED_EDGE ( 'NONE', *, *, #657, .T. ) ;
#1647 = EDGE_CURVE ( 'NONE', #2051, #315, #515, .T. ) ;
#1648 = CARTESIAN_POINT ( 'NONE',  ( 0.5999999999999999778, 0.5200000000000000178, -0.8000000000000001554 ) ) ;
#1649 = UNCERTAINTY_MEASURE_WITH_UNIT (LENGTH_MEASURE( 1.000000000000000082E-05 ), #2903, 'distance_accuracy_value', 'NONE');
#1650 = ORIENTED_EDGE ( 'NONE', *, *, #2195, .T. ) ;
#1651 = STYLED_ITEM ( 'NONE', ( #1791 ), #2850 ) ;
#1652 = ORIENTED_EDGE ( 'NONE', *, *, #1451, .F. ) ;
#1653 = LINE ( 'NONE', #1480, #599 ) ;
#1654 = DIRECTION ( 'NONE',  ( 1.000000000000000000, -0.0000000000000000000, -0.0000000000000000000 ) ) ;
#1655 = VERTEX_POINT ( 'NONE', #73 ) ;
#1656 = PLANE ( 'NONE',  #423 ) ;
#1657 = DIRECTION ( 'NONE',  ( 0.0000000000000000000, -1.000000000000000000, 0.0000000000000000000 ) ) ;
#1658 = LINE ( 'NONE', #2342, #969 ) ;
#1659 = EDGE_CURVE ( 'NONE', #1247, #2546, #1770, .T. ) ;
#1660 = EDGE_LOOP ( 'NONE', ( #2896, #2435, #2881, #1663, #659, #1112, #482, #833 ) ) ;
#1661 = PLANE ( 'NONE',  #1313 ) ;
#1662 = LINE ( 'NONE', #2766, #2238 ) ;
#1663 = ORIENTED_EDGE ( 'NONE', *, *, #306, .T. ) ;
#1664 =( LENGTH_UNIT ( ) NAMED_UNIT ( * ) SI_UNIT ( .MILLI., .METRE. ) );
#1665 = STYLED_ITEM ( 'NONE', ( #2274 ), #1469 ) ;
#1666 = UNCERTAINTY_MEASURE_WITH_UNIT (LENGTH_MEASURE( 1.000000000000000082E-05 ), #535, 'distance_accuracy_value', 'NONE');
#1667 =( GEOMETRIC_REPRESENTATION_CONTEXT ( 3 ) GLOBAL_UNCERTAINTY_ASSIGNED_CONTEXT ( ( #2152 ) ) GLOBAL_UNIT_ASSIGNED_CONTEXT ( ( #1842, #675, #1166 ) ) REPRESENTATION_CONTEXT ( 'NONE', 'WORKASPACE' ) );
#1668 = FILL_AREA_STYLE ('',( #2569 ) ) ;
#1669 = SURFACE_SIDE_STYLE ('',( #1456 ) ) ;
#1670 = MECHANICAL_DESIGN_GEOMETRIC_PRESENTATION_REPRESENTATION (  '', ( #2811 ), #399 ) ;
#1671 = ORIENTED_EDGE ( 'NONE', *, *, #2479, .T. ) ;
#1672 = LINE ( 'NONE', #2149, #805 ) ;
#1673 = FILL_AREA_STYLE ('',( #1427 ) ) ;
#1674 = CARTESIAN_POINT ( 'NONE',  ( -0.3249999999999995670, 0.5200000000000000178, -0.6750000000000001554 ) ) ;
#1675 = UNCERTAINTY_MEASURE_WITH_UNIT (LENGTH_MEASURE( 1.000000000000000082E-05 ), #2337, 'distance_accuracy_value', 'NONE');
#1676 = VECTOR ( 'NONE', #2899, 1000.000000000000000 ) ;
#1677 = VERTEX_POINT ( 'NONE', #1099 ) ;
#1678 = MECHANICAL_DESIGN_GEOMETRIC_PRESENTATION_REPRESENTATION (  '', ( #2385 ), #354 ) ;
#1679 = FACE_OUTER_BOUND ( 'NONE', #2155, .T. ) ;
#1680 = FILL_AREA_STYLE_COLOUR ( '', #1622 ) ;
#1681 =( NAMED_UNIT ( * ) SI_UNIT ( $, .STERADIAN. ) SOLID_ANGLE_UNIT ( ) );
#1682 = VECTOR ( 'NONE', #739, 1000.000000000000000 ) ;
#1683 = ORIENTED_EDGE ( 'NONE', *, *, #1848, .F. ) ;
#1684 = CARTESIAN_POINT ( 'NONE',  ( 0.1999999999999999833, 0.5200000000000000178, -0.8000000000000001554 ) ) ;
#1685 =( NAMED_UNIT ( * ) PLANE_ANGLE_UNIT ( ) SI_UNIT ( $, .RADIAN. ) );
#1686 = ADVANCED_FACE ( 'NONE', ( #2221 ), #380, .F. ) ;
#1687 =( GEOMETRIC_REPRESENTATION_CONTEXT ( 3 ) GLOBAL_UNCERTAINTY_ASSIGNED_CONTEXT ( ( #1528 ) ) GLOBAL_UNIT_ASSIGNED_CONTEXT ( ( #2882, #2376, #126 ) ) REPRESENTATION_CONTEXT ( 'NONE', 'WORKASPACE' ) );
#1688 = VECTOR ( 'NONE', #2707, 1000.000000000000000 ) ;
#1689 = FACE_OUTER_BOUND ( 'NONE', #407, .T. ) ;
#1690 = LINE ( 'NONE', #2598, #712 ) ;
#1691 = DIRECTION ( 'NONE',  ( -0.0000000000000000000, -1.000000000000000000, -0.0000000000000000000 ) ) ;
#1692 = ORIENTED_EDGE ( 'NONE', *, *, #1848, .T. ) ;
#1693 = FACE_OUTER_BOUND ( 'NONE', #2840, .T. ) ;
#1694 = CARTESIAN_POINT ( 'NONE',  ( 0.1999999999999999833, 0.5200000000000000178, 0.8000000000000001554 ) ) ;
#1695 = SURFACE_STYLE_USAGE ( .BOTH. , #735 ) ;
#1696 = VERTEX_POINT ( 'NONE', #2190 ) ;
#1697 =( NAMED_UNIT ( * ) PLANE_ANGLE_UNIT ( ) SI_UNIT ( $, .RADIAN. ) );
#1698 = DIRECTION ( 'NONE',  ( -0.0000000000000000000, 0.0000000000000000000, 1.000000000000000000 ) ) ;
#1699 =( NAMED_UNIT ( * ) PLANE_ANGLE_UNIT ( ) SI_UNIT ( $, .RADIAN. ) );
#1700 = VERTEX_POINT ( 'NONE', #2837 ) ;
#1701 = DIRECTION ( 'NONE',  ( -1.000000000000000000, -0.0000000000000000000, -0.0000000000000000000 ) ) ;
#1702 = CARTESIAN_POINT ( 'NONE',  ( -0.5999999999999999778, -0.02500000000000006384, 0.8000000000000001554 ) ) ;
#1703 = ADVANCED_FACE ( 'NONE', ( #2894 ), #650, .F. ) ;
#1704 =( LENGTH_UNIT ( ) NAMED_UNIT ( * ) SI_UNIT ( .MILLI., .METRE. ) );
#1705 = PRESENTATION_STYLE_ASSIGNMENT (( #1981 ) ) ;
#1706 = ORIENTED_EDGE ( 'NONE', *, *, #342, .F. ) ;
#1707 = CARTESIAN_POINT ( 'NONE',  ( 0.6500000000000001332, 0.0000000000000000000, -0.5000000000000002220 ) ) ;
#1708 = LINE ( 'NONE', #1573, #696 ) ;
#1709 = SURFACE_STYLE_USAGE ( .BOTH. , #865 ) ;
#1710 = UNCERTAINTY_MEASURE_WITH_UNIT (LENGTH_MEASURE( 1.000000000000000082E-05 ), #1246, 'distance_accuracy_value', 'NONE');
#1711 = VERTEX_POINT ( 'NONE', #410 ) ;
#1712 =( NAMED_UNIT ( * ) PLANE_ANGLE_UNIT ( ) SI_UNIT ( $, .RADIAN. ) );
#1713 = SURFACE_STYLE_USAGE ( .BOTH. , #727 ) ;
#1714 = ORIENTED_EDGE ( 'NONE', *, *, #201, .T. ) ;
#1715 =( NAMED_UNIT ( * ) PLANE_ANGLE_UNIT ( ) SI_UNIT ( $, .RADIAN. ) );
#1716 = CARTESIAN_POINT ( 'NONE',  ( 0.1499999999999999667, -0.02500000000000006384, 0.5000000000000002220 ) ) ;
#1717 = LINE ( 'NONE', #2103, #427 ) ;
#1718 = MECHANICAL_DESIGN_GEOMETRIC_PRESENTATION_REPRESENTATION (  '', ( #1341 ), #1960 ) ;
#1719 = DIRECTION ( 'NONE',  ( 0.0000000000000000000, 0.0000000000000000000, -1.000000000000000000 ) ) ;
#1720 = EDGE_CURVE ( 'NONE', #1758, #2416, #1740, .T. ) ;
#1721 =( GEOMETRIC_REPRESENTATION_CONTEXT ( 3 ) GLOBAL_UNCERTAINTY_ASSIGNED_CONTEXT ( ( #2779 ) ) GLOBAL_UNIT_ASSIGNED_CONTEXT ( ( #497, #887, #2692 ) ) REPRESENTATION_CONTEXT ( 'NONE', 'WORKASPACE' ) );
#1722 = ORIENTED_EDGE ( 'NONE', *, *, #2733, .F. ) ;
#1723 =( NAMED_UNIT ( * ) PLANE_ANGLE_UNIT ( ) SI_UNIT ( $, .RADIAN. ) );
#1724 = CARTESIAN_POINT ( 'NONE',  ( -0.6500000000000000222, 0.0000000000000000000, -0.5000000000000002220 ) ) ;
#1725 = MECHANICAL_DESIGN_GEOMETRIC_PRESENTATION_REPRESENTATION (  '', ( #1206 ), #2715 ) ;
#1726 = FACE_OUTER_BOUND ( 'NONE', #1000, .T. ) ;
#1727 = EDGE_CURVE ( 'NONE', #1318, #1232, #2651, .T. ) ;
#1728 = EDGE_LOOP ( 'NONE', ( #2014, #2719, #772, #916 ) ) ;
#1729 = SURFACE_STYLE_FILL_AREA ( #831 ) ;
#1730 = SURFACE_STYLE_FILL_AREA ( #2175 ) ;
#1731 = EDGE_LOOP ( 'NONE', ( #2573, #322, #2188, #1399 ) ) ;
#1732 = VECTOR ( 'NONE', #2891, 1000.000000000000000 ) ;
#1733 = VECTOR ( 'NONE', #705, 1000.000000000000000 ) ;
#1734 =( LENGTH_UNIT ( ) NAMED_UNIT ( * ) SI_UNIT ( .MILLI., .METRE. ) );
#1735 = EDGE_LOOP ( 'NONE', ( #1211, #2287, #2571, #122 ) ) ;
#1736 = VECTOR ( 'NONE', #860, 1000.000000000000000 ) ;
#1737 = LINE ( 'NONE', #1288, #2856 ) ;
#1738 = ADVANCED_FACE ( 'NONE', ( #593 ), #1492, .F. ) ;
#1739 = EDGE_LOOP ( 'NONE', ( #170, #1442, #1767, #1323 ) ) ;
#1740 = LINE ( 'NONE', #2451, #2095 ) ;
#1741 = LINE ( 'NONE', #2402, #1838 ) ;
#1742 = APPLICATION_CONTEXT ( 'automotive_design' ) ;
#1743 = EDGE_LOOP ( 'NONE', ( #1275, #298, #1385, #1898, #784, #2128, #2413, #581 ) ) ;
#1744 =( LENGTH_UNIT ( ) NAMED_UNIT ( * ) SI_UNIT ( .MILLI., .METRE. ) );
#1745 = MECHANICAL_DESIGN_GEOMETRIC_PRESENTATION_REPRESENTATION (  '', ( #996 ), #278 ) ;
#1746 = LINE ( 'NONE', #2455, #699 ) ;
#1747 = VECTOR ( 'NONE', #1643, 1000.000000000000000 ) ;
#1748 = SURFACE_SIDE_STYLE ('',( #1117 ) ) ;
#1749 = DIRECTION ( 'NONE',  ( 0.0000000000000000000, 0.0000000000000000000, -1.000000000000000000 ) ) ;
#1750 =( GEOMETRIC_REPRESENTATION_CONTEXT ( 3 ) GLOBAL_UNCERTAINTY_ASSIGNED_CONTEXT ( ( #313 ) ) GLOBAL_UNIT_ASSIGNED_CONTEXT ( ( #1060, #2059, #2290 ) ) REPRESENTATION_CONTEXT ( 'NONE', 'WORKASPACE' ) );
#1751 = VERTEX_POINT ( 'NONE', #470 ) ;
#1752 = SURFACE_SIDE_STYLE ('',( #403 ) ) ;
#1753 = CARTESIAN_POINT ( 'NONE',  ( 0.8000000000000001554, 0.0000000000000000000, -0.8000000000000001554 ) ) ;
#1754 = ORIENTED_EDGE ( 'NONE', *, *, #585, .T. ) ;
#1755 = CARTESIAN_POINT ( 'NONE',  ( 0.6500000000000001332, 0.0000000000000000000, -0.5000000000000002220 ) ) ;
#1756 = FILL_AREA_STYLE_COLOUR ( '', #1251 ) ;
#1757 = ADVANCED_FACE ( 'NONE', ( #2271 ), #2513, .F. ) ;
#1758 = VERTEX_POINT ( 'NONE', #2498 ) ;
#1759 = DIRECTION ( 'NONE',  ( 0.0000000000000000000, 0.0000000000000000000, 1.000000000000000000 ) ) ;
#1760 = CARTESIAN_POINT ( 'NONE',  ( -0.1499999999999999667, 0.5000000000000000000, 0.8000000000000001554 ) ) ;
#1761 = EDGE_CURVE ( 'NONE', #332, #1370, #1151, .T. ) ;
#1762 = DIRECTION ( 'NONE',  ( 0.0000000000000000000, 0.0000000000000000000, -1.000000000000000000 ) ) ;
#1763 = CARTESIAN_POINT ( 'NONE',  ( 0.8000000000000001554, 0.5000000000000000000, 0.7999999999999999334 ) ) ;
#1764 = PRESENTATION_STYLE_ASSIGNMENT (( #1999 ) ) ;
#1765 = DIRECTION ( 'NONE',  ( 1.000000000000000000, 0.0000000000000000000, 0.0000000000000000000 ) ) ;
#1766 = MECHANICAL_DESIGN_GEOMETRIC_PRESENTATION_REPRESENTATION (  '', ( #1438 ), #774 ) ;
#1767 = ORIENTED_EDGE ( 'NONE', *, *, #965, .F. ) ;
#1768 = AXIS2_PLACEMENT_3D ( 'NONE', #1137, #1809, #2067 ) ;
#1769 = FILL_AREA_STYLE ('',( #2636 ) ) ;
#1770 = LINE ( 'NONE', #187, #1065 ) ;
#1771 = COLOUR_RGB ( '',0.7686274509803920907, 0.7686274509803920907, 0.7686274509803920907 ) ;
#1772 = VERTEX_POINT ( 'NONE', #27 ) ;
#1773 = VECTOR ( 'NONE', #852, 1000.000000000000000 ) ;
#1774 = ADVANCED_FACE ( 'NONE', ( #930 ), #2717, .F. ) ;
#1775 =( NAMED_UNIT ( * ) PLANE_ANGLE_UNIT ( ) SI_UNIT ( $, .RADIAN. ) );
#1776 = CARTESIAN_POINT ( 'NONE',  ( 0.6500000000000001332, 0.5000000000000000000, -0.5000000000000002220 ) ) ;
#1777 = VECTOR ( 'NONE', #2220, 1000.000000000000000 ) ;
#1778 = FILL_AREA_STYLE ('',( #1584 ) ) ;
#1779 =( GEOMETRIC_REPRESENTATION_CONTEXT ( 3 ) GLOBAL_UNCERTAINTY_ASSIGNED_CONTEXT ( ( #1057 ) ) GLOBAL_UNIT_ASSIGNED_CONTEXT ( ( #1020, #1697, #1006 ) ) REPRESENTATION_CONTEXT ( 'NONE', 'WORKASPACE' ) );
#1780 = CARTESIAN_POINT ( 'NONE',  ( -0.6500000000000000222, 0.0000000000000000000, -0.5000000000000002220 ) ) ;
#1781 = DIRECTION ( 'NONE',  ( 0.0000000000000000000, -1.000000000000000000, 0.0000000000000000000 ) ) ;
#1782 = AXIS2_PLACEMENT_3D ( 'NONE', #2478, #2512, #1785 ) ;
#1783 = PRESENTATION_LAYER_ASSIGNMENT (  '', '', ( #269 ) ) ;
#1784 = ORIENTED_EDGE ( 'NONE', *, *, #1509, .T. ) ;
#1785 = DIRECTION ( 'NONE',  ( 1.000000000000000000, 0.0000000000000000000, -0.0000000000000000000 ) ) ;
#1786 = DIRECTION ( 'NONE',  ( -0.0000000000000000000, 0.0000000000000000000, 1.000000000000000000 ) ) ;
#1787 = ORIENTED_EDGE ( 'NONE', *, *, #856, .T. ) ;
#1788 = SURFACE_STYLE_FILL_AREA ( #15 ) ;
#1789 = SURFACE_SIDE_STYLE ('',( #2392 ) ) ;
#1790 = COLOUR_RGB ( '',0.7686274509803920907, 0.7686274509803920907, 0.7686274509803920907 ) ;
#1791 = PRESENTATION_STYLE_ASSIGNMENT (( #1599 ) ) ;
#1792 = FILL_AREA_STYLE ('',( #588 ) ) ;
#1793 = CARTESIAN_POINT ( 'NONE',  ( 0.4750000000000003664, 0.5200000000000000178, -0.6750000000000001554 ) ) ;
#1794 = VECTOR ( 'NONE', #2539, 1000.000000000000000 ) ;
#1795 = EDGE_CURVE ( 'NONE', #2621, #1289, #1387, .T. ) ;
#1796 =( NAMED_UNIT ( * ) PLANE_ANGLE_UNIT ( ) SI_UNIT ( $, .RADIAN. ) );
#1797 =( GEOMETRIC_REPRESENTATION_CONTEXT ( 3 ) GLOBAL_UNCERTAINTY_ASSIGNED_CONTEXT ( ( #882 ) ) GLOBAL_UNIT_ASSIGNED_CONTEXT ( ( #2196, #2682, #164 ) ) REPRESENTATION_CONTEXT ( 'NONE', 'WORKASPACE' ) );
#1798 = VERTEX_POINT ( 'NONE', #2029 ) ;
#1799 = LINE ( 'NONE', #469, #81 ) ;
#1800 = ORIENTED_EDGE ( 'NONE', *, *, #1220, .T. ) ;
#1801 = CARTESIAN_POINT ( 'NONE',  ( 0.1500000000000000777, 0.5000000000000000000, -0.8000000000000001554 ) ) ;
#1802 = DIRECTION ( 'NONE',  ( -0.0000000000000000000, 1.000000000000000000, -0.0000000000000000000 ) ) ;
#1803 = FACE_OUTER_BOUND ( 'NONE', #2904, .T. ) ;
#1804 = FILL_AREA_STYLE_COLOUR ( '', #266 ) ;
#1805 = PRESENTATION_STYLE_ASSIGNMENT (( #899 ) ) ;
#1806 = VERTEX_POINT ( 'NONE', #440 ) ;
#1807 = EDGE_CURVE ( 'NONE', #1080, #1404, #706, .T. ) ;
#1808 = PRESENTATION_LAYER_ASSIGNMENT (  '', '', ( #1665 ) ) ;
#1809 = DIRECTION ( 'NONE',  ( 0.0000000000000000000, 0.0000000000000000000, 1.000000000000000000 ) ) ;
#1810 = STYLED_ITEM ( 'NONE', ( #722 ), #1826 ) ;
#1811 = VERTEX_POINT ( 'NONE', #2244 ) ;
#1812 = PLANE ( 'NONE',  #2487 ) ;
#1813 = STYLED_ITEM ( 'NONE', ( #1162 ), #2154 ) ;
#1814 = ORIENTED_EDGE ( 'NONE', *, *, #1433, .F. ) ;
#1815 = DIRECTION ( 'NONE',  ( 0.0000000000000000000, 0.0000000000000000000, 1.000000000000000000 ) ) ;
#1816 =( NAMED_UNIT ( * ) PLANE_ANGLE_UNIT ( ) SI_UNIT ( $, .RADIAN. ) );
#1817 = CARTESIAN_POINT ( 'NONE',  ( 0.1499999999999999667, 0.5200000000000000178, -0.5000000000000002220 ) ) ;
#1818 =( NAMED_UNIT ( * ) SI_UNIT ( $, .STERADIAN. ) SOLID_ANGLE_UNIT ( ) );
#1819 = CARTESIAN_POINT ( 'NONE',  ( 0.0000000000000000000, 0.0000000000000000000, 0.0000000000000000000 ) ) ;
#1820 = CARTESIAN_POINT ( 'NONE',  ( -0.7999999999999997113, 0.5000000000000000000, -0.5000000000000000000 ) ) ;
#1821 = CARTESIAN_POINT ( 'NONE',  ( 0.5999999999999999778, 0.5200000000000000178, 0.8000000000000001554 ) ) ;
#1822 = VECTOR ( 'NONE', #1314, 1000.000000000000000 ) ;
#1823 = EDGE_LOOP ( 'NONE', ( #2530, #1800, #2448, #1532 ) ) ;
#1824 = PRESENTATION_LAYER_ASSIGNMENT (  '', '', ( #1084 ) ) ;
#1825 = DIRECTION ( 'NONE',  ( 0.0000000000000000000, 0.0000000000000000000, -1.000000000000000000 ) ) ;
#1826 = ADVANCED_FACE ( 'NONE', ( #2466 ), #689, .F. ) ;
#1827 = COLOUR_RGB ( '',0.7686274509803920907, 0.7686274509803920907, 0.7686274509803920907 ) ;
#1828 = VERTEX_POINT ( 'NONE', #1918 ) ;
#1829 = FILL_AREA_STYLE_COLOUR ( '', #19 ) ;
#1830 = STYLED_ITEM ( 'NONE', ( #2870 ), #1381 ) ;
#1831 = LINE ( 'NONE', #263, #474 ) ;
#1832 = LINE ( 'NONE', #953, #2068 ) ;
#1833 =( LENGTH_UNIT ( ) NAMED_UNIT ( * ) SI_UNIT ( .MILLI., .METRE. ) );
#1834 = VECTOR ( 'NONE', #1277, 1000.000000000000000 ) ;
#1835 = DIRECTION ( 'NONE',  ( -0.0000000000000000000, -0.0000000000000000000, 1.000000000000000000 ) ) ;
#1836 = FACE_OUTER_BOUND ( 'NONE', #305, .T. ) ;
#1837 = FILL_AREA_STYLE ('',( #702 ) ) ;
#1838 = VECTOR ( 'NONE', #1523, 1000.000000000000000 ) ;
#1839 =( GEOMETRIC_REPRESENTATION_CONTEXT ( 3 ) GLOBAL_UNCERTAINTY_ASSIGNED_CONTEXT ( ( #1620 ) ) GLOBAL_UNIT_ASSIGNED_CONTEXT ( ( #1518, #1106, #2906 ) ) REPRESENTATION_CONTEXT ( 'NONE', 'WORKASPACE' ) );
#1840 = ORIENTED_EDGE ( 'NONE', *, *, #2176, .T. ) ;
#1841 = FACE_OUTER_BOUND ( 'NONE', #2625, .T. ) ;
#1842 =( LENGTH_UNIT ( ) NAMED_UNIT ( * ) SI_UNIT ( .MILLI., .METRE. ) );
#1843 = AXIS2_PLACEMENT_3D ( 'NONE', #2368, #2830, #557 ) ;
#1844 = ORIENTED_EDGE ( 'NONE', *, *, #2861, .T. ) ;
#1845 = MECHANICAL_DESIGN_GEOMETRIC_PRESENTATION_REPRESENTATION (  '', ( #1651 ), #97 ) ;
#1846 = PLANE ( 'NONE',  #2585 ) ;
#1847 = FILL_AREA_STYLE_COLOUR ( '', #1202 ) ;
#1848 = EDGE_CURVE ( 'NONE', #1953, #2091, #778, .T. ) ;
#1849 = CARTESIAN_POINT ( 'NONE',  ( -0.6500000000000000222, -0.02500000000000006384, -0.8000000000000001554 ) ) ;
#1850 = CARTESIAN_POINT ( 'NONE',  ( 0.1999999999999999833, -0.02500000000000006384, -0.8000000000000001554 ) ) ;
#1851 = CARTESIAN_POINT ( 'NONE',  ( -0.7999999999999999334, 0.5000000000000000000, 0.7999999999999999334 ) ) ;
#1852 = EDGE_CURVE ( 'NONE', #1811, #2833, #2763, .T. ) ;
#1853 = CARTESIAN_POINT ( 'NONE',  ( -0.6500000000000000222, 0.0000000000000000000, -0.8000000000000001554 ) ) ;
#1854 = SURFACE_STYLE_USAGE ( .BOTH. , #1147 ) ;
#1855 = DIRECTION ( 'NONE',  ( 0.0000000000000000000, 0.0000000000000000000, 1.000000000000000000 ) ) ;
#1856 = UNCERTAINTY_MEASURE_WITH_UNIT (LENGTH_MEASURE( 1.000000000000000082E-05 ), #2534, 'distance_accuracy_value', 'NONE');
#1857 = ORIENTED_EDGE ( 'NONE', *, *, #2069, .F. ) ;
#1858 = SURFACE_STYLE_FILL_AREA ( #2125 ) ;
#1859 = UNCERTAINTY_MEASURE_WITH_UNIT (LENGTH_MEASURE( 1.000000000000000082E-05 ), #284, 'distance_accuracy_value', 'NONE');
#1860 = EDGE_LOOP ( 'NONE', ( #931, #1316, #1967, #23, #341, #866, #66, #2560, #979, #1964, #1067, #1226, #2644, #775, #2055, #2222, #213, #648, #1169, #1280 ) ) ;
#1861 = VECTOR ( 'NONE', #247, 1000.000000000000000 ) ;
#1862 = DIRECTION ( 'NONE',  ( 1.000000000000000000, 0.0000000000000000000, 0.0000000000000000000 ) ) ;
#1863 = DIRECTION ( 'NONE',  ( -0.0000000000000000000, 1.000000000000000000, 0.0000000000000000000 ) ) ;
#1864 = EDGE_CURVE ( 'NONE', #884, #524, #2139, .T. ) ;
#1865 = ORIENTED_EDGE ( 'NONE', *, *, #2791, .T. ) ;
#1866 = DIRECTION ( 'NONE',  ( -0.0000000000000000000, 1.000000000000000000, -0.0000000000000000000 ) ) ;
#1867 = FILL_AREA_STYLE_COLOUR ( '', #1398 ) ;
#1868 = MECHANICAL_DESIGN_GEOMETRIC_PRESENTATION_REPRESENTATION (  '', ( #2017 ), #162 ) ;
#1869 = PRESENTATION_STYLE_ASSIGNMENT (( #477 ) ) ;
#1870 = EDGE_CURVE ( 'NONE', #1606, #38, #2602, .T. ) ;
#1871 = FACE_OUTER_BOUND ( 'NONE', #619, .T. ) ;
#1872 = COLOUR_RGB ( '',0.7686274509803920907, 0.7686274509803920907, 0.7686274509803920907 ) ;
#1873 = DIRECTION ( 'NONE',  ( -1.000000000000000000, -0.0000000000000000000, -0.0000000000000000000 ) ) ;
#1874 = VECTOR ( 'NONE', #1866, 1000.000000000000000 ) ;
#1875 = ORIENTED_EDGE ( 'NONE', *, *, #2279, .T. ) ;
#1876 = FILL_AREA_STYLE ('',( #1242 ) ) ;
#1877 = LINE ( 'NONE', #992, #874 ) ;
#1878 = ORIENTED_EDGE ( 'NONE', *, *, #1527, .F. ) ;
#1879 = SURFACE_STYLE_USAGE ( .BOTH. , #72 ) ;
#1880 = PRESENTATION_STYLE_ASSIGNMENT (( #2795 ) ) ;
#1881 = COLOUR_RGB ( '',1.000000000000000000, 1.000000000000000000, 1.000000000000000000 ) ;
#1882 = ORIENTED_EDGE ( 'NONE', *, *, #2461, .F. ) ;
#1883 = AXIS2_PLACEMENT_3D ( 'NONE', #413, #384, #160 ) ;
#1884 = CARTESIAN_POINT ( 'NONE',  ( -0.1499999999999999667, 0.0000000000000000000, 0.5000000000000002220 ) ) ;
#1885 = SURFACE_STYLE_FILL_AREA ( #804 ) ;
#1886 =( NAMED_UNIT ( * ) SI_UNIT ( $, .STERADIAN. ) SOLID_ANGLE_UNIT ( ) );
#1887 = CARTESIAN_POINT ( 'NONE',  ( -0.1499999999999999667, 0.0000000000000000000, -0.5000000000000002220 ) ) ;
#1888 = SURFACE_STYLE_FILL_AREA ( #987 ) ;
#1889 = EDGE_CURVE ( 'NONE', #1100, #1232, #1228, .T. ) ;
#1890 = ORIENTED_EDGE ( 'NONE', *, *, #1325, .T. ) ;
#1891 = LINE ( 'NONE', #1428, #1485 ) ;
#1892 = UNCERTAINTY_MEASURE_WITH_UNIT (LENGTH_MEASURE( 1.000000000000000082E-05 ), #142, 'distance_accuracy_value', 'NONE');
#1893 = STYLED_ITEM ( 'NONE', ( #1336 ), #2681 ) ;
#1894 = ORIENTED_EDGE ( 'NONE', *, *, #803, .F. ) ;
#1895 = CARTESIAN_POINT ( 'NONE',  ( -0.7999999999999999334, 0.5000000000000000000, 0.7999999999999999334 ) ) ;
#1896 = PRESENTATION_LAYER_ASSIGNMENT (  '', '', ( #1943 ) ) ;
#1897 = PLANE ( 'NONE',  #2328 ) ;
#1898 = ORIENTED_EDGE ( 'NONE', *, *, #915, .F. ) ;
#1899 = PLANE ( 'NONE',  #797 ) ;
#1900 = FILL_AREA_STYLE ('',( #1642 ) ) ;
#1901 = DIRECTION ( 'NONE',  ( 1.000000000000000000, -0.0000000000000000000, 0.0000000000000000000 ) ) ;
#1902 = CARTESIAN_POINT ( 'NONE',  ( -0.4750000000000001443, 0.5200000000000000178, 0.6750000000000001554 ) ) ;
#1903 = ORIENTED_EDGE ( 'NONE', *, *, #2559, .T. ) ;
#1904 = CARTESIAN_POINT ( 'NONE',  ( 0.3249999999999997891, -0.02500000000000006384, -0.6750000000000001554 ) ) ;
#1905 =( NAMED_UNIT ( * ) PLANE_ANGLE_UNIT ( ) SI_UNIT ( $, .RADIAN. ) );
#1906 = DIRECTION ( 'NONE',  ( -1.000000000000000000, -0.0000000000000000000, -0.0000000000000000000 ) ) ;
#1907 = EDGE_CURVE ( 'NONE', #2527, #1798, #108, .T. ) ;
#1908 = DIRECTION ( 'NONE',  ( 0.0000000000000000000, -0.0000000000000000000, -1.000000000000000000 ) ) ;
#1909 = CARTESIAN_POINT ( 'NONE',  ( -0.6500000000000000222, 0.0000000000000000000, 0.5000000000000002220 ) ) ;
#1910 = FACE_OUTER_BOUND ( 'NONE', #199, .T. ) ;
#1911 = ORIENTED_EDGE ( 'NONE', *, *, #2176, .F. ) ;
#1912 = UNCERTAINTY_MEASURE_WITH_UNIT (LENGTH_MEASURE( 1.000000000000000082E-05 ), #2252, 'distance_accuracy_value', 'NONE');
#1913 = PRESENTATION_LAYER_ASSIGNMENT (  '', '', ( #2144 ) ) ;
#1914 = DIRECTION ( 'NONE',  ( -0.0000000000000000000, -0.0000000000000000000, 1.000000000000000000 ) ) ;
#1915 = CARTESIAN_POINT ( 'NONE',  ( -0.4750000000000001443, -0.02500000000000006384, -0.6750000000000001554 ) ) ;
#1916 = ORIENTED_EDGE ( 'NONE', *, *, #105, .F. ) ;
#1917 =( NAMED_UNIT ( * ) SI_UNIT ( $, .STERADIAN. ) SOLID_ANGLE_UNIT ( ) );
#1918 = CARTESIAN_POINT ( 'NONE',  ( -0.6500000000000000222, -0.02500000000000006384, -0.5000000000000002220 ) ) ;
#1919 = UNCERTAINTY_MEASURE_WITH_UNIT (LENGTH_MEASURE( 1.000000000000000082E-05 ), #2867, 'distance_accuracy_value', 'NONE');
#1920 = VECTOR ( 'NONE', #1835, 1000.000000000000000 ) ;
#1921 = ORIENTED_EDGE ( 'NONE', *, *, #1720, .T. ) ;
#1922 = CARTESIAN_POINT ( 'NONE',  ( -0.5999999999999999778, 0.5200000000000000178, -0.8000000000000001554 ) ) ;
#1923 = SURFACE_STYLE_FILL_AREA ( #1464 ) ;
#1924 = FILL_AREA_STYLE ('',( #2589 ) ) ;
#1925 = EDGE_CURVE ( 'NONE', #630, #2621, #1016, .T. ) ;
#1926 = MECHANICAL_DESIGN_GEOMETRIC_PRESENTATION_REPRESENTATION (  '', ( #741 ), #1779 ) ;
#1927 = ORIENTED_EDGE ( 'NONE', *, *, #2663, .T. ) ;
#1928 =( NAMED_UNIT ( * ) PLANE_ANGLE_UNIT ( ) SI_UNIT ( $, .RADIAN. ) );
#1929 = PLANE ( 'NONE',  #1503 ) ;
#1930 = AXIS2_PLACEMENT_3D ( 'NONE', #1183, #107, #1444 ) ;
#1931 = DIRECTION ( 'NONE',  ( 1.000000000000000000, 0.0000000000000000000, 0.0000000000000000000 ) ) ;
#1932 = LINE ( 'NONE', #584, #1285 ) ;
#1933 = DIRECTION ( 'NONE',  ( -0.0000000000000000000, -1.000000000000000000, -0.0000000000000000000 ) ) ;
#1934 = ORIENTED_EDGE ( 'NONE', *, *, #274, .T. ) ;
#1935 = CARTESIAN_POINT ( 'NONE',  ( 0.1999999999999999833, -0.02500000000000006384, 0.8000000000000001554 ) ) ;
#1936 = DIRECTION ( 'NONE',  ( 0.0000000000000000000, 0.0000000000000000000, -1.000000000000000000 ) ) ;
#1937 = SURFACE_SIDE_STYLE ('',( #1987 ) ) ;
#1938 = VECTOR ( 'NONE', #853, 1000.000000000000000 ) ;
#1939 = ORIENTED_EDGE ( 'NONE', *, *, #2895, .T. ) ;
#1940 = FACE_OUTER_BOUND ( 'NONE', #2907, .T. ) ;
#1941 = FILL_AREA_STYLE ('',( #2536 ) ) ;
#1942 = ORIENTED_EDGE ( 'NONE', *, *, #657, .F. ) ;
#1943 = STYLED_ITEM ( 'NONE', ( #2845 ), #2775 ) ;
#1944 = ADVANCED_FACE ( 'NONE', ( #1209 ), #1004, .F. ) ;
#1945 = SURFACE_STYLE_FILL_AREA ( #597 ) ;
#1946 = EDGE_CURVE ( 'NONE', #76, #946, #2544, .T. ) ;
#1947 = SURFACE_SIDE_STYLE ('',( #1238 ) ) ;
#1948 =( LENGTH_UNIT ( ) NAMED_UNIT ( * ) SI_UNIT ( .MILLI., .METRE. ) );
#1949 = DIRECTION ( 'NONE',  ( -0.0000000000000000000, -0.0000000000000000000, -1.000000000000000000 ) ) ;
#1950 = ORIENTED_EDGE ( 'NONE', *, *, #1864, .F. ) ;
#1951 = DIRECTION ( 'NONE',  ( 0.7071067811865469066, 0.0000000000000000000, -0.7071067811865481278 ) ) ;
#1952 = DIRECTION ( 'NONE',  ( -0.0000000000000000000, -0.0000000000000000000, 1.000000000000000000 ) ) ;
#1953 = VERTEX_POINT ( 'NONE', #1445 ) ;
#1954 = SURFACE_SIDE_STYLE ('',( #426 ) ) ;
#1955 = DIRECTION ( 'NONE',  ( -1.000000000000000000, 0.0000000000000000000, -0.0000000000000000000 ) ) ;
#1956 = ORIENTED_EDGE ( 'NONE', *, *, #2083, .F. ) ;
#1957 = FILL_AREA_STYLE ('',( #1332 ) ) ;
#1958 = SURFACE_STYLE_USAGE ( .BOTH. , #1947 ) ;
#1959 = FILL_AREA_STYLE_COLOUR ( '', #1237 ) ;
#1960 =( GEOMETRIC_REPRESENTATION_CONTEXT ( 3 ) GLOBAL_UNCERTAINTY_ASSIGNED_CONTEXT ( ( #1066 ) ) GLOBAL_UNIT_ASSIGNED_CONTEXT ( ( #2517, #724, #963 ) ) REPRESENTATION_CONTEXT ( 'NONE', 'WORKASPACE' ) );
#1961 = PLANE ( 'NONE',  #939 ) ;
#1962 = EDGE_CURVE ( 'NONE', #720, #2205, #1877, .T. ) ;
#1963 = PRESENTATION_LAYER_ASSIGNMENT (  '', '', ( #2576 ) ) ;
#1964 = ORIENTED_EDGE ( 'NONE', *, *, #944, .T. ) ;
#1965 = FACE_OUTER_BOUND ( 'NONE', #1660, .T. ) ;
#1966 =( NAMED_UNIT ( * ) PLANE_ANGLE_UNIT ( ) SI_UNIT ( $, .RADIAN. ) );
#1967 = ORIENTED_EDGE ( 'NONE', *, *, #59, .F. ) ;
#1968 = CARTESIAN_POINT ( 'NONE',  ( 0.6500000000000000222, 0.5200000000000000178, 0.5000000000000002220 ) ) ;
#1969 = SURFACE_STYLE_USAGE ( .BOTH. , #1306 ) ;
#1970 = VECTOR ( 'NONE', #2367, 1000.000000000000000 ) ;
#1971 =( NAMED_UNIT ( * ) SI_UNIT ( $, .STERADIAN. ) SOLID_ANGLE_UNIT ( ) );
#1972 =( GEOMETRIC_REPRESENTATION_CONTEXT ( 3 ) GLOBAL_UNCERTAINTY_ASSIGNED_CONTEXT ( ( #2234 ) ) GLOBAL_UNIT_ASSIGNED_CONTEXT ( ( #533, #2723, #951 ) ) REPRESENTATION_CONTEXT ( 'NONE', 'WORKASPACE' ) );
#1973 = ORIENTED_EDGE ( 'NONE', *, *, #182, .F. ) ;
#1974 = SURFACE_SIDE_STYLE ('',( #625 ) ) ;
#1975 =( NAMED_UNIT ( * ) SI_UNIT ( $, .STERADIAN. ) SOLID_ANGLE_UNIT ( ) );
#1976 = VECTOR ( 'NONE', #2547, 1000.000000000000000 ) ;
#1977 = UNCERTAINTY_MEASURE_WITH_UNIT (LENGTH_MEASURE( 1.000000000000000082E-05 ), #504, 'distance_accuracy_value', 'NONE');
#1978 = VECTOR ( 'NONE', #2650, 1000.000000000000000 ) ;
#1979 = PRESENTATION_STYLE_ASSIGNMENT (( #1958 ) ) ;
#1980 = FILL_AREA_STYLE_COLOUR ( '', #2556 ) ;
#1981 = SURFACE_STYLE_USAGE ( .BOTH. , #2787 ) ;
#1982 = VECTOR ( 'NONE', #1619, 1000.000000000000000 ) ;
#1983 = ORIENTED_EDGE ( 'NONE', *, *, #965, .T. ) ;
#1984 = CARTESIAN_POINT ( 'NONE',  ( 0.6500000000000001332, 0.5000000000000000000, -0.8000000000000001554 ) ) ;
#1985 = EDGE_CURVE ( 'NONE', #2499, #2040, #1891, .T. ) ;
#1986 =( GEOMETRIC_REPRESENTATION_CONTEXT ( 3 ) GLOBAL_UNCERTAINTY_ASSIGNED_CONTEXT ( ( #1236 ) ) GLOBAL_UNIT_ASSIGNED_CONTEXT ( ( #1526, #872, #1975 ) ) REPRESENTATION_CONTEXT ( 'NONE', 'WORKASPACE' ) );
#1987 = SURFACE_STYLE_FILL_AREA ( #1064 ) ;
#1988 = UNCERTAINTY_MEASURE_WITH_UNIT (LENGTH_MEASURE( 1.000000000000000082E-05 ), #1588, 'distance_accuracy_value', 'NONE');
#1989 = ORIENTED_EDGE ( 'NONE', *, *, #1165, .F. ) ;
#1990 = VECTOR ( 'NONE', #1749, 1000.000000000000000 ) ;
#1991 = ORIENTED_EDGE ( 'NONE', *, *, #1243, .T. ) ;
#1992 = STYLED_ITEM ( 'NONE', ( #1158 ), #2470 ) ;
#1993 = CARTESIAN_POINT ( 'NONE',  ( 0.6500000000000000222, 0.5200000000000000178, -0.8000000000000001554 ) ) ;
#1994 = DIRECTION ( 'NONE',  ( 0.0000000000000000000, 0.0000000000000000000, -1.000000000000000000 ) ) ;
#1995 = LINE ( 'NONE', #387, #2886 ) ;
#1996 = FILL_AREA_STYLE ('',( #1350 ) ) ;
#1997 = VECTOR ( 'NONE', #1044, 1000.000000000000000 ) ;
#1998 =( GEOMETRIC_REPRESENTATION_CONTEXT ( 3 ) GLOBAL_UNCERTAINTY_ASSIGNED_CONTEXT ( ( #1856 ) ) GLOBAL_UNIT_ASSIGNED_CONTEXT ( ( #2534, #1816, #486 ) ) REPRESENTATION_CONTEXT ( 'NONE', 'WORKASPACE' ) );
#1999 = SURFACE_STYLE_USAGE ( .BOTH. , #2905 ) ;
#2000 = CARTESIAN_POINT ( 'NONE',  ( 0.6500000000000001332, 0.0000000000000000000, -0.8000000000000001554 ) ) ;
#2001 = DIRECTION ( 'NONE',  ( 1.000000000000000000, 0.0000000000000000000, 0.0000000000000000000 ) ) ;
#2002 = EDGE_CURVE ( 'NONE', #1289, #670, #1658, .T. ) ;
#2003 = ORIENTED_EDGE ( 'NONE', *, *, #1142, .T. ) ;
#2004 = CARTESIAN_POINT ( 'NONE',  ( 0.4750000000000003664, 0.5200000000000000178, 0.6750000000000001554 ) ) ;
#2005 = CARTESIAN_POINT ( 'NONE',  ( -0.7999999999999999334, 0.5000000000000000000, -0.8000000000000001554 ) ) ;
#2006 = EDGE_CURVE ( 'NONE', #2499, #2496, #2802, .T. ) ;
#2007 = ORIENTED_EDGE ( 'NONE', *, *, #1472, .T. ) ;
#2008 = DIRECTION ( 'NONE',  ( 0.0000000000000000000, 0.0000000000000000000, 1.000000000000000000 ) ) ;
#2009 = FACE_OUTER_BOUND ( 'NONE', #1051, .T. ) ;
#2010 = SURFACE_SIDE_STYLE ('',( #224 ) ) ;
#2011 = PRESENTATION_LAYER_ASSIGNMENT (  '', '', ( #1154 ) ) ;
#2012 = DIRECTION ( 'NONE',  ( 0.0000000000000000000, 0.0000000000000000000, 1.000000000000000000 ) ) ;
#2013 = CARTESIAN_POINT ( 'NONE',  ( 0.0000000000000000000, 0.5200000000000000178, 0.0000000000000000000 ) ) ;
#2014 = ORIENTED_EDGE ( 'NONE', *, *, #2245, .T. ) ;
#2015 = DIRECTION ( 'NONE',  ( 1.000000000000000000, 0.0000000000000000000, 0.0000000000000000000 ) ) ;
#2016 = DIRECTION ( 'NONE',  ( -1.000000000000000000, 0.0000000000000000000, -0.0000000000000000000 ) ) ;
#2017 = STYLED_ITEM ( 'NONE', ( #537 ), #2160 ) ;
#2018 = ORIENTED_EDGE ( 'NONE', *, *, #2097, .T. ) ;
#2019 = EDGE_CURVE ( 'NONE', #173, #2161, #2359, .T. ) ;
#2020 = VECTOR ( 'NONE', #1452, 1000.000000000000114 ) ;
#2021 = DIRECTION ( 'NONE',  ( 0.0000000000000000000, -1.000000000000000000, 0.0000000000000000000 ) ) ;
#2022 = DIRECTION ( 'NONE',  ( 1.000000000000000000, 0.0000000000000000000, -0.0000000000000000000 ) ) ;
#2023 = COLOUR_RGB ( '',1.000000000000000000, 1.000000000000000000, 1.000000000000000000 ) ;
#2024 = CARTESIAN_POINT ( 'NONE',  ( 0.1499999999999999667, -0.02500000000000006384, 0.8000000000000001554 ) ) ;
#2025 = AXIS2_PLACEMENT_3D ( 'NONE', #2450, #2497, #2052 ) ;
#2026 = ORIENTED_EDGE ( 'NONE', *, *, #342, .T. ) ;
#2027 = MECHANICAL_DESIGN_GEOMETRIC_PRESENTATION_REPRESENTATION (  '', ( #1315 ), #1501 ) ;
#2028 = SURFACE_STYLE_FILL_AREA ( #1 ) ;
#2029 = CARTESIAN_POINT ( 'NONE',  ( 0.6500000000000001332, 0.5000000000000000000, -0.5000000000000002220 ) ) ;
#2030 = EDGE_LOOP ( 'NONE', ( #2042, #28, #607, #2668 ) ) ;
#2031 =( NAMED_UNIT ( * ) PLANE_ANGLE_UNIT ( ) SI_UNIT ( $, .RADIAN. ) );
#2032 = COLOUR_RGB ( '',0.7686274509803920907, 0.7686274509803920907, 0.7686274509803920907 ) ;
#2033 = LINE ( 'NONE', #908, #2433 ) ;
#2034 = CARTESIAN_POINT ( 'NONE',  ( -0.7999999999999999334, 0.5000000000000000000, -0.8000000000000001554 ) ) ;
#2035 = EDGE_CURVE ( 'NONE', #2173, #1677, #2216, .T. ) ;
#2036 = CARTESIAN_POINT ( 'NONE',  ( 0.6500000000000001332, 0.0000000000000000000, 0.8000000000000001554 ) ) ;
#2037 = CARTESIAN_POINT ( 'NONE',  ( -0.7999999999999999334, 0.5000000000000000000, 0.7999999999999999334 ) ) ;
#2038 = MECHANICAL_DESIGN_GEOMETRIC_PRESENTATION_REPRESENTATION (  '', ( #1372 ), #1750 ) ;
#2039 =( NAMED_UNIT ( * ) SI_UNIT ( $, .STERADIAN. ) SOLID_ANGLE_UNIT ( ) );
#2040 = VERTEX_POINT ( 'NONE', #2151 ) ;
#2041 = SURFACE_SIDE_STYLE ('',( #2028 ) ) ;
#2042 = ORIENTED_EDGE ( 'NONE', *, *, #2616, .T. ) ;
#2043 = CARTESIAN_POINT ( 'NONE',  ( 0.4750000000000003664, -0.02500000000000006384, 0.6750000000000001554 ) ) ;
#2044 = DIRECTION ( 'NONE',  ( -1.000000000000000000, -0.0000000000000000000, -0.0000000000000000000 ) ) ;
#2045 = PLANE ( 'NONE',  #2115 ) ;
#2046 = LINE ( 'NONE', #1560, #897 ) ;
#2047 = CARTESIAN_POINT ( 'NONE',  ( 0.1500000000000000777, 0.0000000000000000000, 0.8000000000000001554 ) ) ;
#2048 = DIRECTION ( 'NONE',  ( -1.000000000000000000, 0.0000000000000000000, -0.0000000000000000000 ) ) ;
#2049 = FILL_AREA_STYLE ('',( #2700 ) ) ;
#2050 = ADVANCED_FACE ( 'NONE', ( #1726 ), #605, .F. ) ;
#2051 = VERTEX_POINT ( 'NONE', #2849 ) ;
#2052 = DIRECTION ( 'NONE',  ( 1.000000000000000000, 0.0000000000000000000, -0.0000000000000000000 ) ) ;
#2053 =( GEOMETRIC_REPRESENTATION_CONTEXT ( 3 ) GLOBAL_UNCERTAINTY_ASSIGNED_CONTEXT ( ( #977 ) ) GLOBAL_UNIT_ASSIGNED_CONTEXT ( ( #580, #99, #799 ) ) REPRESENTATION_CONTEXT ( 'NONE', 'WORKASPACE' ) );
#2054 = DIRECTION ( 'NONE',  ( -0.0000000000000000000, 1.000000000000000000, -0.0000000000000000000 ) ) ;
#2055 = ORIENTED_EDGE ( 'NONE', *, *, #671, .T. ) ;
#2056 = CARTESIAN_POINT ( 'NONE',  ( 0.0000000000000000000, 0.5200000000000000178, 0.0000000000000000000 ) ) ;
#2057 = PRESENTATION_LAYER_ASSIGNMENT (  '', '', ( #1206 ) ) ;
#2058 = CARTESIAN_POINT ( 'NONE',  ( -0.5999999999999999778, 0.5200000000000000178, 0.8000000000000001554 ) ) ;
#2059 =( NAMED_UNIT ( * ) PLANE_ANGLE_UNIT ( ) SI_UNIT ( $, .RADIAN. ) );
#2060 =( GEOMETRIC_REPRESENTATION_CONTEXT ( 3 ) GLOBAL_UNCERTAINTY_ASSIGNED_CONTEXT ( ( #431 ) ) GLOBAL_UNIT_ASSIGNED_CONTEXT ( ( #2352, #2844, #370 ) ) REPRESENTATION_CONTEXT ( 'NONE', 'WORKASPACE' ) );
#2061 = CARTESIAN_POINT ( 'NONE',  ( 0.6500000000000000222, 0.5200000000000000178, 0.5000000000000002220 ) ) ;
#2062 = PLANE ( 'NONE',  #900 ) ;
#2063 = STYLED_ITEM ( 'NONE', ( #677 ), #634 ) ;
#2064 = AXIS2_PLACEMENT_3D ( 'NONE', #180, #1134, #2710 ) ;
#2065 = ADVANCED_FACE ( 'NONE', ( #843 ), #2860, .F. ) ;
#2066 = EDGE_LOOP ( 'NONE', ( #2246, #1814, #1882, #2356, #990, #2003, #291, #2809, #586, #1983, #1787, #2638, #2430, #779, #1598, #2026, #1139, #168, #1450, #2107 ) ) ;
#2067 = DIRECTION ( 'NONE',  ( 1.000000000000000000, 0.0000000000000000000, -0.0000000000000000000 ) ) ;
#2068 = VECTOR ( 'NONE', #2291, 1000.000000000000000 ) ;
#2069 = EDGE_CURVE ( 'NONE', #1435, #798, #1737, .T. ) ;
#2070 = ORIENTED_EDGE ( 'NONE', *, *, #1002, .F. ) ;
#2071 = COLOUR_RGB ( '',0.7686274509803920907, 0.7686274509803920907, 0.7686274509803920907 ) ;
#2072 = CARTESIAN_POINT ( 'NONE',  ( -0.5999999999999999778, -0.02500000000000006384, -0.8000000000000001554 ) ) ;
#2073 = DIRECTION ( 'NONE',  ( -0.0000000000000000000, -1.000000000000000000, -0.0000000000000000000 ) ) ;
#2074 = CARTESIAN_POINT ( 'NONE',  ( -0.7999999999999999334, 0.0000000000000000000, 0.7999999999999999334 ) ) ;
#2075 = SHAPE_DEFINITION_REPRESENTATION ( #238, #2850 ) ;
#2076 = VECTOR ( 'NONE', #197, 1000.000000000000000 ) ;
#2077 = DIRECTION ( 'NONE',  ( -0.0000000000000000000, -1.000000000000000000, -0.0000000000000000000 ) ) ;
#2078 = DIRECTION ( 'NONE',  ( -1.000000000000000000, 0.0000000000000000000, 0.0000000000000000000 ) ) ;
#2079 = ORIENTED_EDGE ( 'NONE', *, *, #2296, .F. ) ;
#2080 = CARTESIAN_POINT ( 'NONE',  ( 0.6500000000000001332, 0.0000000000000000000, -0.5000000000000002220 ) ) ;
#2081 = ORIENTED_EDGE ( 'NONE', *, *, #2019, .F. ) ;
#2082 = DIRECTION ( 'NONE',  ( -0.0000000000000000000, 1.000000000000000000, -0.0000000000000000000 ) ) ;
#2083 = EDGE_CURVE ( 'NONE', #367, #411, #2187, .T. ) ;
#2084 = ORIENTED_EDGE ( 'NONE', *, *, #2035, .T. ) ;
#2085 = FACE_OUTER_BOUND ( 'NONE', #1308, .T. ) ;
#2086 = FILL_AREA_STYLE ('',( #1036 ) ) ;
#2087 = PRESENTATION_STYLE_ASSIGNMENT (( #701 ) ) ;
#2088 = ORIENTED_EDGE ( 'NONE', *, *, #2122, .F. ) ;
#2089 = DIRECTION ( 'NONE',  ( 0.0000000000000000000, -0.0000000000000000000, -1.000000000000000000 ) ) ;
#2090 =( LENGTH_UNIT ( ) NAMED_UNIT ( * ) SI_UNIT ( .MILLI., .METRE. ) );
#2091 = VERTEX_POINT ( 'NONE', #390 ) ;
#2092 = PRODUCT_RELATED_PRODUCT_CATEGORY ( 'part', '', ( #907 ) ) ;
#2093 = CARTESIAN_POINT ( 'NONE',  ( 0.0000000000000000000, 0.0000000000000000000, 0.0000000000000000000 ) ) ;
#2094 = CARTESIAN_POINT ( 'NONE',  ( -0.7999999999999997113, 0.5000000000000000000, -0.5000000000000000000 ) ) ;
#2095 = VECTOR ( 'NONE', #1554, 1000.000000000000000 ) ;
#2096 = VERTEX_POINT ( 'NONE', #1753 ) ;
#2097 = EDGE_CURVE ( 'NONE', #1370, #125, #2202, .T. ) ;
#2098 = SURFACE_STYLE_FILL_AREA ( #2519 ) ;
#2099 = LINE ( 'NONE', #2594, #2020 ) ;
#2100 = PRESENTATION_LAYER_ASSIGNMENT (  '', '', ( #24 ) ) ;
#2101 = CARTESIAN_POINT ( 'NONE',  ( 0.6500000000000000222, 0.5200000000000000178, -0.5000000000000002220 ) ) ;
#2102 = DIRECTION ( 'NONE',  ( -1.000000000000000000, 0.0000000000000000000, 0.0000000000000000000 ) ) ;
#2103 = CARTESIAN_POINT ( 'NONE',  ( -0.6500000000000000222, 0.5200000000000000178, -0.8000000000000001554 ) ) ;
#2104 = PRESENTATION_LAYER_ASSIGNMENT (  '', '', ( #978 ) ) ;
#2105 = FACE_OUTER_BOUND ( 'NONE', #1119, .T. ) ;
#2106 =( GEOMETRIC_REPRESENTATION_CONTEXT ( 3 ) GLOBAL_UNCERTAINTY_ASSIGNED_CONTEXT ( ( #161 ) ) GLOBAL_UNIT_ASSIGNED_CONTEXT ( ( #1234, #1008, #1248 ) ) REPRESENTATION_CONTEXT ( 'NONE', 'WORKASPACE' ) );
#2107 = ORIENTED_EDGE ( 'NONE', *, *, #590, .T. ) ;
#2108 =( NAMED_UNIT ( * ) PLANE_ANGLE_UNIT ( ) SI_UNIT ( $, .RADIAN. ) );
#2109 = CARTESIAN_POINT ( 'NONE',  ( -0.1499999999999999667, 0.5200000000000000178, -0.8000000000000001554 ) ) ;
#2110 = STYLED_ITEM ( 'NONE', ( #1293 ), #623 ) ;
#2111 = EDGE_LOOP ( 'NONE', ( #362, #1857, #1090, #43 ) ) ;
#2112 = LINE ( 'NONE', #2765, #1976 ) ;
#2113 = DIRECTION ( 'NONE',  ( 1.000000000000000000, 0.0000000000000000000, 0.0000000000000000000 ) ) ;
#2114 = ORIENTED_EDGE ( 'NONE', *, *, #1946, .T. ) ;
#2115 = AXIS2_PLACEMENT_3D ( 'NONE', #1265, #1009, #569 ) ;
#2116 = CARTESIAN_POINT ( 'NONE',  ( 0.6500000000000001332, 0.0000000000000000000, 0.5000000000000002220 ) ) ;
#2117 = SURFACE_SIDE_STYLE ('',( #1945 ) ) ;
#2118 = UNCERTAINTY_MEASURE_WITH_UNIT (LENGTH_MEASURE( 1.000000000000000082E-05 ), #525, 'distance_accuracy_value', 'NONE');
#2119 = ADVANCED_FACE ( 'NONE', ( #1384 ), #447, .F. ) ;
#2120 =( NAMED_UNIT ( * ) PLANE_ANGLE_UNIT ( ) SI_UNIT ( $, .RADIAN. ) );
#2121 = CARTESIAN_POINT ( 'NONE',  ( -0.6500000000000000222, 0.5200000000000000178, 0.5000000000000002220 ) ) ;
#2122 = EDGE_CURVE ( 'NONE', #2260, #2821, #925, .T. ) ;
#2123 = EDGE_LOOP ( 'NONE', ( #2760, #1462, #2375, #2282 ) ) ;
#2124 = SURFACE_SIDE_STYLE ('',( #1487 ) ) ;
#2125 = FILL_AREA_STYLE ('',( #751 ) ) ;
#2126 = UNCERTAINTY_MEASURE_WITH_UNIT (LENGTH_MEASURE( 1.000000000000000082E-05 ), #2447, 'distance_accuracy_value', 'NONE');
#2127 = PRESENTATION_LAYER_ASSIGNMENT (  '', '', ( #1135 ) ) ;
#2128 = ORIENTED_EDGE ( 'NONE', *, *, #1296, .F. ) ;
#2129 = PRESENTATION_LAYER_ASSIGNMENT (  '', '', ( #2788 ) ) ;
#2130 = PLANE ( 'NONE',  #2526 ) ;
#2131 = ORIENTED_EDGE ( 'NONE', *, *, #2697, .T. ) ;
#2132 = DIRECTION ( 'NONE',  ( -0.0000000000000000000, 0.0000000000000000000, -1.000000000000000000 ) ) ;
#2133 =( NAMED_UNIT ( * ) SI_UNIT ( $, .STERADIAN. ) SOLID_ANGLE_UNIT ( ) );
#2134 = DIRECTION ( 'NONE',  ( 0.0000000000000000000, 0.0000000000000000000, -1.000000000000000000 ) ) ;
#2135 = SURFACE_STYLE_USAGE ( .BOTH. , #1223 ) ;
#2136 = FILL_AREA_STYLE_COLOUR ( '', #1771 ) ;
#2137 = EDGE_LOOP ( 'NONE', ( #1844, #2689, #1373, #1490 ) ) ;
#2138 = ADVANCED_FACE ( 'NONE', ( #1577 ), #914, .F. ) ;
#2139 = LINE ( 'NONE', #2109, #300 ) ;
#2140 = LINE ( 'NONE', #531, #1483 ) ;
#2141 = SURFACE_STYLE_USAGE ( .BOTH. , #2824 ) ;
#2142 = CARTESIAN_POINT ( 'NONE',  ( -0.1499999999999999667, -0.02500000000000006384, 0.5000000000000002220 ) ) ;
#2143 = UNCERTAINTY_MEASURE_WITH_UNIT (LENGTH_MEASURE( 1.000000000000000082E-05 ), #2564, 'distance_accuracy_value', 'NONE');
#2144 = STYLED_ITEM ( 'NONE', ( #244 ), #1738 ) ;
#2145 = LINE ( 'NONE', #1915, #2268 ) ;
#2146 = CARTESIAN_POINT ( 'NONE',  ( -0.7999999999999999334, 0.0000000000000000000, -0.8000000000000001554 ) ) ;
#2147 = VECTOR ( 'NONE', #432, 1000.000000000000000 ) ;
#2148 = ORIENTED_EDGE ( 'NONE', *, *, #1240, .T. ) ;
#2149 = CARTESIAN_POINT ( 'NONE',  ( -0.3249999999999995670, 0.5200000000000000178, -0.6750000000000001554 ) ) ;
#2150 = LINE ( 'NONE', #1694, #221 ) ;
#2151 = CARTESIAN_POINT ( 'NONE',  ( -0.5999999999999999778, 0.5200000000000000178, 0.8000000000000001554 ) ) ;
#2152 = UNCERTAINTY_MEASURE_WITH_UNIT (LENGTH_MEASURE( 1.000000000000000082E-05 ), #1842, 'distance_accuracy_value', 'NONE');
#2153 = AXIS2_PLACEMENT_3D ( 'NONE', #1424, #1436, #635 ) ;
#2154 = ADVANCED_FACE ( 'NONE', ( #241 ), #2744, .F. ) ;
#2155 = EDGE_LOOP ( 'NONE', ( #2605, #1517, #1259, #159 ) ) ;
#2156 = MECHANICAL_DESIGN_GEOMETRIC_PRESENTATION_REPRESENTATION (  '', ( #2110 ), #2820 ) ;
#2157 = DIRECTION ( 'NONE',  ( -1.000000000000000000, 0.0000000000000000000, 0.0000000000000000000 ) ) ;
#2158 = LINE ( 'NONE', #2364, #1390 ) ;
#2159 = DIRECTION ( 'NONE',  ( -0.0000000000000000000, -0.0000000000000000000, 1.000000000000000000 ) ) ;
#2160 = ADVANCED_FACE ( 'NONE', ( #2105 ), #746, .T. ) ;
#2161 = VERTEX_POINT ( 'NONE', #80 ) ;
#2162 = CARTESIAN_POINT ( 'NONE',  ( 0.6500000000000001332, 0.0000000000000000000, 0.5000000000000002220 ) ) ;
#2163 = SURFACE_STYLE_USAGE ( .BOTH. , #1040 ) ;
#2164 = VECTOR ( 'NONE', #1052, 1000.000000000000000 ) ;
#2165 = MECHANICAL_DESIGN_GEOMETRIC_PRESENTATION_REPRESENTATION (  '', ( #361 ), #892 ) ;
#2166 = DIRECTION ( 'NONE',  ( 1.000000000000000000, -0.0000000000000000000, -0.0000000000000000000 ) ) ;
#2167 = PLANE ( 'NONE',  #752 ) ;
#2168 = ORIENTED_EDGE ( 'NONE', *, *, #2331, .F. ) ;
#2169 = DIRECTION ( 'NONE',  ( 0.0000000000000000000, 0.0000000000000000000, 1.000000000000000000 ) ) ;
#2170 = SURFACE_SIDE_STYLE ('',( #141 ) ) ;
#2171 = VECTOR ( 'NONE', #1691, 1000.000000000000000 ) ;
#2172 = PRESENTATION_LAYER_ASSIGNMENT (  '', '', ( #1992 ) ) ;
#2173 = VERTEX_POINT ( 'NONE', #1902 ) ;
#2174 = CARTESIAN_POINT ( 'NONE',  ( 0.1500000000000000777, 0.0000000000000000000, -0.5000000000000002220 ) ) ;
#2175 = FILL_AREA_STYLE ('',( #2389 ) ) ;
#2176 = EDGE_CURVE ( 'NONE', #2205, #884, #763, .T. ) ;
#2177 = DIRECTION ( 'NONE',  ( 0.0000000000000000000, 0.0000000000000000000, -1.000000000000000000 ) ) ;
#2178 = EDGE_LOOP ( 'NONE', ( #111, #1916, #676, #663 ) ) ;
#2179 = MECHANICAL_DESIGN_GEOMETRIC_PRESENTATION_REPRESENTATION (  '', ( #2363 ), #190 ) ;
#2180 = CARTESIAN_POINT ( 'NONE',  ( -0.3249999999999995670, -0.02500000000000006384, -0.6750000000000001554 ) ) ;
#2181 = DIRECTION ( 'NONE',  ( 0.7071067811865487940, 0.0000000000000000000, -0.7071067811865463515 ) ) ;
#2182 = EDGE_CURVE ( 'NONE', #100, #1100, #506, .T. ) ;
#2183 = DIRECTION ( 'NONE',  ( 0.0000000000000000000, 0.0000000000000000000, 1.000000000000000000 ) ) ;
#2184 = DIRECTION ( 'NONE',  ( -0.0000000000000000000, -1.000000000000000000, -0.0000000000000000000 ) ) ;
#2185 = VERTEX_POINT ( 'NONE', #2297 ) ;
#2186 = DIRECTION ( 'NONE',  ( 0.0000000000000000000, 0.0000000000000000000, -1.000000000000000000 ) ) ;
#2187 = LINE ( 'NONE', #1519, #595 ) ;
#2188 = ORIENTED_EDGE ( 'NONE', *, *, #1472, .F. ) ;
#2189 = LINE ( 'NONE', #2004, #121 ) ;
#2190 = CARTESIAN_POINT ( 'NONE',  ( -0.1999999999999999833, -0.02500000000000006384, -0.8000000000000001554 ) ) ;
#2191 = EDGE_CURVE ( 'NONE', #516, #2260, #2799, .T. ) ;
#2192 = ORIENTED_EDGE ( 'NONE', *, *, #528, .F. ) ;
#2193 =( NAMED_UNIT ( * ) PLANE_ANGLE_UNIT ( ) SI_UNIT ( $, .RADIAN. ) );
#2194 = DIRECTION ( 'NONE',  ( 0.7071067811865469066, 0.0000000000000000000, -0.7071067811865481278 ) ) ;
#2195 = EDGE_CURVE ( 'NONE', #855, #1758, #330, .T. ) ;
#2196 =( LENGTH_UNIT ( ) NAMED_UNIT ( * ) SI_UNIT ( .MILLI., .METRE. ) );
#2197 = VECTOR ( 'NONE', #1361, 1000.000000000000000 ) ;
#2198 = LINE ( 'NONE', #2146, #2399 ) ;
#2199 = COLOUR_RGB ( '',0.7686274509803920907, 0.7686274509803920907, 0.7686274509803920907 ) ;
#2200 = EDGE_LOOP ( 'NONE', ( #2577, #2320, #139, #320 ) ) ;
#2201 = PRESENTATION_LAYER_ASSIGNMENT (  '', '', ( #2811 ) ) ;
#2202 = LINE ( 'NONE', #2428, #1307 ) ;
#2203 = LINE ( 'NONE', #1755, #1978 ) ;
#2204 = VECTOR ( 'NONE', #2829, 1000.000000000000000 ) ;
#2205 = VERTEX_POINT ( 'NONE', #719 ) ;
#2206 = SURFACE_STYLE_USAGE ( .BOTH. , #1511 ) ;
#2207 =( LENGTH_UNIT ( ) NAMED_UNIT ( * ) SI_UNIT ( .MILLI., .METRE. ) );
#2208 =( GEOMETRIC_REPRESENTATION_CONTEXT ( 3 ) GLOBAL_UNCERTAINTY_ASSIGNED_CONTEXT ( ( #1116 ) ) GLOBAL_UNIT_ASSIGNED_CONTEXT ( ( #2273, #771, #2587 ) ) REPRESENTATION_CONTEXT ( 'NONE', 'WORKASPACE' ) );
#2209 = UNCERTAINTY_MEASURE_WITH_UNIT (LENGTH_MEASURE( 1.000000000000000082E-05 ), #473, 'distance_accuracy_value', 'NONE');
#2210 = CLOSED_SHELL ( 'NONE', ( #110, #638, #1826, #2050, #2681, #220, #1115, #1944, #634, #1469 ) ) ;
#2211 = EDGE_CURVE ( 'NONE', #449, #1164, #2555, .T. ) ;
#2212 = VECTOR ( 'NONE', #2552, 1000.000000000000000 ) ;
#2213 = FACE_OUTER_BOUND ( 'NONE', #1391, .T. ) ;
#2214 = DIRECTION ( 'NONE',  ( 0.0000000000000000000, 0.0000000000000000000, -1.000000000000000000 ) ) ;
#2215 = STYLED_ITEM ( 'NONE', ( #2419 ), #1412 ) ;
#2216 = LINE ( 'NONE', #1273, #68 ) ;
#2217 = ADVANCED_FACE ( 'NONE', ( #1239 ), #957, .F. ) ;
#2218 = EDGE_LOOP ( 'NONE', ( #1618, #859, #1722, #2168 ) ) ;
#2219 = VECTOR ( 'NONE', #462, 1000.000000000000000 ) ;
#2220 = DIRECTION ( 'NONE',  ( 0.0000000000000000000, 0.0000000000000000000, 1.000000000000000000 ) ) ;
#2221 = FACE_OUTER_BOUND ( 'NONE', #2876, .T. ) ;
#2222 = ORIENTED_EDGE ( 'NONE', *, *, #1807, .F. ) ;
#2223 = FILL_AREA_STYLE ('',( #2841 ) ) ;
#2224 = PRESENTATION_LAYER_ASSIGNMENT (  '', '', ( #1096 ) ) ;
#2225 = SURFACE_STYLE_USAGE ( .BOTH. , #205 ) ;
#2226 = DIRECTION ( 'NONE',  ( 1.000000000000000000, -0.0000000000000000000, 0.0000000000000000000 ) ) ;
#2227 = CARTESIAN_POINT ( 'NONE',  ( -0.6500000000000000222, 0.5000000000000000000, 0.5000000000000002220 ) ) ;
#2228 = ADVANCED_FACE ( 'NONE', ( #1411 ), #1644, .F. ) ;
#2229 = ORIENTED_EDGE ( 'NONE', *, *, #1058, .F. ) ;
#2230 = DIRECTION ( 'NONE',  ( 1.000000000000000000, 0.0000000000000000000, 0.0000000000000000000 ) ) ;
#2231 = CARTESIAN_POINT ( 'NONE',  ( -0.6500000000000000222, -0.02500000000000006384, 0.5000000000000002220 ) ) ;
#2232 = ORIENTED_EDGE ( 'NONE', *, *, #25, .T. ) ;
#2233 = FILL_AREA_STYLE_COLOUR ( '', #176 ) ;
#2234 = UNCERTAINTY_MEASURE_WITH_UNIT (LENGTH_MEASURE( 1.000000000000000082E-05 ), #533, 'distance_accuracy_value', 'NONE');
#2235 = FILL_AREA_STYLE ('',( #680 ) ) ;
#2236 = PRESENTATION_STYLE_ASSIGNMENT (( #2439 ) ) ;
#2237 = DIRECTION ( 'NONE',  ( -1.000000000000000000, 0.0000000000000000000, -0.0000000000000000000 ) ) ;
#2238 = VECTOR ( 'NONE', #740, 1000.000000000000114 ) ;
#2239 = DIRECTION ( 'NONE',  ( -0.0000000000000000000, 0.0000000000000000000, 1.000000000000000000 ) ) ;
#2240 =( NAMED_UNIT ( * ) PLANE_ANGLE_UNIT ( ) SI_UNIT ( $, .RADIAN. ) );
#2241 = SURFACE_STYLE_FILL_AREA ( #2049 ) ;
#2242 = ORIENTED_EDGE ( 'NONE', *, *, #2316, .T. ) ;
#2243 = PRESENTATION_LAYER_ASSIGNMENT (  '', '', ( #255 ) ) ;
#2244 = CARTESIAN_POINT ( 'NONE',  ( 0.3249999999999997891, 0.5200000000000000178, 0.6750000000000001554 ) ) ;
#2245 = EDGE_CURVE ( 'NONE', #857, #2051, #1299, .T. ) ;
#2246 = ORIENTED_EDGE ( 'NONE', *, *, #2828, .T. ) ;
#2247 = COLOUR_RGB ( '',0.7686274509803920907, 0.7686274509803920907, 0.7686274509803920907 ) ;
#2248 = DIRECTION ( 'NONE',  ( -0.7071067811865482389, 0.0000000000000000000, 0.7071067811865469066 ) ) ;
#2249 =( NAMED_UNIT ( * ) SI_UNIT ( $, .STERADIAN. ) SOLID_ANGLE_UNIT ( ) );
#2250 = EDGE_CURVE ( 'NONE', #2821, #1247, #178, .T. ) ;
#2251 = LINE ( 'NONE', #1363, #2147 ) ;
#2252 =( LENGTH_UNIT ( ) NAMED_UNIT ( * ) SI_UNIT ( .MILLI., .METRE. ) );
#2253 =( GEOMETRIC_REPRESENTATION_CONTEXT ( 3 ) GLOBAL_UNCERTAINTY_ASSIGNED_CONTEXT ( ( #2209 ) ) GLOBAL_UNIT_ASSIGNED_CONTEXT ( ( #473, #246, #1140 ) ) REPRESENTATION_CONTEXT ( 'NONE', 'WORKASPACE' ) );
#2254 = CARTESIAN_POINT ( 'NONE',  ( 0.6500000000000000222, 0.5200000000000000178, -0.5000000000000002220 ) ) ;
#2255 = SURFACE_STYLE_FILL_AREA ( #1194 ) ;
#2256 =( GEOMETRIC_REPRESENTATION_CONTEXT ( 3 ) GLOBAL_UNCERTAINTY_ASSIGNED_CONTEXT ( ( #1912 ) ) GLOBAL_UNIT_ASSIGNED_CONTEXT ( ( #2252, #604, #2848 ) ) REPRESENTATION_CONTEXT ( 'NONE', 'WORKASPACE' ) );
#2257 = STYLED_ITEM ( 'NONE', ( #1869 ), #1278 ) ;
#2258 = ORIENTED_EDGE ( 'NONE', *, *, #2541, .F. ) ;
#2259 = PLANE ( 'NONE',  #2025 ) ;
#2260 = VERTEX_POINT ( 'NONE', #614 ) ;
#2261 = SURFACE_STYLE_FILL_AREA ( #1171 ) ;
#2262 =( GEOMETRIC_REPRESENTATION_CONTEXT ( 3 ) GLOBAL_UNCERTAINTY_ASSIGNED_CONTEXT ( ( #1649 ) ) GLOBAL_UNIT_ASSIGNED_CONTEXT ( ( #2903, #1322, #1818 ) ) REPRESENTATION_CONTEXT ( 'NONE', 'WORKASPACE' ) );
#2263 = ADVANCED_FACE ( 'NONE', ( #810 ), #2167, .F. ) ;
#2264 =( LENGTH_UNIT ( ) NAMED_UNIT ( * ) SI_UNIT ( .MILLI., .METRE. ) );
#2265 =( NAMED_UNIT ( * ) SI_UNIT ( $, .STERADIAN. ) SOLID_ANGLE_UNIT ( ) );
#2266 = FACE_OUTER_BOUND ( 'NONE', #563, .T. ) ;
#2267 = CARTESIAN_POINT ( 'NONE',  ( 0.3249999999999997891, 0.5200000000000000178, 0.6750000000000001554 ) ) ;
#2268 = VECTOR ( 'NONE', #329, 1000.000000000000000 ) ;
#2269 = SURFACE_STYLE_FILL_AREA ( #1837 ) ;
#2270 = ORIENTED_EDGE ( 'NONE', *, *, #185, .F. ) ;
#2271 = FACE_OUTER_BOUND ( 'NONE', #2178, .T. ) ;
#2272 = ORIENTED_EDGE ( 'NONE', *, *, #824, .F. ) ;
#2273 =( LENGTH_UNIT ( ) NAMED_UNIT ( * ) SI_UNIT ( .MILLI., .METRE. ) );
#2274 = PRESENTATION_STYLE_ASSIGNMENT (( #2469 ) ) ;
#2275 = CARTESIAN_POINT ( 'NONE',  ( 0.1500000000000000777, 0.5000000000000000000, 0.8000000000000001554 ) ) ;
#2276 = SURFACE_STYLE_USAGE ( .BOTH. , #909 ) ;
#2277 = CARTESIAN_POINT ( 'NONE',  ( 0.1999999999999999833, -0.02500000000000006384, 0.8000000000000001554 ) ) ;
#2278 = CARTESIAN_POINT ( 'NONE',  ( 0.1499999999999999667, 0.5200000000000000178, -0.8000000000000001554 ) ) ;
#2279 = EDGE_CURVE ( 'NONE', #173, #2610, #2198, .T. ) ;
#2280 = CARTESIAN_POINT ( 'NONE',  ( 0.3249999999999997891, 0.5200000000000000178, -0.6750000000000001554 ) ) ;
#2281 = EDGE_CURVE ( 'NONE', #184, #496, #137, .T. ) ;
#2282 = ORIENTED_EDGE ( 'NONE', *, *, #129, .F. ) ;
#2283 = CARTESIAN_POINT ( 'NONE',  ( -0.1999999999999999833, -0.02500000000000006384, 0.8000000000000001554 ) ) ;
#2284 = VECTOR ( 'NONE', #2705, 1000.000000000000000 ) ;
#2285 = SURFACE_SIDE_STYLE ('',( #1730 ) ) ;
#2286 = VECTOR ( 'NONE', #2819, 1000.000000000000000 ) ;
#2287 = ORIENTED_EDGE ( 'NONE', *, *, #2697, .F. ) ;
#2288 = DIRECTION ( 'NONE',  ( 0.7071067811865463515, 0.0000000000000000000, 0.7071067811865487940 ) ) ;
#2289 = COLOUR_RGB ( '',0.7686274509803920907, 0.7686274509803920907, 0.7686274509803920907 ) ;
#2290 =( NAMED_UNIT ( * ) SI_UNIT ( $, .STERADIAN. ) SOLID_ANGLE_UNIT ( ) );
#2291 = DIRECTION ( 'NONE',  ( -1.000000000000000000, 0.0000000000000000000, 0.0000000000000000000 ) ) ;
#2292 = SURFACE_STYLE_FILL_AREA ( #2086 ) ;
#2293 = AXIS2_PLACEMENT_3D ( 'NONE', #328, #1931, #2134 ) ;
#2294 = PRESENTATION_LAYER_ASSIGNMENT (  '', '', ( #647 ) ) ;
#2295 = SURFACE_SIDE_STYLE ('',( #2773 ) ) ;
#2296 = EDGE_CURVE ( 'NONE', #1677, #76, #2395, .T. ) ;
#2297 = CARTESIAN_POINT ( 'NONE',  ( 0.1999999999999999833, 0.5200000000000000178, -0.8000000000000001554 ) ) ;
#2298 = VERTEX_POINT ( 'NONE', #1028 ) ;
#2299 = EDGE_CURVE ( 'NONE', #855, #1247, #1484, .T. ) ;
#2300 = PRESENTATION_LAYER_ASSIGNMENT (  '', '', ( #507 ) ) ;
#2301 = VERTEX_POINT ( 'NONE', #340 ) ;
#2302 = CARTESIAN_POINT ( 'NONE',  ( 0.1499999999999999667, 0.5200000000000000178, -0.8000000000000001554 ) ) ;
#2303 = SURFACE_SIDE_STYLE ('',( #2736 ) ) ;
#2304 = PLANE ( 'NONE',  #1447 ) ;
#2305 = STYLED_ITEM ( 'NONE', ( #1705 ), #2228 ) ;
#2306 = LINE ( 'NONE', #264, #794 ) ;
#2307 = VECTOR ( 'NONE', #2159, 1000.000000000000000 ) ;
#2308 = DIRECTION ( 'NONE',  ( -0.0000000000000000000, -0.0000000000000000000, -1.000000000000000000 ) ) ;
#2309 = CARTESIAN_POINT ( 'NONE',  ( -0.4750000000000001443, -0.02500000000000006384, 0.6750000000000001554 ) ) ;
#2310 = CARTESIAN_POINT ( 'NONE',  ( 0.0000000000000000000, 0.5200000000000000178, 0.0000000000000000000 ) ) ;
#2311 = MECHANICAL_DESIGN_GEOMETRIC_PRESENTATION_REPRESENTATION (  '', ( #1893 ), #1604 ) ;
#2312 =( GEOMETRIC_REPRESENTATION_CONTEXT ( 3 ) GLOBAL_UNCERTAINTY_ASSIGNED_CONTEXT ( ( #51 ) ) GLOBAL_UNIT_ASSIGNED_CONTEXT ( ( #1704, #1204, #1440 ) ) REPRESENTATION_CONTEXT ( 'NONE', 'WORKASPACE' ) );
#2313 = ORIENTED_EDGE ( 'NONE', *, *, #2616, .F. ) ;
#2314 = SURFACE_STYLE_USAGE ( .BOTH. , #84 ) ;
#2315 = DIRECTION ( 'NONE',  ( 1.000000000000000000, 0.0000000000000000000, 0.0000000000000000000 ) ) ;
#2316 = EDGE_CURVE ( 'NONE', #2185, #2911, #165, .T. ) ;
#2317 = ORIENTED_EDGE ( 'NONE', *, *, #59, .T. ) ;
#2318 = PRESENTATION_STYLE_ASSIGNMENT (( #1879 ) ) ;
#2319 = LINE ( 'NONE', #2094, #919 ) ;
#2320 = ORIENTED_EDGE ( 'NONE', *, *, #2122, .T. ) ;
#2321 = SURFACE_SIDE_STYLE ('',( #262 ) ) ;
#2322 = SURFACE_STYLE_USAGE ( .BOTH. , #2117 ) ;
#2323 = LINE ( 'NONE', #2507, #2857 ) ;
#2324 = LINE ( 'NONE', #1887, #1420 ) ;
#2325 = EDGE_LOOP ( 'NONE', ( #651, #1942, #2885, #88 ) ) ;
#2326 = CARTESIAN_POINT ( 'NONE',  ( -0.7999999999999997113, 0.5250000000000000222, -0.5000000000000000000 ) ) ;
#2327 = ORIENTED_EDGE ( 'NONE', *, *, #1630, .T. ) ;
#2328 = AXIS2_PLACEMENT_3D ( 'NONE', #2345, #1637, #321 ) ;
#2329 = CARTESIAN_POINT ( 'NONE',  ( -0.6500000000000000222, 0.5000000000000000000, 0.5000000000000002220 ) ) ;
#2330 = CARTESIAN_POINT ( 'NONE',  ( 0.1500000000000000777, 0.0000000000000000000, -0.8000000000000001554 ) ) ;
#2331 = EDGE_CURVE ( 'NONE', #2833, #449, #1269, .T. ) ;
#2332 = PRESENTATION_LAYER_ASSIGNMENT (  '', '', ( #1810 ) ) ;
#2333 = ORIENTED_EDGE ( 'NONE', *, *, #528, .T. ) ;
#2334 = FILL_AREA_STYLE ('',( #1867 ) ) ;
#2335 = EDGE_CURVE ( 'NONE', #723, #13, #2599, .T. ) ;
#2336 = MECHANICAL_DESIGN_GEOMETRIC_PRESENTATION_REPRESENTATION (  '', ( #978 ), #2060 ) ;
#2337 =( LENGTH_UNIT ( ) NAMED_UNIT ( * ) SI_UNIT ( .MILLI., .METRE. ) );
#2338 = COLOUR_RGB ( '',0.7686274509803920907, 0.7686274509803920907, 0.7686274509803920907 ) ;
#2339 = ORIENTED_EDGE ( 'NONE', *, *, #274, .F. ) ;
#2340 = PLANE ( 'NONE',  #231 ) ;
#2341 = FILL_AREA_STYLE_COLOUR ( '', #1406 ) ;
#2342 = CARTESIAN_POINT ( 'NONE',  ( -0.7999999999999997113, 0.5250000000000000222, 0.5000000000000000000 ) ) ;
#2343 = PRESENTATION_LAYER_ASSIGNMENT (  '', '', ( #695 ) ) ;
#2344 = ORIENTED_EDGE ( 'NONE', *, *, #2839, .F. ) ;
#2345 = CARTESIAN_POINT ( 'NONE',  ( 0.1499999999999999667, 0.5200000000000000178, -0.5000000000000002220 ) ) ;
#2346 = VECTOR ( 'NONE', #1559, 1000.000000000000000 ) ;
#2347 = ORIENTED_EDGE ( 'NONE', *, *, #2035, .F. ) ;
#2348 = AXIS2_PLACEMENT_3D ( 'NONE', #653, #2181, #850 ) ;
#2349 = FACE_OUTER_BOUND ( 'NONE', #1743, .T. ) ;
#2350 = UNCERTAINTY_MEASURE_WITH_UNIT (LENGTH_MEASURE( 1.000000000000000082E-05 ), #1536, 'distance_accuracy_value', 'NONE');
#2351 = EDGE_CURVE ( 'NONE', #2173, #2746, #2423, .T. ) ;
#2352 =( LENGTH_UNIT ( ) NAMED_UNIT ( * ) SI_UNIT ( .MILLI., .METRE. ) );
#2353 = SURFACE_STYLE_USAGE ( .BOTH. , #1011 ) ;
#2354 = DIRECTION ( 'NONE',  ( 0.0000000000000000000, 0.0000000000000000000, 1.000000000000000000 ) ) ;
#2355 =( GEOMETRIC_REPRESENTATION_CONTEXT ( 3 ) GLOBAL_UNCERTAINTY_ASSIGNED_CONTEXT ( ( #109 ) ) GLOBAL_UNIT_ASSIGNED_CONTEXT ( ( #839, #2643, #2875 ) ) REPRESENTATION_CONTEXT ( 'NONE', 'WORKASPACE' ) );
#2356 = ORIENTED_EDGE ( 'NONE', *, *, #2279, .F. ) ;
#2357 = VECTOR ( 'NONE', #348, 1000.000000000000000 ) ;
#2358 = CARTESIAN_POINT ( 'NONE',  ( 0.0000000000000000000, 0.5000000000000000000, 0.0000000000000000000 ) ) ;
#2359 = LINE ( 'NONE', #359, #2627 ) ;
#2360 = COLOUR_RGB ( '',0.2980392156862745057, 0.2980392156862745057, 0.2980392156862745057 ) ;
#2361 = VERTEX_POINT ( 'NONE', #2846 ) ;
#2362 = SURFACE_STYLE_FILL_AREA ( #980 ) ;
#2363 = STYLED_ITEM ( 'NONE', ( #2236 ), #2843 ) ;
#2364 = CARTESIAN_POINT ( 'NONE',  ( -0.1499999999999999667, -0.02500000000000006384, 0.8000000000000001554 ) ) ;
#2365 = ORIENTED_EDGE ( 'NONE', *, *, #2417, .T. ) ;
#2366 = CARTESIAN_POINT ( 'NONE',  ( -0.7999999999999997113, 0.5250000000000000222, 0.5000000000000000000 ) ) ;
#2367 = DIRECTION ( 'NONE',  ( -1.000000000000000000, -0.0000000000000000000, -0.0000000000000000000 ) ) ;
#2368 = CARTESIAN_POINT ( 'NONE',  ( 0.0000000000000000000, 0.5000000000000000000, 0.0000000000000000000 ) ) ;
#2369 = DIRECTION ( 'NONE',  ( -0.7071067811865482389, 0.0000000000000000000, -0.7071067811865469066 ) ) ;
#2370 = ADVANCED_FACE ( 'NONE', ( #152 ), #1961, .F. ) ;
#2371 = ORIENTED_EDGE ( 'NONE', *, *, #1397, .T. ) ;
#2372 = CARTESIAN_POINT ( 'NONE',  ( -0.7999999999999997113, 0.5000000000000000000, 0.5000000000000000000 ) ) ;
#2373 = CARTESIAN_POINT ( 'NONE',  ( -0.1999999999999999833, 0.5200000000000000178, -0.8000000000000001554 ) ) ;
#2374 = EDGE_CURVE ( 'NONE', #734, #1187, #2708, .T. ) ;
#2375 = ORIENTED_EDGE ( 'NONE', *, *, #2245, .F. ) ;
#2376 =( NAMED_UNIT ( * ) PLANE_ANGLE_UNIT ( ) SI_UNIT ( $, .RADIAN. ) );
#2377 = ORIENTED_EDGE ( 'NONE', *, *, #1240, .F. ) ;
#2378 = CARTESIAN_POINT ( 'NONE',  ( 0.6500000000000000222, -0.02500000000000006384, 0.8000000000000001554 ) ) ;
#2379 = CARTESIAN_POINT ( 'NONE',  ( 0.6500000000000000222, 0.5200000000000000178, 0.5000000000000002220 ) ) ;
#2380 = UNCERTAINTY_MEASURE_WITH_UNIT (LENGTH_MEASURE( 1.000000000000000082E-05 ), #894, 'distance_accuracy_value', 'NONE');
#2381 = LINE ( 'NONE', #1267, #2581 ) ;
#2382 = CARTESIAN_POINT ( 'NONE',  ( 0.1999999999999999833, 0.5200000000000000178, -0.8000000000000001554 ) ) ;
#2383 = VERTEX_POINT ( 'NONE', #418 ) ;
#2384 = PRESENTATION_STYLE_ASSIGNMENT (( #1033 ) ) ;
#2385 = STYLED_ITEM ( 'NONE', ( #350 ), #489 ) ;
#2386 = EDGE_CURVE ( 'NONE', #1477, #2776, #250, .T. ) ;
#2387 = PRESENTATION_LAYER_ASSIGNMENT (  '', '', ( #2910 ) ) ;
#2388 = CARTESIAN_POINT ( 'NONE',  ( -0.6500000000000000222, 0.5200000000000000178, -0.5000000000000002220 ) ) ;
#2389 = FILL_AREA_STYLE_COLOUR ( '', #1344 ) ;
#2390 = ORIENTED_EDGE ( 'NONE', *, *, #424, .F. ) ;
#2391 =( LENGTH_UNIT ( ) NAMED_UNIT ( * ) SI_UNIT ( .MILLI., .METRE. ) );
#2392 = SURFACE_STYLE_FILL_AREA ( #891 ) ;
#2393 = FILL_AREA_STYLE ('',( #1250 ) ) ;
#2394 = FILL_AREA_STYLE ('',( #1980 ) ) ;
#2395 = LINE ( 'NONE', #2814, #369 ) ;
#2396 = ORIENTED_EDGE ( 'NONE', *, *, #1870, .T. ) ;
#2397 =( NAMED_UNIT ( * ) PLANE_ANGLE_UNIT ( ) SI_UNIT ( $, .RADIAN. ) );
#2398 = SURFACE_STYLE_USAGE ( .BOTH. , #2170 ) ;
#2399 = VECTOR ( 'NONE', #790, 1000.000000000000000 ) ;
#2400 = ORIENTED_EDGE ( 'NONE', *, *, #490, .T. ) ;
#2401 = DIRECTION ( 'NONE',  ( -0.0000000000000000000, -1.000000000000000000, -0.0000000000000000000 ) ) ;
#2402 = CARTESIAN_POINT ( 'NONE',  ( -0.1499999999999999667, -0.02500000000000006384, -0.5000000000000002220 ) ) ;
#2403 = COLOUR_RGB ( '',0.7686274509803920907, 0.7686274509803920907, 0.7686274509803920907 ) ;
#2404 = EDGE_CURVE ( 'NONE', #315, #2677, #1545, .T. ) ;
#2405 = ORIENTED_EDGE ( 'NONE', *, *, #1807, .T. ) ;
#2406 = PLANE ( 'NONE',  #1883 ) ;
#2407 = UNCERTAINTY_MEASURE_WITH_UNIT (LENGTH_MEASURE( 1.000000000000000082E-05 ), #912, 'distance_accuracy_value', 'NONE');
#2408 = DIRECTION ( 'NONE',  ( -0.0000000000000000000, -1.000000000000000000, -0.0000000000000000000 ) ) ;
#2409 = EDGE_LOOP ( 'NONE', ( #1991, #1903, #917, #1326 ) ) ;
#2410 = FILL_AREA_STYLE ('',( #660 ) ) ;
#2411 = DIRECTION ( 'NONE',  ( -0.0000000000000000000, -1.000000000000000000, -0.0000000000000000000 ) ) ;
#2412 = UNCERTAINTY_MEASURE_WITH_UNIT (LENGTH_MEASURE( 1.000000000000000082E-05 ), #1049, 'distance_accuracy_value', 'NONE');
#2413 = ORIENTED_EDGE ( 'NONE', *, *, #166, .F. ) ;
#2414 = CARTESIAN_POINT ( 'NONE',  ( -0.5999999999999999778, -0.02500000000000006384, 0.8000000000000001554 ) ) ;
#2415 = DIRECTION ( 'NONE',  ( 1.000000000000000000, 0.0000000000000000000, 0.0000000000000000000 ) ) ;
#2416 = VERTEX_POINT ( 'NONE', #1793 ) ;
#2417 = EDGE_CURVE ( 'NONE', #1289, #145, #2046, .T. ) ;
#2418 = FILL_AREA_STYLE_COLOUR ( '', #1118 ) ;
#2419 = PRESENTATION_STYLE_ASSIGNMENT (( #2694 ) ) ;
#2420 = EDGE_CURVE ( 'NONE', #879, #2096, #2473, .T. ) ;
#2421 = SURFACE_STYLE_USAGE ( .BOTH. , #1748 ) ;
#2422 = AXIS2_PLACEMENT_3D ( 'NONE', #2005, #608, #363 ) ;
#2423 = LINE ( 'NONE', #572, #1037 ) ;
#2424 = AXIS2_PLACEMENT_3D ( 'NONE', #1568, #1124, #2732 ) ;
#2425 = ORIENTED_EDGE ( 'NONE', *, *, #2912, .T. ) ;
#2426 = LINE ( 'NONE', #2000, #661 ) ;
#2427 = AXIS2_PLACEMENT_3D ( 'NONE', #2921, #2728, #211 ) ;
#2428 = CARTESIAN_POINT ( 'NONE',  ( -0.1499999999999999667, 0.5000000000000000000, 0.5000000000000002220 ) ) ;
#2429 = CLOSED_SHELL ( 'NONE', ( #1738, #2592, #869, #253, #1610, #842, #1327, #1017, #2160, #1201 ) ) ;
#2430 = ORIENTED_EDGE ( 'NONE', *, *, #2861, .F. ) ;
#2431 = PLANE ( 'NONE',  #314 ) ;
#2432 = DIRECTION ( 'NONE',  ( 1.000000000000000000, 0.0000000000000000000, -0.0000000000000000000 ) ) ;
#2433 = VECTOR ( 'NONE', #2044, 1000.000000000000000 ) ;
#2434 = MECHANICAL_DESIGN_GEOMETRIC_PRESENTATION_REPRESENTATION (  '', ( #2909 ), #2675 ) ;
#2435 = ORIENTED_EDGE ( 'NONE', *, *, #495, .T. ) ;
#2436 = FACE_OUTER_BOUND ( 'NONE', #611, .T. ) ;
#2437 = FILL_AREA_STYLE_COLOUR ( '', #2872 ) ;
#2438 = MANIFOLD_SOLID_BREP ( 'Boss-Extrude2[2]', #2429 ) ;
#2439 = SURFACE_STYLE_USAGE ( .BOTH. , #861 ) ;
#2440 = PRESENTATION_STYLE_ASSIGNMENT (( #862 ) ) ;
#2441 = EDGE_CURVE ( 'NONE', #100, #1318, #682, .T. ) ;
#2442 = AXIS2_PLACEMENT_3D ( 'NONE', #1254, #826, #2022 ) ;
#2443 = MANIFOLD_SOLID_BREP ( 'Boss-Extrude3', #1591 ) ;
#2444 = CARTESIAN_POINT ( 'NONE',  ( 0.1500000000000000777, 0.5000000000000000000, 0.5000000000000002220 ) ) ;
#2445 = CARTESIAN_POINT ( 'NONE',  ( -0.7999999999999999334, 0.5000000000000000000, -0.8000000000000001554 ) ) ;
#2446 = VECTOR ( 'NONE', #1654, 1000.000000000000000 ) ;
#2447 =( LENGTH_UNIT ( ) NAMED_UNIT ( * ) SI_UNIT ( .MILLI., .METRE. ) );
#2448 = ORIENTED_EDGE ( 'NONE', *, *, #2808, .F. ) ;
#2449 = VECTOR ( 'NONE', #2540, 1000.000000000000000 ) ;
#2450 = CARTESIAN_POINT ( 'NONE',  ( -0.7999999999999999334, 0.5000000000000000000, -0.8000000000000001554 ) ) ;
#2451 = CARTESIAN_POINT ( 'NONE',  ( 0.4750000000000003664, 0.5200000000000000178, -0.6750000000000001554 ) ) ;
#2452 = MANIFOLD_SOLID_BREP ( 'Boss-Extrude2[3]', #1170 ) ;
#2453 = STYLED_ITEM ( 'NONE', ( #766 ), #2557 ) ;
#2454 = ORIENTED_EDGE ( 'NONE', *, *, #2002, .T. ) ;
#2455 = CARTESIAN_POINT ( 'NONE',  ( -0.7999999999999997113, 0.5000000000000000000, 0.5000000000000000000 ) ) ;
#2456 = FILL_AREA_STYLE ('',( #2656 ) ) ;
#2457 = PLANE ( 'NONE',  #48 ) ;
#2458 = CARTESIAN_POINT ( 'NONE',  ( 0.1499999999999999667, 0.5200000000000000178, 0.8000000000000001554 ) ) ;
#2459 = SURFACE_STYLE_FILL_AREA ( #644 ) ;
#2460 = PLANE ( 'NONE',  #1185 ) ;
#2461 = EDGE_CURVE ( 'NONE', #2610, #1189, #2609, .T. ) ;
#2462 = PRESENTATION_STYLE_ASSIGNMENT (( #938 ) ) ;
#2463 = ORIENTED_EDGE ( 'NONE', *, *, #590, .F. ) ;
#2464 = EDGE_CURVE ( 'NONE', #85, #2776, #1493, .T. ) ;
#2465 = LINE ( 'NONE', #439, #459 ) ;
#2466 = FACE_OUTER_BOUND ( 'NONE', #1823, .T. ) ;
#2467 = ORIENTED_EDGE ( 'NONE', *, *, #2182, .T. ) ;
#2468 = SURFACE_SIDE_STYLE ('',( #1788 ) ) ;
#2469 = SURFACE_STYLE_USAGE ( .BOTH. , #277 ) ;
#2470 = MANIFOLD_SOLID_BREP ( 'Boss-Extrude2[1]', #2210 ) ;
#2471 = FILL_AREA_STYLE_COLOUR ( '', #760 ) ;
#2472 = LINE ( 'NONE', #2818, #654 ) ;
#2473 = LINE ( 'NONE', #18, #2219 ) ;
#2474 = FACE_OUTER_BOUND ( 'NONE', #792, .T. ) ;
#2475 = SURFACE_STYLE_USAGE ( .BOTH. , #1324 ) ;
#2476 = ADVANCED_FACE ( 'NONE', ( #1910 ), #1614, .F. ) ;
#2477 = ORIENTED_EDGE ( 'NONE', *, *, #1418, .F. ) ;
#2478 = CARTESIAN_POINT ( 'NONE',  ( 0.1999999999999999833, 0.5200000000000000178, -0.8000000000000001554 ) ) ;
#2479 = EDGE_CURVE ( 'NONE', #2301, #539, #609, .T. ) ;
#2480 = ORIENTED_EDGE ( 'NONE', *, *, #1433, .T. ) ;
#2481 = STYLED_ITEM ( 'NONE', ( #836 ), #220 ) ;
#2482 = LINE ( 'NONE', #259, #454 ) ;
#2483 = LINE ( 'NONE', #2043, #251 ) ;
#2484 = AXIS2_PLACEMENT_3D ( 'NONE', #2116, #1200, #2132 ) ;
#2485 = DIRECTION ( 'NONE',  ( 0.7071067811865463515, 0.0000000000000000000, 0.7071067811865487940 ) ) ;
#2486 = FILL_AREA_STYLE ('',( #281 ) ) ;
#2487 = AXIS2_PLACEMENT_3D ( 'NONE', #1113, #2248, #2913 ) ;
#2488 = PRESENTATION_STYLE_ASSIGNMENT (( #371 ) ) ;
#2489 = PRODUCT_CONTEXT ( 'NONE', #975, 'mechanical' ) ;
#2490 = VECTOR ( 'NONE', #1825, 1000.000000000000000 ) ;
#2491 = PLANE ( 'NONE',  #311 ) ;
#2492 = DIRECTION ( 'NONE',  ( 1.000000000000000000, -0.0000000000000000000, 0.0000000000000000000 ) ) ;
#2493 = FILL_AREA_STYLE ('',( #198 ) ) ;
#2494 = VECTOR ( 'NONE', #2230, 1000.000000000000000 ) ;
#2495 = COLOUR_RGB ( '',0.2980392156862745057, 0.2980392156862745057, 0.2980392156862745057 ) ;
#2496 = VERTEX_POINT ( 'NONE', #2868 ) ;
#2497 = DIRECTION ( 'NONE',  ( 0.0000000000000000000, 0.0000000000000000000, 1.000000000000000000 ) ) ;
#2498 = CARTESIAN_POINT ( 'NONE',  ( 0.5999999999999999778, 0.5200000000000000178, -0.8000000000000001554 ) ) ;
#2499 = VERTEX_POINT ( 'NONE', #847 ) ;
#2500 = EDGE_CURVE ( 'NONE', #2693, #1806, #1741, .T. ) ;
#2501 = MECHANICAL_DESIGN_GEOMETRIC_PRESENTATION_REPRESENTATION (  '', ( #2784 ), #2262 ) ;
#2502 = COLOUR_RGB ( '',1.000000000000000000, 1.000000000000000000, 1.000000000000000000 ) ;
#2503 = SURFACE_SIDE_STYLE ('',( #2535 ) ) ;
#2504 = CARTESIAN_POINT ( 'NONE',  ( -0.1499999999999999667, 0.5200000000000000178, 0.5000000000000002220 ) ) ;
#2505 = APPLICATION_PROTOCOL_DEFINITION ( 'draft international standard', 'automotive_design', 1998, #1742 ) ;
#2506 = MECHANICAL_DESIGN_GEOMETRIC_PRESENTATION_REPRESENTATION (  '', ( #1135 ), #1562 ) ;
#2507 = CARTESIAN_POINT ( 'NONE',  ( 0.1499999999999999667, 0.5200000000000000178, -0.5000000000000002220 ) ) ;
#2508 = LINE ( 'NONE', #924, #1233 ) ;
#2509 = DIRECTION ( 'NONE',  ( 1.000000000000000000, 0.0000000000000000000, 0.0000000000000000000 ) ) ;
#2510 = UNCERTAINTY_MEASURE_WITH_UNIT (LENGTH_MEASURE( 1.000000000000000082E-05 ), #223, 'distance_accuracy_value', 'NONE');
#2511 = ORIENTED_EDGE ( 'NONE', *, *, #1720, .F. ) ;
#2512 = DIRECTION ( 'NONE',  ( 0.0000000000000000000, -0.0000000000000000000, 1.000000000000000000 ) ) ;
#2513 = PLANE ( 'NONE',  #206 ) ;
#2514 = UNCERTAINTY_MEASURE_WITH_UNIT (LENGTH_MEASURE( 1.000000000000000082E-05 ), #2391, 'distance_accuracy_value', 'NONE');
#2515 = EDGE_LOOP ( 'NONE', ( #14, #2327, #1683, #1331 ) ) ;
#2516 = SURFACE_STYLE_USAGE ( .BOTH. , #5 ) ;
#2517 =( LENGTH_UNIT ( ) NAMED_UNIT ( * ) SI_UNIT ( .MILLI., .METRE. ) );
#2518 = EDGE_CURVE ( 'NONE', #1635, #1751, #382, .T. ) ;
#2519 = FILL_AREA_STYLE ('',( #1392 ) ) ;
#2520 = SURFACE_STYLE_FILL_AREA ( #2486 ) ;
#2521 = SURFACE_STYLE_FILL_AREA ( #1924 ) ;
#2522 = EDGE_CURVE ( 'NONE', #630, #38, #146, .T. ) ;
#2523 = CARTESIAN_POINT ( 'NONE',  ( -0.6500000000000000222, -0.02500000000000006384, 0.8000000000000001554 ) ) ;
#2524 = FILL_AREA_STYLE ('',( #1383 ) ) ;
#2525 = CARTESIAN_POINT ( 'NONE',  ( 0.1500000000000000777, 0.0000000000000000000, 0.5000000000000002220 ) ) ;
#2526 = AXIS2_PLACEMENT_3D ( 'NONE', #2548, #2782, #2113 ) ;
#2527 = VERTEX_POINT ( 'NONE', #1707 ) ;
#2528 = SURFACE_SIDE_STYLE ('',( #53 ) ) ;
#2529 = VECTOR ( 'NONE', #2908, 1000.000000000000000 ) ;
#2530 = ORIENTED_EDGE ( 'NONE', *, *, #2083, .T. ) ;
#2531 = FACE_OUTER_BOUND ( 'NONE', #1581, .T. ) ;
#2532 = AXIS2_PLACEMENT_3D ( 'NONE', #773, #2538, #283 ) ;
#2533 = LINE ( 'NONE', #1849, #690 ) ;
#2534 =( LENGTH_UNIT ( ) NAMED_UNIT ( * ) SI_UNIT ( .MILLI., .METRE. ) );
#2535 = SURFACE_STYLE_FILL_AREA ( #1600 ) ;
#2536 = FILL_AREA_STYLE_COLOUR ( '', #1465 ) ;
#2537 = VECTOR ( 'NONE', #2401, 1000.000000000000000 ) ;
#2538 = DIRECTION ( 'NONE',  ( 0.0000000000000000000, -1.000000000000000000, 0.0000000000000000000 ) ) ;
#2539 = DIRECTION ( 'NONE',  ( -0.0000000000000000000, -1.000000000000000000, -0.0000000000000000000 ) ) ;
#2540 = DIRECTION ( 'NONE',  ( 1.000000000000000000, -0.0000000000000000000, -0.0000000000000000000 ) ) ;
#2541 = EDGE_CURVE ( 'NONE', #2703, #1635, #603, .T. ) ;
#2542 = EDGE_LOOP ( 'NONE', ( #1939, #71, #1388, #1911 ) ) ;
#2543 = AXIS2_PLACEMENT_3D ( 'NONE', #2358, #1657, #2089 ) ;
#2544 = LINE ( 'NONE', #960, #2667 ) ;
#2545 = VECTOR ( 'NONE', #444, 1000.000000000000000 ) ;
#2546 = VERTEX_POINT ( 'NONE', #2801 ) ;
#2547 = DIRECTION ( 'NONE',  ( -0.0000000000000000000, -0.0000000000000000000, -1.000000000000000000 ) ) ;
#2548 = CARTESIAN_POINT ( 'NONE',  ( -0.6500000000000000222, 0.0000000000000000000, -0.5000000000000002220 ) ) ;
#2549 = ORIENTED_EDGE ( 'NONE', *, *, #2808, .T. ) ;
#2550 = FILL_AREA_STYLE_COLOUR ( '', #261 ) ;
#2551 = FILL_AREA_STYLE_COLOUR ( '', #2676 ) ;
#2552 = DIRECTION ( 'NONE',  ( 1.000000000000000000, 0.0000000000000000000, 0.0000000000000000000 ) ) ;
#2553 = PRESENTATION_STYLE_ASSIGNMENT (( #744 ) ) ;
#2554 = LINE ( 'NONE', #971, #1747 ) ;
#2555 = LINE ( 'NONE', #1179, #2449 ) ;
#2556 = COLOUR_RGB ( '',1.000000000000000000, 1.000000000000000000, 1.000000000000000000 ) ;
#2557 = ADVANCED_FACE ( 'NONE', ( #333 ), #2340, .F. ) ;
#2558 = ORIENTED_EDGE ( 'NONE', *, *, #1647, .F. ) ;
#2559 = EDGE_CURVE ( 'NONE', #559, #496, #1001, .T. ) ;
#2560 = ORIENTED_EDGE ( 'NONE', *, *, #2335, .F. ) ;
#2561 = CARTESIAN_POINT ( 'NONE',  ( -0.1499999999999999667, 0.5200000000000000178, -0.8000000000000001554 ) ) ;
#2562 = LINE ( 'NONE', #1245, #591 ) ;
#2563 = ORIENTED_EDGE ( 'NONE', *, *, #2191, .F. ) ;
#2564 =( LENGTH_UNIT ( ) NAMED_UNIT ( * ) SI_UNIT ( .MILLI., .METRE. ) );
#2565 = LINE ( 'NONE', #534, #838 ) ;
#2566 = CARTESIAN_POINT ( 'NONE',  ( 0.1999999999999999833, 0.5200000000000000178, 0.8000000000000001554 ) ) ;
#2567 = UNCERTAINTY_MEASURE_WITH_UNIT (LENGTH_MEASURE( 1.000000000000000082E-05 ), #886, 'distance_accuracy_value', 'NONE');
#2568 = CARTESIAN_POINT ( 'NONE',  ( -0.1499999999999999667, 0.5000000000000000000, 0.5000000000000002220 ) ) ;
#2569 = FILL_AREA_STYLE_COLOUR ( '', #1046 ) ;
#2570 = DIRECTION ( 'NONE',  ( 1.000000000000000000, -0.0000000000000000000, 0.0000000000000000000 ) ) ;
#2571 = ORIENTED_EDGE ( 'NONE', *, *, #2701, .F. ) ;
#2572 = DIRECTION ( 'NONE',  ( -0.0000000000000000000, 1.000000000000000000, -0.0000000000000000000 ) ) ;
#2573 = ORIENTED_EDGE ( 'NONE', *, *, #2006, .T. ) ;
#2574 = FACE_OUTER_BOUND ( 'NONE', #2200, .T. ) ;
#2575 = EDGE_CURVE ( 'NONE', #1034, #383, #1672, .T. ) ;
#2576 = STYLED_ITEM ( 'NONE', ( #1416 ), #1944 ) ;
#2577 = ORIENTED_EDGE ( 'NONE', *, *, #149, .T. ) ;
#2578 = LINE ( 'NONE', #1684, #1494 ) ;
#2579 = AXIS2_PLACEMENT_3D ( 'NONE', #1082, #2001, #646 ) ;
#2580 = DIRECTION ( 'NONE',  ( 0.0000000000000000000, 0.0000000000000000000, -1.000000000000000000 ) ) ;
#2581 = VECTOR ( 'NONE', #2166, 1000.000000000000000 ) ;
#2582 = CARTESIAN_POINT ( 'NONE',  ( 0.1499999999999999667, 0.5200000000000000178, 0.8000000000000001554 ) ) ;
#2583 = VECTOR ( 'NONE', #2626, 1000.000000000000000 ) ;
#2584 = CARTESIAN_POINT ( 'NONE',  ( -0.6500000000000000222, 0.5200000000000000178, 0.8000000000000001554 ) ) ;
#2585 = AXIS2_PLACEMENT_3D ( 'NONE', #2093, #2606, #1908 ) ;
#2586 = ORIENTED_EDGE ( 'NONE', *, *, #1870, .F. ) ;
#2587 =( NAMED_UNIT ( * ) SI_UNIT ( $, .STERADIAN. ) SOLID_ANGLE_UNIT ( ) );
#2588 = FACE_OUTER_BOUND ( 'NONE', #1739, .T. ) ;
#2589 = FILL_AREA_STYLE_COLOUR ( '', #327 ) ;
#2590 =( GEOMETRIC_REPRESENTATION_CONTEXT ( 3 ) GLOBAL_UNCERTAINTY_ASSIGNED_CONTEXT ( ( #998 ) ) GLOBAL_UNIT_ASSIGNED_CONTEXT ( ( #1131, #17, #2265 ) ) REPRESENTATION_CONTEXT ( 'NONE', 'WORKASPACE' ) );
#2591 = ORIENTED_EDGE ( 'NONE', *, *, #2250, .T. ) ;
#2592 = ADVANCED_FACE ( 'NONE', ( #1693 ), #1656, .F. ) ;
#2593 = PRESENTATION_LAYER_ASSIGNMENT (  '', '', ( #2257 ) ) ;
#2594 = CARTESIAN_POINT ( 'NONE',  ( 0.1999999999999999833, 0.5200000000000000178, -0.8000000000000001554 ) ) ;
#2595 =( NAMED_UNIT ( * ) SI_UNIT ( $, .STERADIAN. ) SOLID_ANGLE_UNIT ( ) );
#2596 = UNCERTAINTY_MEASURE_WITH_UNIT (LENGTH_MEASURE( 1.000000000000000082E-05 ), #1389, 'distance_accuracy_value', 'NONE');
#2597 = EDGE_CURVE ( 'NONE', #1121, #1080, #793, .T. ) ;
#2598 = CARTESIAN_POINT ( 'NONE',  ( -0.6500000000000000222, -0.02500000000000006384, -0.5000000000000002220 ) ) ;
#2599 = LINE ( 'NONE', #355, #1092 ) ;
#2600 = VECTOR ( 'NONE', #154, 1000.000000000000000 ) ;
#2601 = ORIENTED_EDGE ( 'NONE', *, *, #2823, .T. ) ;
#2602 = LINE ( 'NONE', #301, #2286 ) ;
#2603 = UNCERTAINTY_MEASURE_WITH_UNIT (LENGTH_MEASURE( 1.000000000000000082E-05 ), #1143, 'distance_accuracy_value', 'NONE');
#2604 = PRESENTATION_LAYER_ASSIGNMENT (  '', '', ( #1372 ) ) ;
#2605 = ORIENTED_EDGE ( 'NONE', *, *, #769, .F. ) ;
#2606 = DIRECTION ( 'NONE',  ( 0.0000000000000000000, -1.000000000000000000, 0.0000000000000000000 ) ) ;
#2607 = AXIS2_PLACEMENT_3D ( 'NONE', #837, #2021, #1310 ) ;
#2608 = SURFACE_SIDE_STYLE ('',( #1923 ) ) ;
#2609 = LINE ( 'NONE', #2074, #2307 ) ;
#2610 = VERTEX_POINT ( 'NONE', #316 ) ;
#2611 = FACE_OUTER_BOUND ( 'NONE', #1539, .T. ) ;
#2612 = DIRECTION ( 'NONE',  ( 0.0000000000000000000, 0.0000000000000000000, 1.000000000000000000 ) ) ;
#2613 = LINE ( 'NONE', #821, #2204 ) ;
#2614 = CARTESIAN_POINT ( 'NONE',  ( 0.8000000000000001554, 0.0000000000000000000, 0.7999999999999999334 ) ) ;
#2615 = DIRECTION ( 'NONE',  ( -1.000000000000000000, 0.0000000000000000000, -0.0000000000000000000 ) ) ;
#2616 = EDGE_CURVE ( 'NONE', #52, #670, #2618, .T. ) ;
#2617 = ORIENTED_EDGE ( 'NONE', *, *, #306, .F. ) ;
#2618 = LINE ( 'NONE', #2372, #2600 ) ;
#2619 = CARTESIAN_POINT ( 'NONE',  ( -0.6500000000000000222, 0.5200000000000000178, 0.5000000000000002220 ) ) ;
#2620 = CARTESIAN_POINT ( 'NONE',  ( -0.7999999999999999334, 0.5000000000000000000, 0.7999999999999999334 ) ) ;
#2621 = VERTEX_POINT ( 'NONE', #2920 ) ;
#2622 = DIRECTION ( 'NONE',  ( -0.0000000000000000000, -1.000000000000000000, -0.0000000000000000000 ) ) ;
#2623 =( LENGTH_UNIT ( ) NAMED_UNIT ( * ) SI_UNIT ( .MILLI., .METRE. ) );
#2624 =( GEOMETRIC_REPRESENTATION_CONTEXT ( 3 ) GLOBAL_UNCERTAINTY_ASSIGNED_CONTEXT ( ( #1468 ) ) GLOBAL_UNIT_ASSIGNED_CONTEXT ( ( #2207, #1282, #1540 ) ) REPRESENTATION_CONTEXT ( 'NONE', 'WORKASPACE' ) );
#2625 = EDGE_LOOP ( 'NONE', ( #153, #1671, #1989, #703 ) ) ;
#2626 = DIRECTION ( 'NONE',  ( -0.7071067811865463515, -0.0000000000000000000, 0.7071067811865487940 ) ) ;
#2627 = VECTOR ( 'NONE', #1952, 1000.000000000000000 ) ;
#2628 = CARTESIAN_POINT ( 'NONE',  ( 0.3249999999999997891, 0.5200000000000000178, -0.6750000000000001554 ) ) ;
#2629 = PRESENTATION_LAYER_ASSIGNMENT (  '', '', ( #2481 ) ) ;
#2630 = EDGE_CURVE ( 'NONE', #13, #2361, #181, .T. ) ;
#2631 = CARTESIAN_POINT ( 'NONE',  ( 0.6500000000000000222, 0.5200000000000000178, 0.8000000000000001554 ) ) ;
#2632 = UNCERTAINTY_MEASURE_WITH_UNIT (LENGTH_MEASURE( 1.000000000000000082E-05 ), #260, 'distance_accuracy_value', 'NONE');
#2633 = PRESENTATION_LAYER_ASSIGNMENT (  '', '', ( #738 ) ) ;
#2634 = ORIENTED_EDGE ( 'NONE', *, *, #2335, .T. ) ;
#2635 = PRESENTATION_LAYER_ASSIGNMENT (  '', '', ( #1168 ) ) ;
#2636 = FILL_AREA_STYLE_COLOUR ( '', #1266 ) ;
#2637 = FILL_AREA_STYLE_COLOUR ( '', #2709 ) ;
#2638 = ORIENTED_EDGE ( 'NONE', *, *, #1362, .F. ) ;
#2639 = PLANE ( 'NONE',  #297 ) ;
#2640 = COLOUR_RGB ( '',0.7686274509803920907, 0.7686274509803920907, 0.7686274509803920907 ) ;
#2641 = VECTOR ( 'NONE', #984, 1000.000000000000114 ) ;
#2642 = FACE_OUTER_BOUND ( 'NONE', #2714, .T. ) ;
#2643 =( NAMED_UNIT ( * ) PLANE_ANGLE_UNIT ( ) SI_UNIT ( $, .RADIAN. ) );
#2644 = ORIENTED_EDGE ( 'NONE', *, *, #1111, .F. ) ;
#2645 = CARTESIAN_POINT ( 'NONE',  ( -0.1499999999999999667, -0.02500000000000006384, -0.5000000000000002220 ) ) ;
#2646 =( LENGTH_UNIT ( ) NAMED_UNIT ( * ) SI_UNIT ( .MILLI., .METRE. ) );
#2647 = STYLED_ITEM ( 'NONE', ( #2684 ), #2443 ) ;
#2648 = EDGE_CURVE ( 'NONE', #879, #2686, #2669, .T. ) ;
#2649 = ORIENTED_EDGE ( 'NONE', *, *, #41, .T. ) ;
#2650 = DIRECTION ( 'NONE',  ( 0.0000000000000000000, 0.0000000000000000000, -1.000000000000000000 ) ) ;
#2651 = LINE ( 'NONE', #2231, #729 ) ;
#2652 = CARTESIAN_POINT ( 'NONE',  ( 0.3249999999999997891, -0.02500000000000006384, 0.6750000000000001554 ) ) ;
#2653 = EDGE_CURVE ( 'NONE', #964, #2686, #2426, .T. ) ;
#2654 = ORIENTED_EDGE ( 'NONE', *, *, #858, .T. ) ;
#2655 = DIRECTION ( 'NONE',  ( 1.000000000000000000, 0.0000000000000000000, 0.0000000000000000000 ) ) ;
#2656 = FILL_AREA_STYLE_COLOUR ( '', #643 ) ;
#2657 = ORIENTED_EDGE ( 'NONE', *, *, #2895, .F. ) ;
#2658 = ORIENTED_EDGE ( 'NONE', *, *, #1727, .T. ) ;
#2659 = DIRECTION ( 'NONE',  ( -1.000000000000000000, 0.0000000000000000000, 0.0000000000000000000 ) ) ;
#2660 = ORIENTED_EDGE ( 'NONE', *, *, #898, .T. ) ;
#2661 = FACE_OUTER_BOUND ( 'NONE', #817, .T. ) ;
#2662 = FACE_OUTER_BOUND ( 'NONE', #1023, .T. ) ;
#2663 = EDGE_CURVE ( 'NONE', #665, #1005, #1301, .T. ) ;
#2664 = LINE ( 'NONE', #192, #1773 ) ;
#2665 = FILL_AREA_STYLE ('',( #2900 ) ) ;
#2666 = VECTOR ( 'NONE', #2806, 1000.000000000000000 ) ;
#2667 = VECTOR ( 'NONE', #511, 1000.000000000000000 ) ;
#2668 = ORIENTED_EDGE ( 'NONE', *, *, #385, .T. ) ;
#2669 = LINE ( 'NONE', #2445, #707 ) ;
#2670 =( GEOMETRIC_REPRESENTATION_CONTEXT ( 3 ) GLOBAL_UNCERTAINTY_ASSIGNED_CONTEXT ( ( #55 ) ) GLOBAL_UNIT_ASSIGNED_CONTEXT ( ( #2688, #436, #2039 ) ) REPRESENTATION_CONTEXT ( 'NONE', 'WORKASPACE' ) );
#2671 = FILL_AREA_STYLE_COLOUR ( '', #70 ) ;
#2672 =( GEOMETRIC_REPRESENTATION_CONTEXT ( 3 ) GLOBAL_UNCERTAINTY_ASSIGNED_CONTEXT ( ( #2380 ) ) GLOBAL_UNIT_ASSIGNED_CONTEXT ( ( #894, #1102, #222 ) ) REPRESENTATION_CONTEXT ( 'NONE', 'WORKASPACE' ) );
#2673 = EDGE_LOOP ( 'NONE', ( #2242, #1621, #1244, #4 ) ) ;
#2674 = CARTESIAN_POINT ( 'NONE',  ( 0.6500000000000001332, 0.0000000000000000000, -0.8000000000000001554 ) ) ;
#2675 =( GEOMETRIC_REPRESENTATION_CONTEXT ( 3 ) GLOBAL_UNCERTAINTY_ASSIGNED_CONTEXT ( ( #2143 ) ) GLOBAL_UNIT_ASSIGNED_CONTEXT ( ( #2564, #307, #966 ) ) REPRESENTATION_CONTEXT ( 'NONE', 'WORKASPACE' ) );
#2676 = COLOUR_RGB ( '',0.7529411764705882248, 0.7529411764705882248, 0.7529411764705882248 ) ;
#2677 = VERTEX_POINT ( 'NONE', #422 ) ;
#2678 = SURFACE_SIDE_STYLE ('',( #1333 ) ) ;
#2679 = VECTOR ( 'NONE', #2082, 1000.000000000000000 ) ;
#2680 = UNCERTAINTY_MEASURE_WITH_UNIT (LENGTH_MEASURE( 1.000000000000000082E-05 ), #1734, 'distance_accuracy_value', 'NONE');
#2681 = ADVANCED_FACE ( 'NONE', ( #1576 ), #2460, .F. ) ;
#2682 =( NAMED_UNIT ( * ) PLANE_ANGLE_UNIT ( ) SI_UNIT ( $, .RADIAN. ) );
#2683 = CARTESIAN_POINT ( 'NONE',  ( -0.1499999999999999667, 0.5000000000000000000, -0.5000000000000002220 ) ) ;
#2684 = PRESENTATION_STYLE_ASSIGNMENT (( #878 ) ) ;
#2685 = ADVANCED_FACE ( 'NONE', ( #1965 ), #864, .F. ) ;
#2686 = VERTEX_POINT ( 'NONE', #1984 ) ;
#2687 =( LENGTH_UNIT ( ) NAMED_UNIT ( * ) SI_UNIT ( .MILLI., .METRE. ) );
#2688 =( LENGTH_UNIT ( ) NAMED_UNIT ( * ) SI_UNIT ( .MILLI., .METRE. ) );
#2689 = ORIENTED_EDGE ( 'NONE', *, *, #2420, .F. ) ;
#2690 = VECTOR ( 'NONE', #523, 1000.000000000000000 ) ;
#2691 = FILL_AREA_STYLE_COLOUR ( '', #885 ) ;
#2692 =( NAMED_UNIT ( * ) SI_UNIT ( $, .STERADIAN. ) SOLID_ANGLE_UNIT ( ) );
#2693 = VERTEX_POINT ( 'NONE', #2645 ) ;
#2694 = SURFACE_STYLE_USAGE ( .BOTH. , #1789 ) ;
#2695 = CARTESIAN_POINT ( 'NONE',  ( 0.1999999999999999833, 0.5200000000000000178, 0.8000000000000001554 ) ) ;
#2696 = CARTESIAN_POINT ( 'NONE',  ( -0.6500000000000000222, 0.5000000000000000000, -0.5000000000000002220 ) ) ;
#2697 = EDGE_CURVE ( 'NONE', #2864, #1189, #2877, .T. ) ;
#2698 = ORIENTED_EDGE ( 'NONE', *, *, #2500, .F. ) ;
#2699 = DIRECTION ( 'NONE',  ( -0.0000000000000000000, 1.000000000000000000, -0.0000000000000000000 ) ) ;
#2700 = FILL_AREA_STYLE_COLOUR ( '', #2289 ) ;
#2701 = EDGE_CURVE ( 'NONE', #1149, #2864, #2508, .T. ) ;
#2702 = ORIENTED_EDGE ( 'NONE', *, *, #2803, .T. ) ;
#2703 = VERTEX_POINT ( 'NONE', #731 ) ;
#2704 = SURFACE_STYLE_USAGE ( .BOTH. , #442 ) ;
#2705 = DIRECTION ( 'NONE',  ( -0.0000000000000000000, -0.0000000000000000000, 1.000000000000000000 ) ) ;
#2706 = PLANE ( 'NONE',  #117 ) ;
#2707 = DIRECTION ( 'NONE',  ( 1.000000000000000000, -0.0000000000000000000, -0.0000000000000000000 ) ) ;
#2708 = LINE ( 'NONE', #2278, #2737 ) ;
#2709 = COLOUR_RGB ( '',1.000000000000000000, 1.000000000000000000, 1.000000000000000000 ) ;
#2710 = DIRECTION ( 'NONE',  ( -1.000000000000000000, 0.0000000000000000000, -0.0000000000000000000 ) ) ;
#2711 = LINE ( 'NONE', #1821, #1794 ) ;
#2712 =( LENGTH_UNIT ( ) NAMED_UNIT ( * ) SI_UNIT ( .MILLI., .METRE. ) );
#2713 = EDGE_CURVE ( 'NONE', #85, #544, #2554, .T. ) ;
#2714 = EDGE_LOOP ( 'NONE', ( #1631, #1360, #982, #1575 ) ) ;
#2715 =( GEOMETRIC_REPRESENTATION_CONTEXT ( 3 ) GLOBAL_UNCERTAINTY_ASSIGNED_CONTEXT ( ( #768 ) ) GLOBAL_UNIT_ASSIGNED_CONTEXT ( ( #2646, #1966, #827 ) ) REPRESENTATION_CONTEXT ( 'NONE', 'WORKASPACE' ) );
#2716 = CARTESIAN_POINT ( 'NONE',  ( 0.1500000000000000777, 0.0000000000000000000, -0.8000000000000001554 ) ) ;
#2717 = PLANE ( 'NONE',  #2424 ) ;
#2718 = CLOSED_SHELL ( 'NONE', ( #1292, #2119, #2154, #2914, #2228, #2752, #1381, #1022, #2685, #2843 ) ) ;
#2719 = ORIENTED_EDGE ( 'NONE', *, *, #1647, .T. ) ;
#2720 = STYLED_ITEM ( 'NONE', ( #2553 ), #110 ) ;
#2721 = PRESENTATION_LAYER_ASSIGNMENT (  '', '', ( #2385 ) ) ;
#2722 = EDGE_LOOP ( 'NONE', ( #513, #286, #708, #2698, #1356, #633, #257, #1146 ) ) ;
#2723 =( NAMED_UNIT ( * ) PLANE_ANGLE_UNIT ( ) SI_UNIT ( $, .RADIAN. ) );
#2724 = CARTESIAN_POINT ( 'NONE',  ( -0.7999999999999999334, 0.0000000000000000000, 0.7999999999999999334 ) ) ;
#2725 = MECHANICAL_DESIGN_GEOMETRIC_PRESENTATION_REPRESENTATION (  '', ( #840 ), #2208 ) ;
#2726 = CARTESIAN_POINT ( 'NONE',  ( -0.7999999999999999334, 0.5000000000000000000, 0.7999999999999999334 ) ) ;
#2727 = DIRECTION ( 'NONE',  ( -1.000000000000000000, -0.0000000000000000000, -0.0000000000000000000 ) ) ;
#2728 = DIRECTION ( 'NONE',  ( 0.0000000000000000000, 0.0000000000000000000, 1.000000000000000000 ) ) ;
#2729 = STYLED_ITEM ( 'NONE', ( #294 ), #1327 ) ;
#2730 = ORIENTED_EDGE ( 'NONE', *, *, #1561, .F. ) ;
#2731 = LINE ( 'NONE', #214, #1733 ) ;
#2732 = DIRECTION ( 'NONE',  ( 0.0000000000000000000, 0.0000000000000000000, -1.000000000000000000 ) ) ;
#2733 = EDGE_CURVE ( 'NONE', #449, #2301, #2711, .T. ) ;
#2734 = VECTOR ( 'NONE', #2918, 1000.000000000000000 ) ;
#2735 = ORIENTED_EDGE ( 'NONE', *, *, #2296, .T. ) ;
#2736 = SURFACE_STYLE_FILL_AREA ( #932 ) ;
#2737 = VECTOR ( 'NONE', #2890, 1000.000000000000000 ) ;
#2738 = ADVANCED_FACE ( 'NONE', ( #745 ), #1353, .F. ) ;
#2739 =( GEOMETRIC_REPRESENTATION_CONTEXT ( 3 ) GLOBAL_UNCERTAINTY_ASSIGNED_CONTEXT ( ( #405 ) ) GLOBAL_UNIT_ASSIGNED_CONTEXT ( ( #800, #622, #1971 ) ) REPRESENTATION_CONTEXT ( 'NONE', 'WORKASPACE' ) );
#2740 = DIRECTION ( 'NONE',  ( -1.000000000000000000, 0.0000000000000000000, 0.0000000000000000000 ) ) ;
#2741 = DIRECTION ( 'NONE',  ( 1.000000000000000000, 0.0000000000000000000, -0.0000000000000000000 ) ) ;
#2742 = SURFACE_SIDE_STYLE ('',( #936 ) ) ;
#2743 =( NAMED_UNIT ( * ) PLANE_ANGLE_UNIT ( ) SI_UNIT ( $, .RADIAN. ) );
#2744 = PLANE ( 'NONE',  #1257 ) ;
#2745 = AXIS2_PLACEMENT_3D ( 'NONE', #1819, #1365, #1176 ) ;
#2746 = VERTEX_POINT ( 'NONE', #2309 ) ;
#2747 = FILL_AREA_STYLE ('',( #2341 ) ) ;
#2748 = SURFACE_STYLE_USAGE ( .BOTH. , #451 ) ;
#2749 = VERTEX_POINT ( 'NONE', #35 ) ;
#2750 = PRESENTATION_STYLE_ASSIGNMENT (( #2704 ) ) ;
#2751 = CARTESIAN_POINT ( 'NONE',  ( 0.0000000000000000000, -0.02500000000000006384, 0.0000000000000000000 ) ) ;
#2752 = ADVANCED_FACE ( 'NONE', ( #913 ), #2062, .F. ) ;
#2753 = DIRECTION ( 'NONE',  ( -0.7071067811865463515, 0.0000000000000000000, -0.7071067811865487940 ) ) ;
#2754 = DIRECTION ( 'NONE',  ( 0.0000000000000000000, 0.0000000000000000000, -1.000000000000000000 ) ) ;
#2755 = DIRECTION ( 'NONE',  ( -0.0000000000000000000, -0.0000000000000000000, 1.000000000000000000 ) ) ;
#2756 =( NAMED_UNIT ( * ) PLANE_ANGLE_UNIT ( ) SI_UNIT ( $, .RADIAN. ) );
#2757 = CARTESIAN_POINT ( 'NONE',  ( 0.1999999999999999833, -0.02500000000000006384, -0.8000000000000001554 ) ) ;
#2758 = CARTESIAN_POINT ( 'NONE',  ( -0.7999999999999997113, 0.5250000000000000222, 0.5000000000000000000 ) ) ;
#2759 = VECTOR ( 'NONE', #1035, 1000.000000000000000 ) ;
#2760 = ORIENTED_EDGE ( 'NONE', *, *, #1165, .T. ) ;
#2761 = PLANE ( 'NONE',  #1270 ) ;
#2762 = COLOUR_RGB ( '',0.7686274509803920907, 0.7686274509803920907, 0.7686274509803920907 ) ;
#2763 = LINE ( 'NONE', #542, #1626 ) ;
#2764 = ORIENTED_EDGE ( 'NONE', *, *, #2417, .F. ) ;
#2765 = CARTESIAN_POINT ( 'NONE',  ( -0.1499999999999999667, -0.02500000000000006384, 0.5000000000000002220 ) ) ;
#2766 = CARTESIAN_POINT ( 'NONE',  ( 0.1999999999999999833, -0.02500000000000006384, -0.8000000000000001554 ) ) ;
#2767 = MECHANICAL_DESIGN_GEOMETRIC_PRESENTATION_REPRESENTATION (  '', ( #304 ), #401 ) ;
#2768 = ORIENTED_EDGE ( 'NONE', *, *, #1079, .T. ) ;
#2769 = PRESENTATION_STYLE_ASSIGNMENT (( #89 ) ) ;
#2770 =( LENGTH_UNIT ( ) NAMED_UNIT ( * ) SI_UNIT ( .MILLI., .METRE. ) );
#2771 = ADVANCED_FACE ( 'NONE', ( #1836 ), #718, .T. ) ;
#2772 = COLOUR_RGB ( '',0.7686274509803920907, 0.7686274509803920907, 0.7686274509803920907 ) ;
#2773 = SURFACE_STYLE_FILL_AREA ( #1900 ) ;
#2774 = CARTESIAN_POINT ( 'NONE',  ( 0.6500000000000000222, 0.5200000000000000178, -0.8000000000000001554 ) ) ;
#2775 = ADVANCED_FACE ( 'NONE', ( #136 ), #1268, .F. ) ;
#2776 = VERTEX_POINT ( 'NONE', #2614 ) ;
#2777 =( NAMED_UNIT ( * ) SI_UNIT ( $, .STERADIAN. ) SOLID_ANGLE_UNIT ( ) );
#2778 = DIRECTION ( 'NONE',  ( -1.000000000000000000, 0.0000000000000000000, 0.0000000000000000000 ) ) ;
#2779 = UNCERTAINTY_MEASURE_WITH_UNIT (LENGTH_MEASURE( 1.000000000000000082E-05 ), #497, 'distance_accuracy_value', 'NONE');
#2780 = ORIENTED_EDGE ( 'NONE', *, *, #2250, .F. ) ;
#2781 = FILL_AREA_STYLE_COLOUR ( '', #1547 ) ;
#2782 = DIRECTION ( 'NONE',  ( -0.0000000000000000000, 0.0000000000000000000, 1.000000000000000000 ) ) ;
#2783 = EDGE_LOOP ( 'NONE', ( #425, #2794, #1894, #1566 ) ) ;
#2784 = STYLED_ITEM ( 'NONE', ( #2440 ), #2438 ) ;
#2785 = VECTOR ( 'NONE', #2415, 1000.000000000000000 ) ;
#2786 = DIRECTION ( 'NONE',  ( 0.0000000000000000000, 0.0000000000000000000, -1.000000000000000000 ) ) ;
#2787 = SURFACE_SIDE_STYLE ('',( #1888 ) ) ;
#2788 = STYLED_ITEM ( 'NONE', ( #16 ), #2914 ) ;
#2789 = ORIENTED_EDGE ( 'NONE', *, *, #270, .T. ) ;
#2790 = FILL_AREA_STYLE ('',( #1227 ) ) ;
#2791 = EDGE_CURVE ( 'NONE', #1556, #1711, #822, .T. ) ;
#2792 = LINE ( 'NONE', #1648, #1982 ) ;
#2793 = DIRECTION ( 'NONE',  ( 1.000000000000000000, -0.0000000000000000000, -0.0000000000000000000 ) ) ;
#2794 = ORIENTED_EDGE ( 'NONE', *, *, #22, .F. ) ;
#2795 = SURFACE_STYLE_USAGE ( .BOTH. , #2608 ) ;
#2796 = ORIENTED_EDGE ( 'NONE', *, *, #1488, .F. ) ;
#2797 = LINE ( 'NONE', #1702, #2446 ) ;
#2798 = UNCERTAINTY_MEASURE_WITH_UNIT (LENGTH_MEASURE( 1.000000000000000082E-05 ), #2770, 'distance_accuracy_value', 'NONE');
#2799 = LINE ( 'NONE', #1012, #658 ) ;
#2800 = ORIENTED_EDGE ( 'NONE', *, *, #1429, .F. ) ;
#2801 = CARTESIAN_POINT ( 'NONE',  ( 0.5999999999999999778, -0.02500000000000006384, -0.8000000000000001554 ) ) ;
#2802 = LINE ( 'NONE', #2584, #1623 ) ;
#2803 = EDGE_CURVE ( 'NONE', #383, #1005, #2145, .T. ) ;
#2804 = MECHANICAL_DESIGN_GEOMETRIC_PRESENTATION_REPRESENTATION (  '', ( #1154 ), #493 ) ;
#2805 = LINE ( 'NONE', #2561, #1682 ) ;
#2806 = DIRECTION ( 'NONE',  ( -0.0000000000000000000, 1.000000000000000000, -0.0000000000000000000 ) ) ;
#2807 = VECTOR ( 'NONE', #2572, 1000.000000000000000 ) ;
#2808 = EDGE_CURVE ( 'NONE', #1700, #1655, #1717, .T. ) ;
#2809 = ORIENTED_EDGE ( 'NONE', *, *, #2791, .F. ) ;
#2810 = SURFACE_STYLE_USAGE ( .BOTH. , #77 ) ;
#2811 = STYLED_ITEM ( 'NONE', ( #1805 ), #2138 ) ;
#2812 = DIRECTION ( 'NONE',  ( -1.000000000000000000, 0.0000000000000000000, 0.0000000000000000000 ) ) ;
#2813 = PRESENTATION_STYLE_ASSIGNMENT (( #2353 ) ) ;
#2814 = CARTESIAN_POINT ( 'NONE',  ( -0.3249999999999995670, 0.5200000000000000178, 0.6750000000000001554 ) ) ;
#2815 = COLOUR_RGB ( '',0.2980392156862745057, 0.2980392156862745057, 0.2980392156862745057 ) ;
#2816 = ORIENTED_EDGE ( 'NONE', *, *, #2404, .T. ) ;
#2817 = FILL_AREA_STYLE ('',( #587 ) ) ;
#2818 = CARTESIAN_POINT ( 'NONE',  ( 0.6500000000000000222, -0.02500000000000006384, 0.5000000000000002220 ) ) ;
#2819 = DIRECTION ( 'NONE',  ( 0.0000000000000000000, 0.0000000000000000000, -1.000000000000000000 ) ) ;
#2820 =( GEOMETRIC_REPRESENTATION_CONTEXT ( 3 ) GLOBAL_UNCERTAINTY_ASSIGNED_CONTEXT ( ( #787 ) ) GLOBAL_UNIT_ASSIGNED_CONTEXT ( ( #1744, #2193, #1074 ) ) REPRESENTATION_CONTEXT ( 'NONE', 'WORKASPACE' ) );
#2821 = VERTEX_POINT ( 'NONE', #118 ) ;
#2822 = DIRECTION ( 'NONE',  ( -1.000000000000000000, 0.0000000000000000000, 0.0000000000000000000 ) ) ;
#2823 = EDGE_CURVE ( 'NONE', #1828, #2693, #1690, .T. ) ;
#2824 = SURFACE_SIDE_STYLE ('',( #2521 ) ) ;
#2825 = PRESENTATION_LAYER_ASSIGNMENT (  '', '', ( #460 ) ) ;
#2826 = EDGE_LOOP ( 'NONE', ( #254, #2658, #131, #147 ) ) ;
#2827 = DIRECTION ( 'NONE',  ( -0.7071067811865463515, -0.0000000000000000000, 0.7071067811865487940 ) ) ;
#2828 = EDGE_CURVE ( 'NONE', #60, #1435, #1932, .T. ) ;
#2829 = DIRECTION ( 'NONE',  ( -0.0000000000000000000, -1.000000000000000000, -0.0000000000000000000 ) ) ;
#2830 = DIRECTION ( 'NONE',  ( 0.0000000000000000000, -1.000000000000000000, 0.0000000000000000000 ) ) ;
#2831 = DIRECTION ( 'NONE',  ( -0.7071067811865469066, 0.0000000000000000000, 0.7071067811865482389 ) ) ;
#2832 = MECHANICAL_DESIGN_GEOMETRIC_PRESENTATION_REPRESENTATION (  '', ( #2453 ), #1512 ) ;
#2833 = VERTEX_POINT ( 'NONE', #522 ) ;
#2834 = SURFACE_STYLE_USAGE ( .BOTH. , #2124 ) ;
#2835 = MECHANICAL_DESIGN_GEOMETRIC_PRESENTATION_REPRESENTATION (  '', ( #945 ), #1839 ) ;
#2836 =( NAMED_UNIT ( * ) SI_UNIT ( $, .STERADIAN. ) SOLID_ANGLE_UNIT ( ) );
#2837 = CARTESIAN_POINT ( 'NONE',  ( -0.6500000000000000222, 0.5200000000000000178, -0.8000000000000001554 ) ) ;
#2838 =( NAMED_UNIT ( * ) SI_UNIT ( $, .STERADIAN. ) SOLID_ANGLE_UNIT ( ) );
#2839 = EDGE_CURVE ( 'NONE', #245, #1711, #2324, .T. ) ;
#2840 = EDGE_LOOP ( 'NONE', ( #845, #1413, #1062, #1073 ) ) ;
#2841 = FILL_AREA_STYLE_COLOUR ( '', #2772 ) ;
#2842 = FACE_OUTER_BOUND ( 'NONE', #2123, .T. ) ;
#2843 = ADVANCED_FACE ( 'NONE', ( #762 ), #2889, .T. ) ;
#2844 =( NAMED_UNIT ( * ) PLANE_ANGLE_UNIT ( ) SI_UNIT ( $, .RADIAN. ) );
#2845 = PRESENTATION_STYLE_ASSIGNMENT (( #2135 ) ) ;
#2846 = CARTESIAN_POINT ( 'NONE',  ( 0.1500000000000000777, 0.5000000000000000000, 0.5000000000000002220 ) ) ;
#2847 = ORIENTED_EDGE ( 'NONE', *, *, #2630, .T. ) ;
#2848 =( NAMED_UNIT ( * ) SI_UNIT ( $, .STERADIAN. ) SOLID_ANGLE_UNIT ( ) );
#2849 = CARTESIAN_POINT ( 'NONE',  ( 0.6500000000000000222, -0.02500000000000006384, 0.5000000000000002220 ) ) ;
#2850 = ADVANCED_BREP_SHAPE_REPRESENTATION ( 'User Library-742C043', ( #2470, #1434, #2438, #2443, #2452, #489, #2745 ), #1998 ) ;
#2851 = ORIENTED_EDGE ( 'NONE', *, *, #1659, .T. ) ;
#2852 = SURFACE_SIDE_STYLE ('',( #186 ) ) ;
#2853 = MECHANICAL_DESIGN_GEOMETRIC_PRESENTATION_REPRESENTATION (  '', ( #443 ), #2053 ) ;
#2854 = ORIENTED_EDGE ( 'NONE', *, *, #1852, .F. ) ;
#2855 = PRESENTATION_STYLE_ASSIGNMENT (( #395 ) ) ;
#2856 = VECTOR ( 'NONE', #1533, 1000.000000000000000 ) ;
#2857 = VECTOR ( 'NONE', #1178, 1000.000000000000000 ) ;
#2858 = ORIENTED_EDGE ( 'NONE', *, *, #782, .T. ) ;
#2859 = DIRECTION ( 'NONE',  ( -1.000000000000000000, -0.0000000000000000000, -0.0000000000000000000 ) ) ;
#2860 = PLANE ( 'NONE',  #683 ) ;
#2861 = EDGE_CURVE ( 'NONE', #2776, #2096, #1995, .T. ) ;
#2862 = UNCERTAINTY_MEASURE_WITH_UNIT (LENGTH_MEASURE( 1.000000000000000082E-05 ), #2090, 'distance_accuracy_value', 'NONE');
#2863 = VECTOR ( 'NONE', #1101, 1000.000000000000000 ) ;
#2864 = VERTEX_POINT ( 'NONE', #417 ) ;
#2865 = VECTOR ( 'NONE', #456, 1000.000000000000000 ) ;
#2866 = SURFACE_STYLE_USAGE ( .BOTH. , #409 ) ;
#2867 =( LENGTH_UNIT ( ) NAMED_UNIT ( * ) SI_UNIT ( .MILLI., .METRE. ) );
#2868 = CARTESIAN_POINT ( 'NONE',  ( -0.6500000000000000222, -0.02500000000000006384, 0.8000000000000001554 ) ) ;
#2869 = ORIENTED_EDGE ( 'NONE', *, *, #2374, .T. ) ;
#2870 = PRESENTATION_STYLE_ASSIGNMENT (( #1294 ) ) ;
#2871 = MECHANICAL_DESIGN_GEOMETRIC_PRESENTATION_REPRESENTATION (  '', ( #460 ), #130 ) ;
#2872 = COLOUR_RGB ( '',0.7686274509803920907, 0.7686274509803920907, 0.7686274509803920907 ) ;
#2873 = PLANE ( 'NONE',  #598 ) ;
#2874 = SURFACE_STYLE_FILL_AREA ( #2394 ) ;
#2875 =( NAMED_UNIT ( * ) SI_UNIT ( $, .STERADIAN. ) SOLID_ANGLE_UNIT ( ) );
#2876 = EDGE_LOOP ( 'NONE', ( #1054, #567, #1875, #1007 ) ) ;
#2877 = LINE ( 'NONE', #2037, #757 ) ;
#2878 = COLOUR_RGB ( '',0.7529411764705882248, 0.7529411764705882248, 0.7529411764705882248 ) ;
#2879 = VECTOR ( 'NONE', #1030, 1000.000000000000000 ) ;
#2880 = ADVANCED_FACE ( 'NONE', ( #2642 ), #655, .F. ) ;
#2881 = ORIENTED_EDGE ( 'NONE', *, *, #1488, .T. ) ;
#2882 =( LENGTH_UNIT ( ) NAMED_UNIT ( * ) SI_UNIT ( .MILLI., .METRE. ) );
#2883 =( NAMED_UNIT ( * ) PLANE_ANGLE_UNIT ( ) SI_UNIT ( $, .RADIAN. ) );
#2884 = MECHANICAL_DESIGN_GEOMETRIC_PRESENTATION_REPRESENTATION (  '', ( #140 ), #573 ) ;
#2885 = ORIENTED_EDGE ( 'NONE', *, *, #2464, .T. ) ;
#2886 = VECTOR ( 'NONE', #1762, 1000.000000000000000 ) ;
#2887 = CARTESIAN_POINT ( 'NONE',  ( -0.7999999999999997113, 0.5250000000000000222, -0.5000000000000000000 ) ) ;
#2888 = LINE ( 'NONE', #396, #1736 ) ;
#2889 = PLANE ( 'NONE',  #2607 ) ;
#2890 = DIRECTION ( 'NONE',  ( 0.0000000000000000000, 0.0000000000000000000, 1.000000000000000000 ) ) ;
#2891 = DIRECTION ( 'NONE',  ( 0.0000000000000000000, 0.0000000000000000000, -1.000000000000000000 ) ) ;
#2892 = DIRECTION ( 'NONE',  ( -1.000000000000000000, 0.0000000000000000000, -0.0000000000000000000 ) ) ;
#2893 = ORIENTED_EDGE ( 'NONE', *, *, #1097, .T. ) ;
#2894 = FACE_OUTER_BOUND ( 'NONE', #2826, .T. ) ;
#2895 = EDGE_CURVE ( 'NONE', #2205, #2693, #628, .T. ) ;
#2896 = ORIENTED_EDGE ( 'NONE', *, *, #129, .T. ) ;
#2897 = SURFACE_STYLE_FILL_AREA ( #2223 ) ;
#2898 = ADVANCED_FACE ( 'NONE', ( #2009 ), #2457, .F. ) ;
#2899 = DIRECTION ( 'NONE',  ( -0.0000000000000000000, 1.000000000000000000, -0.0000000000000000000 ) ) ;
#2900 = FILL_AREA_STYLE_COLOUR ( '', #574 ) ;
#2901 = AXIS2_PLACEMENT_3D ( 'NONE', #1674, #1184, #54 ) ;
#2902 = DIRECTION ( 'NONE',  ( -0.0000000000000000000, -1.000000000000000000, -0.0000000000000000000 ) ) ;
#2903 =( LENGTH_UNIT ( ) NAMED_UNIT ( * ) SI_UNIT ( .MILLI., .METRE. ) );
#2904 = EDGE_LOOP ( 'NONE', ( #2396, #616, #1422, #1934 ) ) ;
#2905 = SURFACE_SIDE_STYLE ('',( #2459 ) ) ;
#2906 =( NAMED_UNIT ( * ) SI_UNIT ( $, .STERADIAN. ) SOLID_ANGLE_UNIT ( ) );
#2907 = EDGE_LOOP ( 'NONE', ( #229, #2591, #529, #455 ) ) ;
#2908 = DIRECTION ( 'NONE',  ( 0.0000000000000000000, 0.0000000000000000000, -1.000000000000000000 ) ) ;
#2909 = STYLED_ITEM ( 'NONE', ( #934 ), #437 ) ;
#2910 = STYLED_ITEM ( 'NONE', ( #867 ), #842 ) ;
#2911 = VERTEX_POINT ( 'NONE', #1850 ) ;
#2912 = EDGE_CURVE ( 'NONE', #1677, #2383, #1831, .T. ) ;
#2913 = DIRECTION ( 'NONE',  ( 0.7071067811865469066, 0.0000000000000000000, 0.7071067811865482389 ) ) ;
#2914 = ADVANCED_FACE ( 'NONE', ( #8 ), #952, .F. ) ;
#2915 = PRESENTATION_STYLE_ASSIGNMENT (( #2225 ) ) ;
#2916 = SURFACE_STYLE_FILL_AREA ( #1093 ) ;
#2917 = CARTESIAN_POINT ( 'NONE',  ( 0.1500000000000000777, 0.5000000000000000000, -0.5000000000000002220 ) ) ;
#2918 = DIRECTION ( 'NONE',  ( -0.0000000000000000000, -0.0000000000000000000, 1.000000000000000000 ) ) ;
#2919 = PRESENTATION_LAYER_ASSIGNMENT (  '', '', ( #1830 ) ) ;
#2920 = CARTESIAN_POINT ( 'NONE',  ( -0.7999999999999997113, 0.5250000000000000222, -0.5000000000000000000 ) ) ;
#2921 = CARTESIAN_POINT ( 'NONE',  ( 0.1499999999999999667, 0.5200000000000000178, 0.5000000000000002220 ) ) ;
#2922 = ORIENTED_EDGE ( 'NONE', *, *, #424, .T. ) ;
#2923 = PRESENTATION_LAYER_ASSIGNMENT (  '', '', ( #273 ) ) ;
ENDSEC;
END-ISO-10303-21;
