ISO-10303-21;
HEADER;
FILE_DESCRIPTION (( 'STEP AP214' ),
    '1' );
FILE_NAME ('User Library-RESCAXS80P160X320X60-8N.STEP',
    '2020-04-23T07:44:48',
    ( '' ),
    ( '' ),
    'SwSTEP 2.0',
    'SolidWorks 2019',
    '' );
FILE_SCHEMA (( 'AUTOMOTIVE_DESIGN' ));
ENDSEC;

DATA;
#1 = CLOSED_SHELL ( 'NONE', ( #100, #1342, #244, #2522, #2018, #2067, #2312, #586, #3680, #1729, #2239, #2814, #814, #314, #1306, #94 ) ) ;
#2 = PLANE ( 'NONE',  #1560 ) ;
#3 = CARTESIAN_POINT ( 'NONE',  ( 0.2300000000000000100, 0.7799999999999990274, 0.5000000000000000000 ) ) ;
#4 = MECHANICAL_DESIGN_GEOMETRIC_PRESENTATION_REPRESENTATION (  '', ( #2012 ), #513 ) ;
#5 = CARTESIAN_POINT ( 'NONE',  ( -0.1000000000000000056, -0.7999999999999999334, 0.1750000000000000167 ) ) ;
#6 = VECTOR ( 'NONE', #2278, 1000.000000000000000 ) ;
#7 = DIRECTION ( 'NONE',  ( 1.000000000000000000, 0.0000000000000000000, 0.0000000000000000000 ) ) ;
#8 = ITEM_DEFINED_TRANSFORMATION ( 'NONE', 'NONE', #101,  #1796 ) ;
#9 = VERTEX_POINT ( 'NONE', #3235 ) ;
#10 = CARTESIAN_POINT ( 'NONE',  ( 5.422019422587969628E-16, 0.4500000000000000111, 0.1999999999999999833 ) ) ;
#11 = STYLED_ITEM ( 'NONE', ( #2924 ), #814 ) ;
#12 = UNCERTAINTY_MEASURE_WITH_UNIT (LENGTH_MEASURE( 1.000000000000000082E-05 ), #811, 'distance_accuracy_value', 'NONE');
#13 =( GEOMETRIC_REPRESENTATION_CONTEXT ( 3 ) GLOBAL_UNCERTAINTY_ASSIGNED_CONTEXT ( ( #3826 ) ) GLOBAL_UNIT_ASSIGNED_CONTEXT ( ( #3583, #300, #3525 ) ) REPRESENTATION_CONTEXT ( 'NONE', 'WORKASPACE' ) );
#14 = FILL_AREA_STYLE ('',( #2673 ) ) ;
#15 =( REPRESENTATION_RELATIONSHIP ('NONE','NONE', #1953, #1907 ) REPRESENTATION_RELATIONSHIP_WITH_TRANSFORMATION ( #8 )SHAPE_REPRESENTATION_RELATIONSHIP( ) );
#16 = FILL_AREA_STYLE ('',( #1451 ) ) ;
#17 = EDGE_LOOP ( 'NONE', ( #3509, #1245, #3307, #106 ) ) ;
#18 = VECTOR ( 'NONE', #3782, 1000.000000000000000 ) ;
#19 = COLOUR_RGB ( '',0.0000000000000000000, 0.0000000000000000000, 0.0000000000000000000 ) ;
#20 = SURFACE_SIDE_STYLE ('',( #274 ) ) ;
#21 = FILL_AREA_STYLE_COLOUR ( '', #3205 ) ;
#22 = ORIENTED_EDGE ( 'NONE', *, *, #1242, .T. ) ;
#23 = CIRCLE ( 'NONE', #343, 0.02500000000000001180 ) ;
#24 = DIRECTION ( 'NONE',  ( -0.0000000000000000000, 1.000000000000000000, 0.0000000000000000000 ) ) ;
#25 = AXIS2_PLACEMENT_3D ( 'NONE', #2745, #3601, #957 ) ;
#26 = CARTESIAN_POINT ( 'NONE',  ( 0.08964466094067252699, 0.7749999999999999112, 0.2000000000000000111 ) ) ;
#27 = ADVANCED_FACE ( 'NONE', ( #2079 ), #1765, .T. ) ;
#28 = FILL_AREA_STYLE ('',( #1479 ) ) ;
#29 = CARTESIAN_POINT ( 'NONE',  ( -1.649999999999999911, 0.4500000000000000111, 0.1499999999999999944 ) ) ;
#30 = ORIENTED_EDGE ( 'NONE', *, *, #2168, .F. ) ;
#31 =( NAMED_UNIT ( * ) SI_UNIT ( $, .STERADIAN. ) SOLID_ANGLE_UNIT ( ) );
#32 = STYLED_ITEM ( 'NONE', ( #1375 ), #3457 ) ;
#33 = ORIENTED_EDGE ( 'NONE', *, *, #955, .T. ) ;
#34 = SURFACE_STYLE_FILL_AREA ( #3346 ) ;
#35 = COLOUR_RGB ( '',0.8196078431372548767, 0.8196078431372548767, 0.8196078431372548767 ) ;
#36 = VECTOR ( 'NONE', #2315, 1000.000000000000000 ) ;
#37 = SURFACE_STYLE_FILL_AREA ( #940 ) ;
#38 = EDGE_LOOP ( 'NONE', ( #2616, #2508, #3651 ) ) ;
#39 = SURFACE_SIDE_STYLE ('',( #2456 ) ) ;
#40 = ORIENTED_EDGE ( 'NONE', *, *, #563, .T. ) ;
#41 = CARTESIAN_POINT ( 'NONE',  ( 0.07499999999999990008, 0.7999999999999999334, 0.1750000000000000167 ) ) ;
#42 =( LENGTH_UNIT ( ) NAMED_UNIT ( * ) SI_UNIT ( .MILLI., .METRE. ) );
#43 = EDGE_CURVE ( 'NONE', #335, #3162, #1538, .T. ) ;
#44 = PRESENTATION_STYLE_ASSIGNMENT (( #2668 ) ) ;
#45 = CARTESIAN_POINT ( 'NONE',  ( -1.649999999999999911, 0.4792893218813452649, 0.1671572875253809487 ) ) ;
#46 = FILL_AREA_STYLE_COLOUR ( '', #1093 ) ;
#47 = ORIENTED_EDGE ( 'NONE', *, *, #145, .T. ) ;
#48 = DIRECTION ( 'NONE',  ( 0.0000000000000000000, -1.000000000000000000, 0.0000000000000000000 ) ) ;
#49 = EDGE_CURVE ( 'NONE', #949, #118, #76, .T. ) ;
#50 = CARTESIAN_POINT ( 'NONE',  ( -1.600000000000000089, 0.4500000000000000111, 0.05000000000000000278 ) ) ;
#51 = ORIENTED_EDGE ( 'NONE', *, *, #2330, .T. ) ;
#52 = SURFACE_STYLE_FILL_AREA ( #2720 ) ;
#53 =( NAMED_UNIT ( * ) PLANE_ANGLE_UNIT ( ) SI_UNIT ( $, .RADIAN. ) );
#54 = CARTESIAN_POINT ( 'NONE',  ( -1.649999999999999911, -0.4499999999999999556, 0.1499999999999999944 ) ) ;
#55 = LINE ( 'NONE', #703, #3076 ) ;
#56 = LINE ( 'NONE', #1017, #2306 ) ;
#57 = DIRECTION ( 'NONE',  ( 1.000000000000000000, 0.0000000000000000000, -0.0000000000000000000 ) ) ;
#58 = CARTESIAN_POINT ( 'NONE',  ( 0.08964466094067251312, 0.7896446609406725381, 0.1999999999999999833 ) ) ;
#59 = CARTESIAN_POINT ( 'NONE',  ( -0.1000000000000000056, -0.7750000000000000222, 0.2000000000000000111 ) ) ;
#60 = CARTESIAN_POINT ( 'NONE',  ( 1.600000000000000089, -0.4500000000000000111, 0.05000000000000000278 ) ) ;
#61 =( GEOMETRIC_REPRESENTATION_CONTEXT ( 3 ) GLOBAL_UNCERTAINTY_ASSIGNED_CONTEXT ( ( #3206 ) ) GLOBAL_UNIT_ASSIGNED_CONTEXT ( ( #364, #377, #3144 ) ) REPRESENTATION_CONTEXT ( 'NONE', 'WORKASPACE' ) );
#62 = LINE ( 'NONE', #2124, #1264 ) ;
#63 = DIRECTION ( 'NONE',  ( 1.000000000000000000, 0.0000000000000000000, 0.0000000000000000000 ) ) ;
#64 = ORIENTED_EDGE ( 'NONE', *, *, #165, .F. ) ;
#65 = EDGE_CURVE ( 'NONE', #3517, #507, #56, .T. ) ;
#66 =( BOUNDED_SURFACE ( )  B_SPLINE_SURFACE ( 3, 3, ( 
 ( #3223, #3500, #1404, #1129 ),
 ( #922, #2400, #3097, #3674 ),
 ( #2806, #3058, #2104, #2791 ),
 ( #943, #2985, #2121, #3605 ) ),
 .UNSPECIFIED., .F., .F., .F. ) 
 B_SPLINE_SURFACE_WITH_KNOTS ( ( 4, 4 ),
 ( 4, 4 ),
 ( 0.0000000000000000000, 1.000000000000000000 ),
 ( 0.0000000000000000000, 1.000000000000000000 ),
 .UNSPECIFIED. ) 
 GEOMETRIC_REPRESENTATION_ITEM ( )  RATIONAL_B_SPLINE_SURFACE ( (
 ( 1.000000000000000000, 0.8047378541243649375, 0.8047378541243649375, 1.000000000000000000),
 ( 0.8047378541243649375, 0.6476030138606876374, 0.6476030138606876374, 0.8047378541243649375),
 ( 0.8047378541243649375, 0.6476030138606876374, 0.6476030138606876374, 0.8047378541243649375),
 ( 1.000000000000000000, 0.8047378541243649375, 0.8047378541243649375, 1.000000000000000000) ) ) 
 REPRESENTATION_ITEM ( '' )  SURFACE ( )  );
#67 = PRESENTATION_LAYER_ASSIGNMENT (  '', '', ( #1762 ) ) ;
#68 = EDGE_LOOP ( 'NONE', ( #1890, #514, #1718, #3423 ) ) ;
#69 = LINE ( 'NONE', #1226, #2877 ) ;
#70 = MECHANICAL_DESIGN_GEOMETRIC_PRESENTATION_REPRESENTATION (  '', ( #1256 ), #2748 ) ;
#71 = AXIS2_PLACEMENT_3D ( 'NONE', #3529, #253, #859 ) ;
#72 = CARTESIAN_POINT ( 'NONE',  ( -0.09999732580260865811, 0.7992686776860127296, 0.1810026063816000952 ) ) ;
#73 = ORIENTED_EDGE ( 'NONE', *, *, #543, .T. ) ;
#74 = STYLED_ITEM ( 'NONE', ( #592 ), #1920 ) ;
#75 = STYLED_ITEM ( 'NONE', ( #2770 ), #873 ) ;
#76 = LINE ( 'NONE', #3352, #441 ) ;
#77 = UNCERTAINTY_MEASURE_WITH_UNIT (LENGTH_MEASURE( 1.000000000000000082E-05 ), #3474, 'distance_accuracy_value', 'NONE');
#78 = CIRCLE ( 'NONE', #2504, 0.02499999999999999792 ) ;
#79 = SURFACE_STYLE_USAGE ( .BOTH. , #2797 ) ;
#80 = STYLED_ITEM ( 'NONE', ( #3551 ), #2112 ) ;
#81 = SURFACE_SIDE_STYLE ('',( #1851 ) ) ;
#82 = SURFACE_STYLE_USAGE ( .BOTH. , #1522 ) ;
#83 = CARTESIAN_POINT ( 'NONE',  ( 0.09999999999999989453, -0.7749999999999999112, 0.02500000000000000486 ) ) ;
#84 = ORIENTED_EDGE ( 'NONE', *, *, #2958, .F. ) ;
#85 = SURFACE_STYLE_USAGE ( .BOTH. , #426 ) ;
#86 = PRESENTATION_LAYER_ASSIGNMENT (  '', '', ( #1392 ) ) ;
#87 = SURFACE_STYLE_FILL_AREA ( #3037 ) ;
#88 = SURFACE_STYLE_USAGE ( .BOTH. , #1573 ) ;
#89 = MECHANICAL_DESIGN_GEOMETRIC_PRESENTATION_REPRESENTATION (  '', ( #3477 ), #3773 ) ;
#90 = VERTEX_POINT ( 'NONE', #415 ) ;
#91 = DIRECTION ( 'NONE',  ( 0.0000000000000000000, 0.0000000000000000000, 1.000000000000000000 ) ) ;
#92 = PRODUCT ( 'User Library-RESCAXS80P160X320X60-8N', 'User Library-RESCAXS80P160X320X60-8N', '', ( #3360 ) ) ;
#93 = CARTESIAN_POINT ( 'NONE',  ( -0.09932652750762149818, 0.7882058961676146058, 0.1964094381921686616 ) ) ;
#94 = ADVANCED_FACE ( 'NONE', ( #2432 ), #1862, .T. ) ;
#95 = SURFACE_STYLE_USAGE ( .BOTH. , #1602 ) ;
#96 = CIRCLE ( 'NONE', #612, 0.02500000000000000486 ) ;
#97 = CARTESIAN_POINT ( 'NONE',  ( 0.2299999999999995104, 0.7999999999999991562, 0.5000000000000000000 ) ) ;
#98 = VECTOR ( 'NONE', #1280, 1000.000000000000000 ) ;
#99 = FILL_AREA_STYLE ('',( #3370 ) ) ;
#100 = ADVANCED_FACE ( 'NONE', ( #3100 ), #3720, .T. ) ;
#101 = AXIS2_PLACEMENT_3D ( 'NONE', #3514, #2014, #3029 ) ;
#102 = FILL_AREA_STYLE_COLOUR ( '', #966 ) ;
#103 = CARTESIAN_POINT ( 'NONE',  ( 0.07499999999999990008, -0.7999999999999999334, 0.02500000000000000486 ) ) ;
#104 = ORIENTED_EDGE ( 'NONE', *, *, #2408, .T. ) ;
#105 =( NAMED_UNIT ( * ) SI_UNIT ( $, .STERADIAN. ) SOLID_ANGLE_UNIT ( ) );
#106 = ORIENTED_EDGE ( 'NONE', *, *, #373, .T. ) ;
#107 = FILL_AREA_STYLE_COLOUR ( '', #2363 ) ;
#108 = DIRECTION ( 'NONE',  ( 0.0000000000000000000, 0.0000000000000000000, 1.000000000000000000 ) ) ;
#109 = CARTESIAN_POINT ( 'NONE',  ( 0.2300000000000000100, -0.7800000000000000266, 0.0000000000000000000 ) ) ;
#110 = ORIENTED_EDGE ( 'NONE', *, *, #467, .F. ) ;
#111 = PLANE ( 'NONE',  #148 ) ;
#112 = CARTESIAN_POINT ( 'NONE',  ( -8.331929422494659597E-17, 0.0000000000000000000, 0.2000000000000000111 ) ) ;
#113 =( NAMED_UNIT ( * ) SI_UNIT ( $, .STERADIAN. ) SOLID_ANGLE_UNIT ( ) );
#114 = DIRECTION ( 'NONE',  ( 0.0000000000000000000, 0.0000000000000000000, 1.000000000000000000 ) ) ;
#115 = SURFACE_SIDE_STYLE ('',( #3151 ) ) ;
#116 = CARTESIAN_POINT ( 'NONE',  ( 0.2300000000000000100, -0.7800000000000000266, 0.0000000000000000000 ) ) ;
#117 = PRODUCT_DEFINITION_SHAPE ( 'NONE', 'NONE',  #3856 ) ;
#118 = VERTEX_POINT ( 'NONE', #2873 ) ;
#119 = PRESENTATION_STYLE_ASSIGNMENT (( #2501 ) ) ;
#120 = ADVANCED_FACE ( 'NONE', ( #2575 ), #192, .T. ) ;
#121 = CARTESIAN_POINT ( 'NONE',  ( 0.2500000000000000000, -0.7800000000000000266, 0.0000000000000000000 ) ) ;
#122 = CARTESIAN_POINT ( 'NONE',  ( -1.600000000000000089, 0.0000000000000000000, 0.05000000000000000278 ) ) ;
#123 = EDGE_LOOP ( 'NONE', ( #3043, #1861, #2361 ) ) ;
#124 = PRESENTATION_LAYER_ASSIGNMENT (  '', '', ( #829 ) ) ;
#125 =( GEOMETRIC_REPRESENTATION_CONTEXT ( 3 ) GLOBAL_UNCERTAINTY_ASSIGNED_CONTEXT ( ( #2778 ) ) GLOBAL_UNIT_ASSIGNED_CONTEXT ( ( #1768, #2949, #2914 ) ) REPRESENTATION_CONTEXT ( 'NONE', 'WORKASPACE' ) );
#126 = CARTESIAN_POINT ( 'NONE',  ( -0.09974641517981203132, 0.7925596367727878455, 0.1930048225781045013 ) ) ;
#127 = DIRECTION ( 'NONE',  ( 1.000000000000000000, 0.0000000000000000000, 0.0000000000000000000 ) ) ;
#128 = FILL_AREA_STYLE ('',( #2489 ) ) ;
#129 = VERTEX_POINT ( 'NONE', #1363 ) ;
#130 = FILL_AREA_STYLE ('',( #2872 ) ) ;
#131 = PRESENTATION_LAYER_ASSIGNMENT (  '', '', ( #2937 ) ) ;
#132 = STYLED_ITEM ( 'NONE', ( #2596 ), #807 ) ;
#133 = PRESENTATION_LAYER_ASSIGNMENT (  '', '', ( #1827 ) ) ;
#134 = DIRECTION ( 'NONE',  ( 0.0000000000000000000, -0.0000000000000000000, -1.000000000000000000 ) ) ;
#135 = AXIS2_PLACEMENT_3D ( 'NONE', #3015, #357, #1239 ) ;
#136 = MECHANICAL_DESIGN_GEOMETRIC_PRESENTATION_REPRESENTATION (  '', ( #1140 ), #2826 ) ;
#137 = DIRECTION ( 'NONE',  ( 0.0000000000000000000, 1.000000000000000000, 0.0000000000000000000 ) ) ;
#138 = CARTESIAN_POINT ( 'NONE',  ( -8.502773401189348767E-17, -0.7750000000000000222, 0.02500000000000000139 ) ) ;
#139 = ADVANCED_FACE ( 'NONE', ( #1106 ), #1055, .T. ) ;
#140 = DIRECTION ( 'NONE',  ( 0.0000000000000000000, -0.0000000000000000000, -1.000000000000000000 ) ) ;
#141 = ORIENTED_EDGE ( 'NONE', *, *, #1774, .T. ) ;
#142 =( GEOMETRIC_REPRESENTATION_CONTEXT ( 3 ) GLOBAL_UNCERTAINTY_ASSIGNED_CONTEXT ( ( #2119 ) ) GLOBAL_UNIT_ASSIGNED_CONTEXT ( ( #759, #2535, #3776 ) ) REPRESENTATION_CONTEXT ( 'NONE', 'WORKASPACE' ) );
#143 = CARTESIAN_POINT ( 'NONE',  ( 0.1000000000000000056, -0.8000000000000000444, 0.0000000000000000000 ) ) ;
#144 = LINE ( 'NONE', #225, #842 ) ;
#145 = EDGE_CURVE ( 'NONE', #3484, #1043, #1667, .T. ) ;
#146 = ORIENTED_EDGE ( 'NONE', *, *, #1901, .T. ) ;
#147 = MECHANICAL_DESIGN_GEOMETRIC_PRESENTATION_REPRESENTATION (  '', ( #1902 ), #1211 ) ;
#148 = AXIS2_PLACEMENT_3D ( 'NONE', #950, #308, #615 ) ;
#149 = CARTESIAN_POINT ( 'NONE',  ( 1.629289321881345343, -0.4999999999999998890, 0.1792893218813452205 ) ) ;
#150 = SURFACE_SIDE_STYLE ('',( #1103 ) ) ;
#151 = ORIENTED_EDGE ( 'NONE', *, *, #1005, .T. ) ;
#152 = CARTESIAN_POINT ( 'NONE',  ( -0.09999732580260865811, -0.7992686776860127296, 0.01899739361839996102 ) ) ;
#153 = CARTESIAN_POINT ( 'NONE',  ( -0.1000000000000000056, 0.7750000000000000222, 0.02500000000000000139 ) ) ;
#154 = AXIS2_PLACEMENT_3D ( 'NONE', #3590, #3241, #2342 ) ;
#155 = PRESENTATION_LAYER_ASSIGNMENT (  '', '', ( #1913 ) ) ;
#156 = CARTESIAN_POINT ( 'NONE',  ( -0.1499999999999999944, -0.7999999999999999334, 0.02500000000000000486 ) ) ;
#157 = CARTESIAN_POINT ( 'NONE',  ( 5.551115123125779744E-16, 0.5000000000000000000, 0.1499999999999999944 ) ) ;
#158 = CIRCLE ( 'NONE', #3839, 0.02500000000000001180 ) ;
#159 = CARTESIAN_POINT ( 'NONE',  ( 1.649999999999999911, -0.4671572875253743318, 0.02071067811865474201 ) ) ;
#160 =( NAMED_UNIT ( * ) PLANE_ANGLE_UNIT ( ) SI_UNIT ( $, .RADIAN. ) );
#161 =( GEOMETRIC_REPRESENTATION_CONTEXT ( 3 ) GLOBAL_UNCERTAINTY_ASSIGNED_CONTEXT ( ( #2863 ) ) GLOBAL_UNIT_ASSIGNED_CONTEXT ( ( #1356, #2845, #2506 ) ) REPRESENTATION_CONTEXT ( 'NONE', 'WORKASPACE' ) );
#162 = DIRECTION ( 'NONE',  ( -1.000000000000000000, -0.0000000000000000000, 0.0000000000000000000 ) ) ;
#163 = ORIENTED_EDGE ( 'NONE', *, *, #2927, .F. ) ;
#164 = DIRECTION ( 'NONE',  ( 1.000000000000000000, -0.0000000000000000000, -0.0000000000000000000 ) ) ;
#165 = EDGE_CURVE ( 'NONE', #1429, #2881, #963, .T. ) ;
#166 = CARTESIAN_POINT ( 'NONE',  ( -1.600000000000000089, -0.4500000000000000111, 0.1499999999999999944 ) ) ;
#167 = FILL_AREA_STYLE ('',( #3711 ) ) ;
#168 = FILL_AREA_STYLE_COLOUR ( '', #3464 ) ;
#169 = ORIENTED_EDGE ( 'NONE', *, *, #3252, .F. ) ;
#170 = B_SPLINE_CURVE_WITH_KNOTS ( 'NONE', 3,
 ( #3516, #2954, #289, #868, #1171, #1753, #2657, #2788, #263, #2324, #3271, #613, #1812, #3572, #1798, #3538 ),
 .UNSPECIFIED., .F., .F.,
 ( 4, 3, 3, 3, 3, 4 ),
 ( 0.0000000000000000000, 8.389604005521204068E-06, 1.678031143638403168E-05, 2.514879151679491736E-05, 3.342532614329510250E-05, 3.930787751357967149E-05 ),
 .UNSPECIFIED. ) ;
#171 =( NAMED_UNIT ( * ) PLANE_ANGLE_UNIT ( ) SI_UNIT ( $, .RADIAN. ) );
#172 = SURFACE_STYLE_FILL_AREA ( #1360 ) ;
#173 = VERTEX_POINT ( 'NONE', #1638 ) ;
#174 = DIRECTION ( 'NONE',  ( 6.505213034913059884E-17, -1.000000000000000000, 0.0000000000000000000 ) ) ;
#175 = CARTESIAN_POINT ( 'NONE',  ( 0.08964466094067252699, -0.7999999999999998224, 0.1896446609406726436 ) ) ;
#176 = DIRECTION ( 'NONE',  ( -0.0000000000000000000, -0.0000000000000000000, -1.000000000000000000 ) ) ;
#177 = DIRECTION ( 'NONE',  ( -0.0000000000000000000, 1.000000000000000000, -0.0000000000000000000 ) ) ;
#178 = FILL_AREA_STYLE_COLOUR ( '', #1314 ) ;
#179 = DIRECTION ( 'NONE',  ( 0.0000000000000000000, 0.0000000000000000000, 1.000000000000000000 ) ) ;
#180 = CARTESIAN_POINT ( 'NONE',  ( -1.273937552670470175E-16, 0.7750000000000000222, 0.2000000000000000111 ) ) ;
#181 = ORIENTED_EDGE ( 'NONE', *, *, #3046, .T. ) ;
#182 = CYLINDRICAL_SURFACE ( 'NONE', #660, 0.04999999999999999584 ) ;
#183 = SURFACE_SIDE_STYLE ('',( #2905 ) ) ;
#184 = ORIENTED_EDGE ( 'NONE', *, *, #3242, .T. ) ;
#185 = STYLED_ITEM ( 'NONE', ( #2594 ), #139 ) ;
#186 = DIRECTION ( 'NONE',  ( 1.000000000000000000, 0.0000000000000000000, 0.0000000000000000000 ) ) ;
#187 = CARTESIAN_POINT ( 'NONE',  ( 0.1000000000016943863, 0.8000000000004322542, 0.02298433570767814335 ) ) ;
#188 = DIRECTION ( 'NONE',  ( 0.0000000000000000000, 0.0000000000000000000, 1.000000000000000000 ) ) ;
#189 = VECTOR ( 'NONE', #2533, 1000.000000000000000 ) ;
#190 = ORIENTED_EDGE ( 'NONE', *, *, #391, .T. ) ;
#191 = EDGE_CURVE ( 'NONE', #2261, #1015, #3805, .T. ) ;
#192 = CYLINDRICAL_SURFACE ( 'NONE', #317, 0.05000000000000001665 ) ;
#193 = VECTOR ( 'NONE', #1308, 1000.000000000000000 ) ;
#194 = CARTESIAN_POINT ( 'NONE',  ( 0.07499999999999990008, -0.7999999999999999334, 0.1750000000000001277 ) ) ;
#195 =( GEOMETRIC_REPRESENTATION_CONTEXT ( 3 ) GLOBAL_UNCERTAINTY_ASSIGNED_CONTEXT ( ( #2047 ) ) GLOBAL_UNIT_ASSIGNED_CONTEXT ( ( #3416, #2164, #366 ) ) REPRESENTATION_CONTEXT ( 'NONE', 'WORKASPACE' ) );
#196 = CARTESIAN_POINT ( 'NONE',  ( -0.09999009131207675649, 0.7985922928562529943, 0.01672934598808573786 ) ) ;
#197 = MECHANICAL_DESIGN_GEOMETRIC_PRESENTATION_REPRESENTATION (  '', ( #1373 ), #837 ) ;
#198 = COLOUR_RGB ( '',0.0000000000000000000, 0.0000000000000000000, 0.0000000000000000000 ) ;
#199 = SURFACE_STYLE_FILL_AREA ( #1950 ) ;
#200 = SURFACE_STYLE_USAGE ( .BOTH. , #809 ) ;
#201 = SURFACE_STYLE_FILL_AREA ( #2820 ) ;
#202 =( GEOMETRIC_REPRESENTATION_CONTEXT ( 3 ) GLOBAL_UNCERTAINTY_ASSIGNED_CONTEXT ( ( #1328 ) ) GLOBAL_UNIT_ASSIGNED_CONTEXT ( ( #2248, #444, #3469 ) ) REPRESENTATION_CONTEXT ( 'NONE', 'WORKASPACE' ) );
#203 =( GEOMETRIC_REPRESENTATION_CONTEXT ( 3 ) GLOBAL_UNCERTAINTY_ASSIGNED_CONTEXT ( ( #1291 ) ) GLOBAL_UNIT_ASSIGNED_CONTEXT ( ( #3033, #1254, #3067 ) ) REPRESENTATION_CONTEXT ( 'NONE', 'WORKASPACE' ) );
#204 = LINE ( 'NONE', #1133, #1504 ) ;
#205 = VERTEX_POINT ( 'NONE', #313 ) ;
#206 = CARTESIAN_POINT ( 'NONE',  ( 1.649999999999999911, -0.4499999999999999556, 0.1500000000000000222 ) ) ;
#207 = AXIS2_PLACEMENT_3D ( 'NONE', #3099, #3143, #1362 ) ;
#208 = CARTESIAN_POINT ( 'NONE',  ( 0.2300000000000000100, 0.5000000000000009992, 0.0000000000000000000 ) ) ;
#209 = LINE ( 'NONE', #3785, #3456 ) ;
#210 = ORIENTED_EDGE ( 'NONE', *, *, #1005, .F. ) ;
#211 = SURFACE_SIDE_STYLE ('',( #3755 ) ) ;
#212 = STYLED_ITEM ( 'NONE', ( #2191 ), #2822 ) ;
#213 = ADVANCED_FACE ( 'NONE', ( #2331 ), #355, .T. ) ;
#214 = SURFACE_STYLE_USAGE ( .BOTH. , #2896 ) ;
#215 = DIRECTION ( 'NONE',  ( 0.0000000000000000000, 0.0000000000000000000, 1.000000000000000000 ) ) ;
#216 =( GEOMETRIC_REPRESENTATION_CONTEXT ( 3 ) GLOBAL_UNCERTAINTY_ASSIGNED_CONTEXT ( ( #240 ) ) GLOBAL_UNIT_ASSIGNED_CONTEXT ( ( #2570, #3111, #3445 ) ) REPRESENTATION_CONTEXT ( 'NONE', 'WORKASPACE' ) );
#217 = ADVANCED_FACE ( 'NONE', ( #3579 ), #3278, .T. ) ;
#218 = CARTESIAN_POINT ( 'NONE',  ( 1.600000000000000089, -0.4499999999999999556, 0.0000000000000000000 ) ) ;
#219 = CARTESIAN_POINT ( 'NONE',  ( 1.649999999999999911, -0.4500000000000000111, 0.1499999999999999944 ) ) ;
#220 = DIRECTION ( 'NONE',  ( 1.000000000000000000, 0.0000000000000000000, 0.0000000000000000000 ) ) ;
#221 = STYLED_ITEM ( 'NONE', ( #2176 ), #3612 ) ;
#222 = COLOUR_RGB ( '',0.7921568627450980005, 0.8196078431372548767, 0.9333333333333333481 ) ;
#223 = CARTESIAN_POINT ( 'NONE',  ( -0.09682458365518542553, 0.7750000000000001332, 0.2000000000000000389 ) ) ;
#224 = DIRECTION ( 'NONE',  ( 1.000000000000000000, 0.0000000000000000000, 0.0000000000000000000 ) ) ;
#225 = CARTESIAN_POINT ( 'NONE',  ( -0.06250000000000009714, 0.7999999999999999334, 0.02500000000000000139 ) ) ;
#226 = ORIENTED_EDGE ( 'NONE', *, *, #259, .T. ) ;
#227 = FILL_AREA_STYLE ('',( #2250 ) ) ;
#228 = FILL_AREA_STYLE ('',( #2909 ) ) ;
#229 = DIRECTION ( 'NONE',  ( -0.0000000000000000000, 1.000000000000000000, 0.0000000000000000000 ) ) ;
#230 =( LENGTH_UNIT ( ) NAMED_UNIT ( * ) SI_UNIT ( .MILLI., .METRE. ) );
#231 = ORIENTED_EDGE ( 'NONE', *, *, #3376, .T. ) ;
#232 = SURFACE_STYLE_USAGE ( .BOTH. , #2912 ) ;
#233 = MANIFOLD_SOLID_BREP ( 'Imported1', #1 ) ;
#234 = SURFACE_SIDE_STYLE ('',( #1127 ) ) ;
#235 = PRODUCT_RELATED_PRODUCT_CATEGORY ( 'part', '', ( #1591 ) ) ;
#236 = UNCERTAINTY_MEASURE_WITH_UNIT (LENGTH_MEASURE( 1.000000000000000082E-05 ), #1202, 'distance_accuracy_value', 'NONE');
#237 = CARTESIAN_POINT ( 'NONE',  ( 0.03333333333333350634, 0.7999999999999990452, 0.0000000000000000000 ) ) ;
#238 = DIRECTION ( 'NONE',  ( 0.0000000000000000000, -1.224646799147353207E-16, -1.000000000000000000 ) ) ;
#239 = EDGE_CURVE ( 'NONE', #755, #90, #2767, .T. ) ;
#240 = UNCERTAINTY_MEASURE_WITH_UNIT (LENGTH_MEASURE( 1.000000000000000082E-05 ), #2570, 'distance_accuracy_value', 'NONE');
#241 = PRESENTATION_STYLE_ASSIGNMENT (( #2088 ) ) ;
#242 = CARTESIAN_POINT ( 'NONE',  ( 0.09999999999999990841, 0.7896446609406724271, 0.01642135623730964569 ) ) ;
#243 = ORIENTED_EDGE ( 'NONE', *, *, #267, .F. ) ;
#244 = ADVANCED_FACE ( 'NONE', ( #3041 ), #976, .T. ) ;
#245 = SURFACE_SIDE_STYLE ('',( #3819 ) ) ;
#246 = VERTEX_POINT ( 'NONE', #2429 ) ;
#247 = CARTESIAN_POINT ( 'NONE',  ( 1.649999999999999911, 0.4792893218813452094, 0.04999999999999996114 ) ) ;
#248 =( NAMED_UNIT ( * ) SI_UNIT ( $, .STERADIAN. ) SOLID_ANGLE_UNIT ( ) );
#249 = FILL_AREA_STYLE ('',( #2597 ) ) ;
#250 = EDGE_LOOP ( 'NONE', ( #1695, #3440, #3548 ) ) ;
#251 = STYLED_ITEM ( 'NONE', ( #1283 ), #244 ) ;
#252 = CIRCLE ( 'NONE', #3121, 0.04999999999999999584 ) ;
#253 = DIRECTION ( 'NONE',  ( 1.000000000000000000, 0.0000000000000000000, 0.0000000000000000000 ) ) ;
#254 = CIRCLE ( 'NONE', #3694, 0.02500000000000000833 ) ;
#255 = DIRECTION ( 'NONE',  ( -1.000000000000000000, -0.0000000000000000000, 0.0000000000000000000 ) ) ;
#256 = CARTESIAN_POINT ( 'NONE',  ( -0.09985017791688656497, -0.7945280743822581426, 0.1906094301920663869 ) ) ;
#257 = MECHANICAL_DESIGN_GEOMETRIC_PRESENTATION_REPRESENTATION (  '', ( #2816 ), #3251 ) ;
#258 =( GEOMETRIC_REPRESENTATION_CONTEXT ( 3 ) GLOBAL_UNCERTAINTY_ASSIGNED_CONTEXT ( ( #3728 ) ) GLOBAL_UNIT_ASSIGNED_CONTEXT ( ( #2708, #1605, #961 ) ) REPRESENTATION_CONTEXT ( 'NONE', 'WORKASPACE' ) );
#259 = EDGE_CURVE ( 'NONE', #205, #1333, #1309, .T. ) ;
#260 =( NAMED_UNIT ( * ) SI_UNIT ( $, .STERADIAN. ) SOLID_ANGLE_UNIT ( ) );
#261 = DIRECTION ( 'NONE',  ( -0.0000000000000000000, 1.000000000000000000, 0.0000000000000000000 ) ) ;
#262 = AXIS2_PLACEMENT_3D ( 'NONE', #1722, #1084, #2833 ) ;
#263 = CARTESIAN_POINT ( 'NONE',  ( 0.09958993075600404421, 0.7906488244603936399, 0.1946930386761478449 ) ) ;
#264 = VERTEX_POINT ( 'NONE', #359 ) ;
#265 = MECHANICAL_DESIGN_GEOMETRIC_PRESENTATION_REPRESENTATION (  '', ( #461 ), #1967 ) ;
#266 = AXIS2_PLACEMENT_3D ( 'NONE', #2380, #2309, #610 ) ;
#267 = EDGE_CURVE ( 'NONE', #492, #2430, #69, .T. ) ;
#268 = DIRECTION ( 'NONE',  ( 0.0000000000000000000, -0.0000000000000000000, -1.000000000000000000 ) ) ;
#269 =( LENGTH_UNIT ( ) NAMED_UNIT ( * ) SI_UNIT ( .MILLI., .METRE. ) );
#270 = EDGE_LOOP ( 'NONE', ( #146, #362, #1492, #2391 ) ) ;
#271 = AXIS2_PLACEMENT_3D ( 'NONE', #3793, #1130, #1732 ) ;
#272 =( NAMED_UNIT ( * ) SI_UNIT ( $, .STERADIAN. ) SOLID_ANGLE_UNIT ( ) );
#273 = AXIS2_PLACEMENT_3D ( 'NONE', #3, #1440, #1747 ) ;
#274 = SURFACE_STYLE_FILL_AREA ( #2946 ) ;
#275 = FILL_AREA_STYLE_COLOUR ( '', #2837 ) ;
#276 = SURFACE_STYLE_USAGE ( .BOTH. , #3848 ) ;
#277 = VECTOR ( 'NONE', #2199, 1000.000000000000000 ) ;
#278 = UNCERTAINTY_MEASURE_WITH_UNIT (LENGTH_MEASURE( 1.000000000000000082E-05 ), #2454, 'distance_accuracy_value', 'NONE');
#279 = MECHANICAL_DESIGN_GEOMETRIC_PRESENTATION_REPRESENTATION (  '', ( #2224 ), #919 ) ;
#280 = FILL_AREA_STYLE_COLOUR ( '', #3458 ) ;
#281 = FILL_AREA_STYLE ('',( #1180 ) ) ;
#282 =( NAMED_UNIT ( * ) SI_UNIT ( $, .STERADIAN. ) SOLID_ANGLE_UNIT ( ) );
#283 = LINE ( 'NONE', #1182, #1593 ) ;
#284 = AXIS2_PLACEMENT_3D ( 'NONE', #3532, #2928, #3830 ) ;
#285 =( NAMED_UNIT ( * ) PLANE_ANGLE_UNIT ( ) SI_UNIT ( $, .RADIAN. ) );
#286 =( NAMED_UNIT ( * ) SI_UNIT ( $, .STERADIAN. ) SOLID_ANGLE_UNIT ( ) );
#287 = DIRECTION ( 'NONE',  ( 0.0000000000000000000, 0.0000000000000000000, 1.000000000000000000 ) ) ;
#288 = MECHANICAL_DESIGN_GEOMETRIC_PRESENTATION_REPRESENTATION (  '', ( #3486 ), #2464 ) ;
#289 = CARTESIAN_POINT ( 'NONE',  ( 0.1000031161009223846, 0.7995174496488293148, 0.1806316160401930937 ) ) ;
#290 = ORIENTED_EDGE ( 'NONE', *, *, #736, .F. ) ;
#291 = FILL_AREA_STYLE ('',( #2659 ) ) ;
#292 = ADVANCED_FACE ( 'NONE', ( #2412 ), #2157, .T. ) ;
#293 = AXIS2_PLACEMENT_3D ( 'NONE', #2645, #1782, #332 ) ;
#294 = CARTESIAN_POINT ( 'NONE',  ( -1.600000000000000089, -0.4500000000000000111, 0.1499999999999999944 ) ) ;
#295 = DIRECTION ( 'NONE',  ( 0.0000000000000000000, 0.0000000000000000000, 1.000000000000000000 ) ) ;
#296 =( NAMED_UNIT ( * ) PLANE_ANGLE_UNIT ( ) SI_UNIT ( $, .RADIAN. ) );
#297 = VERTEX_POINT ( 'NONE', #2343 ) ;
#298 =( GEOMETRIC_REPRESENTATION_CONTEXT ( 3 ) GLOBAL_UNCERTAINTY_ASSIGNED_CONTEXT ( ( #3244 ) ) GLOBAL_UNIT_ASSIGNED_CONTEXT ( ( #1549, #2736, #3014 ) ) REPRESENTATION_CONTEXT ( 'NONE', 'WORKASPACE' ) );
#299 = ADVANCED_FACE ( 'NONE', ( #630 ), #1217, .T. ) ;
#300 =( NAMED_UNIT ( * ) PLANE_ANGLE_UNIT ( ) SI_UNIT ( $, .RADIAN. ) );
#301 = SURFACE_STYLE_USAGE ( .BOTH. , #234 ) ;
#302 = FILL_AREA_STYLE ('',( #2948 ) ) ;
#303 =( NAMED_UNIT ( * ) SI_UNIT ( $, .STERADIAN. ) SOLID_ANGLE_UNIT ( ) );
#304 =( LENGTH_UNIT ( ) NAMED_UNIT ( * ) SI_UNIT ( .MILLI., .METRE. ) );
#305 = CARTESIAN_POINT ( 'NONE',  ( -0.09682458365518539778, -0.7750000000000000222, 0.2000000000000000111 ) ) ;
#306 = CARTESIAN_POINT ( 'NONE',  ( 0.09999999999999989453, 0.7749999999999999112, 0.02500000000000006384 ) ) ;
#307 = ORIENTED_EDGE ( 'NONE', *, *, #3792, .T. ) ;
#308 = DIRECTION ( 'NONE',  ( -1.000000000000000000, 0.0000000000000000000, 0.0000000000000000000 ) ) ;
#309 = CYLINDRICAL_SURFACE ( 'NONE', #293, 0.02500000000000001180 ) ;
#310 = CARTESIAN_POINT ( 'NONE',  ( 0.07499999999999990008, 0.7750000000000000222, 0.2000000000000000389 ) ) ;
#311 =( LENGTH_UNIT ( ) NAMED_UNIT ( * ) SI_UNIT ( .MILLI., .METRE. ) );
#312 = EDGE_LOOP ( 'NONE', ( #3735, #2427, #1230, #2526 ) ) ;
#313 = CARTESIAN_POINT ( 'NONE',  ( 0.1499999999999999944, 0.7999999999999999334, 0.1750000000000000167 ) ) ;
#314 = ADVANCED_FACE ( 'NONE', ( #2404 ), #349, .T. ) ;
#315 = LINE ( 'NONE', #2026, #3638 ) ;
#316 = ORIENTED_EDGE ( 'NONE', *, *, #2385, .F. ) ;
#317 = AXIS2_PLACEMENT_3D ( 'NONE', #1969, #1380, #3772 ) ;
#318 = ADVANCED_FACE ( 'NONE', ( #1562 ), #2894, .T. ) ;
#319 = FILL_AREA_STYLE_COLOUR ( '', #3634 ) ;
#320 =( NAMED_UNIT ( * ) PLANE_ANGLE_UNIT ( ) SI_UNIT ( $, .RADIAN. ) );
#321 = AXIS2_PLACEMENT_3D ( 'NONE', #1750, #7, #1521 ) ;
#322 = CARTESIAN_POINT ( 'NONE',  ( -0.09775752414749583341, -0.7788536133195919087, 0.1997772899930104762 ) ) ;
#323 = DIRECTION ( 'NONE',  ( 0.0000000000000000000, 0.0000000000000000000, 1.000000000000000000 ) ) ;
#324 = CARTESIAN_POINT ( 'NONE',  ( -1.600000000000000089, 0.5000000000000000000, 0.1499999999999999944 ) ) ;
#325 = CONTEXT_DEPENDENT_SHAPE_REPRESENTATION ( #3662, #3084 ) ;
#326 = ORIENTED_EDGE ( 'NONE', *, *, #2619, .T. ) ;
#327 = DIRECTION ( 'NONE',  ( 0.0000000000000000000, 0.0000000000000000000, 1.000000000000000000 ) ) ;
#328 = AXIS2_PLACEMENT_3D ( 'NONE', #879, #2950, #1146 ) ;
#329 = VECTOR ( 'NONE', #668, 1000.000000000000000 ) ;
#330 = PRESENTATION_LAYER_ASSIGNMENT (  '', '', ( #778 ) ) ;
#331 = CIRCLE ( 'NONE', #1767, 0.02500000000000001180 ) ;
#332 = DIRECTION ( 'NONE',  ( 0.0000000000000000000, 0.0000000000000000000, -1.000000000000000000 ) ) ;
#333 = LINE ( 'NONE', #1896, #486 ) ;
#334 = DIRECTION ( 'NONE',  ( 1.000000000000000000, 0.0000000000000000000, 0.0000000000000000000 ) ) ;
#335 = VERTEX_POINT ( 'NONE', #988 ) ;
#336 = CARTESIAN_POINT ( 'NONE',  ( 1.629289321881345121, 0.4499999999999999556, 2.889850802669690799E-17 ) ) ;
#337 =( GEOMETRIC_REPRESENTATION_CONTEXT ( 3 ) GLOBAL_UNCERTAINTY_ASSIGNED_CONTEXT ( ( #1970 ) ) GLOBAL_UNIT_ASSIGNED_CONTEXT ( ( #3650, #1550, #1574 ) ) REPRESENTATION_CONTEXT ( 'NONE', 'WORKASPACE' ) );
#338 = PRESENTATION_LAYER_ASSIGNMENT (  '', '', ( #2617 ) ) ;
#339 = EDGE_LOOP ( 'NONE', ( #2150, #1372, #886, #1804 ) ) ;
#340 = DIRECTION ( 'NONE',  ( 0.0000000000000000000, 0.0000000000000000000, 1.000000000000000000 ) ) ;
#341 = ORIENTED_EDGE ( 'NONE', *, *, #3319, .T. ) ;
#342 = EDGE_CURVE ( 'NONE', #1466, #1941, #2465, .T. ) ;
#343 = AXIS2_PLACEMENT_3D ( 'NONE', #1926, #1670, #480 ) ;
#344 = SURFACE_SIDE_STYLE ('',( #1035 ) ) ;
#345 = SURFACE_SIDE_STYLE ('',( #2185 ) ) ;
#346 = EDGE_CURVE ( 'NONE', #2325, #2092, #254, .T. ) ;
#347 = APPLICATION_CONTEXT ( 'automotive_design' ) ;
#348 = VECTOR ( 'NONE', #1324, 1000.000000000000000 ) ;
#349 = PLANE ( 'NONE',  #448 ) ;
#350 = CONTEXT_DEPENDENT_SHAPE_REPRESENTATION ( #3544, #737 ) ;
#351 = CARTESIAN_POINT ( 'NONE',  ( 0.09999999999999989453, -0.7750000000000000222, 0.02500000000000000139 ) ) ;
#352 = EDGE_LOOP ( 'NONE', ( #553, #2098, #716, #141 ) ) ;
#353 = SURFACE_STYLE_USAGE ( .BOTH. , #2447 ) ;
#354 =( GEOMETRIC_REPRESENTATION_CONTEXT ( 3 ) GLOBAL_UNCERTAINTY_ASSIGNED_CONTEXT ( ( #1613 ) ) GLOBAL_UNIT_ASSIGNED_CONTEXT ( ( #3794, #2600, #1933 ) ) REPRESENTATION_CONTEXT ( 'NONE', 'WORKASPACE' ) );
#355 =( BOUNDED_SURFACE ( )  B_SPLINE_SURFACE ( 3, 3, ( 
 ( #1761, #1160, #3232, #2368 ),
 ( #915, #1741, #2099, #247 ),
 ( #336, #578, #1430, #2944 ),
 ( #2625, #1191, #2351, #1453 ) ),
 .UNSPECIFIED., .F., .F., .F. ) 
 B_SPLINE_SURFACE_WITH_KNOTS ( ( 4, 4 ),
 ( 4, 4 ),
 ( 0.0000000000000000000, 1.000000000000000000 ),
 ( 0.0000000000000000000, 1.000000000000000000 ),
 .UNSPECIFIED. ) 
 GEOMETRIC_REPRESENTATION_ITEM ( )  RATIONAL_B_SPLINE_SURFACE ( (
 ( 1.000000000000000000, 0.8047378541243649375, 0.8047378541243649375, 1.000000000000000000),
 ( 0.8047378541243650485, 0.6476030138606877484, 0.6476030138606877484, 0.8047378541243650485),
 ( 0.8047378541243650485, 0.6476030138606877484, 0.6476030138606877484, 0.8047378541243650485),
 ( 1.000000000000000000, 0.8047378541243649375, 0.8047378541243649375, 1.000000000000000000) ) ) 
 REPRESENTATION_ITEM ( '' )  SURFACE ( )  );
#356 = CARTESIAN_POINT ( 'NONE',  ( 0.03333333333333350634, 0.5000000000000009992, 0.5000000000000000000 ) ) ;
#357 = DIRECTION ( 'NONE',  ( -0.0000000000000000000, -0.0000000000000000000, -1.000000000000000000 ) ) ;
#358 = VERTEX_POINT ( 'NONE', #370 ) ;
#359 = CARTESIAN_POINT ( 'NONE',  ( 1.600000000000000089, 0.4500000000000000111, -8.470329472543003391E-19 ) ) ;
#360 = VECTOR ( 'NONE', #1188, 1000.000000000000000 ) ;
#361 = DIRECTION ( 'NONE',  ( 0.0000000000000000000, -0.0000000000000000000, 1.000000000000000000 ) ) ;
#362 = ORIENTED_EDGE ( 'NONE', *, *, #2063, .F. ) ;
#363 = SURFACE_STYLE_FILL_AREA ( #2705 ) ;
#364 =( LENGTH_UNIT ( ) NAMED_UNIT ( * ) SI_UNIT ( .MILLI., .METRE. ) );
#365 = PRODUCT_DEFINITION_FORMATION_WITH_SPECIFIED_SOURCE ( 'ANY', '', #1591, .NOT_KNOWN. ) ;
#366 =( NAMED_UNIT ( * ) SI_UNIT ( $, .STERADIAN. ) SOLID_ANGLE_UNIT ( ) );
#367 = CARTESIAN_POINT ( 'NONE',  ( 0.09999999999999989453, 0.7750000000000001332, 0.1750000000000000167 ) ) ;
#368 = PRESENTATION_STYLE_ASSIGNMENT (( #79 ) ) ;
#369 = B_SPLINE_CURVE_WITH_KNOTS ( 'NONE', 3,
 ( #2235, #754, #474, #1359, #3411, #1699, #1939, #795, #3112, #1321, #1986, #1635, #1680, #2002, #187, #1377 ),
 .UNSPECIFIED., .F., .F.,
 ( 4, 3, 3, 3, 3, 4 ),
 ( 1.175215646378930339E-22, 8.373605580862388898E-06, 1.675850579264821015E-05, 2.500466926416718732E-05, 3.330517279573255024E-05, 3.931127940239112641E-05 ),
 .UNSPECIFIED. ) ;
#370 = CARTESIAN_POINT ( 'NONE',  ( -0.1499999999999999389, -0.7800000000000000266, 0.5000000000000000000 ) ) ;
#371 = EDGE_LOOP ( 'NONE', ( #3620, #33, #3712, #2920 ) ) ;
#372 = SURFACE_STYLE_FILL_AREA ( #636 ) ;
#373 = EDGE_CURVE ( 'NONE', #173, #3764, #1541, .T. ) ;
#374 = ORIENTED_EDGE ( 'NONE', *, *, #909, .F. ) ;
#375 = CARTESIAN_POINT ( 'NONE',  ( -1.600000000000000311, -0.4999999999999999445, 0.1792893218813451928 ) ) ;
#376 = ORIENTED_EDGE ( 'NONE', *, *, #191, .F. ) ;
#377 =( NAMED_UNIT ( * ) PLANE_ANGLE_UNIT ( ) SI_UNIT ( $, .RADIAN. ) );
#378 = PRODUCT_DEFINITION_SHAPE ( 'NONE', 'NONE',  #1744 ) ;
#379 = SURFACE_SIDE_STYLE ('',( #3700 ) ) ;
#380 = LINE ( 'NONE', #2417, #3480 ) ;
#381 = CARTESIAN_POINT ( 'NONE',  ( 0.07499999999999990008, 0.0000000000000000000, 0.2000000000000000111 ) ) ;
#382 = LINE ( 'NONE', #968, #3466 ) ;
#383 = APPLICATION_PROTOCOL_DEFINITION ( 'draft international standard', 'automotive_design', 1998, #3342 ) ;
#384 = ORIENTED_EDGE ( 'NONE', *, *, #1781, .T. ) ;
#385 = CARTESIAN_POINT ( 'NONE',  ( -8.673617379884040402E-17, -0.8000000000000000444, 0.0000000000000000000 ) ) ;
#386 = STYLED_ITEM ( 'NONE', ( #1274 ), #318 ) ;
#387 =( GEOMETRIC_REPRESENTATION_CONTEXT ( 3 ) GLOBAL_UNCERTAINTY_ASSIGNED_CONTEXT ( ( #3369 ) ) GLOBAL_UNIT_ASSIGNED_CONTEXT ( ( #2243, #2583, #436 ) ) REPRESENTATION_CONTEXT ( 'NONE', 'WORKASPACE' ) );
#388 = ORIENTED_EDGE ( 'NONE', *, *, #1606, .T. ) ;
#389 = SURFACE_SIDE_STYLE ('',( #52 ) ) ;
#390 =( GEOMETRIC_REPRESENTATION_CONTEXT ( 3 ) GLOBAL_UNCERTAINTY_ASSIGNED_CONTEXT ( ( #1879 ) ) GLOBAL_UNIT_ASSIGNED_CONTEXT ( ( #1663, #3737, #1700 ) ) REPRESENTATION_CONTEXT ( 'NONE', 'WORKASPACE' ) );
#391 = EDGE_CURVE ( 'NONE', #3040, #1899, #3122, .T. ) ;
#392 = CARTESIAN_POINT ( 'NONE',  ( -1.629289321881345343, 0.4999999999999998890, 0.02071067811865477323 ) ) ;
#393 = CARTESIAN_POINT ( 'NONE',  ( 0.1499999999999999944, -1.647987302177969895E-15, 0.5000000000000000000 ) ) ;
#394 = LINE ( 'NONE', #627, #972 ) ;
#395 = DIRECTION ( 'NONE',  ( -1.000000000000000000, 0.0000000000000000000, 0.0000000000000000000 ) ) ;
#396 =( GEOMETRIC_REPRESENTATION_CONTEXT ( 3 ) GLOBAL_UNCERTAINTY_ASSIGNED_CONTEXT ( ( #2775 ) ) GLOBAL_UNIT_ASSIGNED_CONTEXT ( ( #1505, #929, #2053 ) ) REPRESENTATION_CONTEXT ( 'NONE', 'WORKASPACE' ) );
#397 = SURFACE_STYLE_FILL_AREA ( #3059 ) ;
#398 =( REPRESENTATION_RELATIONSHIP ('NONE','NONE', #1953, #1907 ) REPRESENTATION_RELATIONSHIP_WITH_TRANSFORMATION ( #1830 )SHAPE_REPRESENTATION_RELATIONSHIP( ) );
#399 = MECHANICAL_DESIGN_GEOMETRIC_PRESENTATION_REPRESENTATION (  '', ( #2274 ), #2574 ) ;
#400 = CARTESIAN_POINT ( 'NONE',  ( 0.09999999999999989453, 0.7896446609406725381, 0.1750000000000000167 ) ) ;
#401 = CARTESIAN_POINT ( 'NONE',  ( -1.273937552670470175E-16, 0.7750000000000000222, 0.0000000000000000000 ) ) ;
#402 =( NAMED_UNIT ( * ) SI_UNIT ( $, .STERADIAN. ) SOLID_ANGLE_UNIT ( ) );
#403 = CARTESIAN_POINT ( 'NONE',  ( -1.649999999999999911, 0.4500000000000000111, 0.1499999999999999667 ) ) ;
#404 = CARTESIAN_POINT ( 'NONE',  ( 0.09999999999999989453, -0.7749999999999999112, 0.02499999999999995628 ) ) ;
#405 = EDGE_LOOP ( 'NONE', ( #1379, #3668, #2764, #496 ) ) ;
#406 = CARTESIAN_POINT ( 'NONE',  ( -1.273937552670470175E-16, -0.7750000000000000222, 0.0000000000000000000 ) ) ;
#407 = LINE ( 'NONE', #3381, #3418 ) ;
#408 = SURFACE_STYLE_FILL_AREA ( #2737 ) ;
#409 = EDGE_LOOP ( 'NONE', ( #3731, #847, #231, #2455 ) ) ;
#410 = EDGE_CURVE ( 'NONE', #1424, #1429, #1432, .T. ) ;
#411 = PRODUCT_DEFINITION_SHAPE ( 'NONE', 'NONE',  #3851 ) ;
#412 = CARTESIAN_POINT ( 'NONE',  ( -1.649999999999999911, -0.4499999999999999556, 0.1792893218813451650 ) ) ;
#413 = MECHANICAL_DESIGN_GEOMETRIC_PRESENTATION_REPRESENTATION (  '', ( #2231 ), #216 ) ;
#414 = CARTESIAN_POINT ( 'NONE',  ( -0.09953815698324050554, -0.7904002445666689081, 0.005306537448006178222 ) ) ;
#415 = CARTESIAN_POINT ( 'NONE',  ( -0.1499999999999999944, -0.8000000000000000444, 0.1750000000000000167 ) ) ;
#416 = MECHANICAL_DESIGN_GEOMETRIC_PRESENTATION_REPRESENTATION (  '', ( #932 ), #3023 ) ;
#417 = CARTESIAN_POINT ( 'NONE',  ( -1.649999999999999911, -0.4500000000000000111, 0.1499999999999999944 ) ) ;
#418 = CARTESIAN_POINT ( 'NONE',  ( 0.2300000000000000100, -0.5199999999999999067, 0.0000000000000000000 ) ) ;
#419 = LINE ( 'NONE', #1020, #2043 ) ;
#420 = AXIS2_PLACEMENT_3D ( 'NONE', #2622, #3215, #295 ) ;
#421 =( GEOMETRIC_REPRESENTATION_CONTEXT ( 3 ) GLOBAL_UNCERTAINTY_ASSIGNED_CONTEXT ( ( #2824 ) ) GLOBAL_UNIT_ASSIGNED_CONTEXT ( ( #2147, #2420, #3336 ) ) REPRESENTATION_CONTEXT ( 'NONE', 'WORKASPACE' ) );
#422 = CARTESIAN_POINT ( 'NONE',  ( 1.629289321881344899, 0.4792893218813452649, 0.1999999999999999556 ) ) ;
#423 = DIRECTION ( 'NONE',  ( 0.0000000000000000000, 0.0000000000000000000, 1.000000000000000000 ) ) ;
#424 = PRESENTATION_STYLE_ASSIGNMENT (( #715 ) ) ;
#425 = ORIENTED_EDGE ( 'NONE', *, *, #667, .T. ) ;
#426 = SURFACE_SIDE_STYLE ('',( #3708 ) ) ;
#427 =( LENGTH_UNIT ( ) NAMED_UNIT ( * ) SI_UNIT ( .MILLI., .METRE. ) );
#428 = EDGE_LOOP ( 'NONE', ( #3750, #2422, #3098, #3282 ) ) ;
#429 = CARTESIAN_POINT ( 'NONE',  ( -1.629289321881345121, 0.4999999999999999445, 0.04999999999999996114 ) ) ;
#430 = ORIENTED_EDGE ( 'NONE', *, *, #2554, .F. ) ;
#431 =( NAMED_UNIT ( * ) SI_UNIT ( $, .STERADIAN. ) SOLID_ANGLE_UNIT ( ) );
#432 = CARTESIAN_POINT ( 'NONE',  ( 0.09999999999999990841, 0.7750000000000000222, 0.0000000000000000000 ) ) ;
#433 =( LENGTH_UNIT ( ) NAMED_UNIT ( * ) SI_UNIT ( .MILLI., .METRE. ) );
#434 = UNCERTAINTY_MEASURE_WITH_UNIT (LENGTH_MEASURE( 1.000000000000000082E-05 ), #1589, 'distance_accuracy_value', 'NONE');
#435 = DIRECTION ( 'NONE',  ( -1.000000000000000000, 0.0000000000000000000, 0.0000000000000000000 ) ) ;
#436 =( NAMED_UNIT ( * ) SI_UNIT ( $, .STERADIAN. ) SOLID_ANGLE_UNIT ( ) );
#437 = CYLINDRICAL_SURFACE ( 'NONE', #1444, 0.01999999999999999695 ) ;
#438 = PRODUCT ( 'End_20x160x20_1', 'End_20x160x20_1', '', ( #649 ) ) ;
#439 = ORIENTED_EDGE ( 'NONE', *, *, #2772, .F. ) ;
#440 = FILL_AREA_STYLE_COLOUR ( '', #1162 ) ;
#441 = VECTOR ( 'NONE', #1582, 1000.000000000000000 ) ;
#442 =( NAMED_UNIT ( * ) SI_UNIT ( $, .STERADIAN. ) SOLID_ANGLE_UNIT ( ) );
#443 = SURFACE_STYLE_USAGE ( .BOTH. , #3109 ) ;
#444 =( NAMED_UNIT ( * ) PLANE_ANGLE_UNIT ( ) SI_UNIT ( $, .RADIAN. ) );
#445 = ORIENTED_EDGE ( 'NONE', *, *, #3653, .T. ) ;
#446 = VECTOR ( 'NONE', #91, 1000.000000000000000 ) ;
#447 =( GEOMETRIC_REPRESENTATION_CONTEXT ( 3 ) GLOBAL_UNCERTAINTY_ASSIGNED_CONTEXT ( ( #3419 ) ) GLOBAL_UNIT_ASSIGNED_CONTEXT ( ( #3269, #927, #3246 ) ) REPRESENTATION_CONTEXT ( 'NONE', 'WORKASPACE' ) );
#448 = AXIS2_PLACEMENT_3D ( 'NONE', #1887, #3374, #3334 ) ;
#449 = FILL_AREA_STYLE_COLOUR ( '', #3279 ) ;
#450 = SURFACE_SIDE_STYLE ('',( #2287 ) ) ;
#451 = SURFACE_SIDE_STYLE ('',( #725 ) ) ;
#452 = VERTEX_POINT ( 'NONE', #1040 ) ;
#453 = PRESENTATION_STYLE_ASSIGNMENT (( #2477 ) ) ;
#454 = DIRECTION ( 'NONE',  ( 0.0000000000000000000, 0.0000000000000000000, -1.000000000000000000 ) ) ;
#455 = STYLED_ITEM ( 'NONE', ( #1494 ), #616 ) ;
#456 = STYLED_ITEM ( 'NONE', ( #2572 ), #1519 ) ;
#457 = AXIS2_PLACEMENT_3D ( 'NONE', #2999, #1903, #361 ) ;
#458 = DIRECTION ( 'NONE',  ( 1.000000000000000000, 0.0000000000000000000, 0.0000000000000000000 ) ) ;
#459 = CARTESIAN_POINT ( 'NONE',  ( -0.09997706563243216604, 0.7976670727898140800, 0.01409012752574086667 ) ) ;
#460 = EDGE_CURVE ( 'NONE', #2383, #3820, #3630, .T. ) ;
#461 = STYLED_ITEM ( 'NONE', ( #2264 ), #1867 ) ;
#462 = CARTESIAN_POINT ( 'NONE',  ( 1.629289321881345343, -0.4999999999999860112, 0.02071067811864192240 ) ) ;
#463 = CARTESIAN_POINT ( 'NONE',  ( 0.07499999999999990008, -0.7999999999999999334, 0.02500000000000000139 ) ) ;
#464 = AXIS2_PLACEMENT_3D ( 'NONE', #503, #3107, #2294 ) ;
#465 = FACE_OUTER_BOUND ( 'NONE', #1678, .T. ) ;
#466 = ORIENTED_EDGE ( 'NONE', *, *, #1576, .F. ) ;
#467 = EDGE_CURVE ( 'NONE', #3625, #3338, #3105, .T. ) ;
#468 = VECTOR ( 'NONE', #3302, 1000.000000000000000 ) ;
#469 = FACE_OUTER_BOUND ( 'NONE', #371, .T. ) ;
#470 = LINE ( 'NONE', #2886, #1325 ) ;
#471 = ORIENTED_EDGE ( 'NONE', *, *, #2251, .F. ) ;
#472 = APPLICATION_CONTEXT ( 'automotive_design' ) ;
#473 = STYLED_ITEM ( 'NONE', ( #634 ), #2814 ) ;
#474 = CARTESIAN_POINT ( 'NONE',  ( 0.09811087165636300789, 0.7804742606132301086, 0.0004516196124875346491 ) ) ;
#475 = DIRECTION ( 'NONE',  ( -0.0000000000000000000, 0.0000000000000000000, 1.000000000000000000 ) ) ;
#476 = EDGE_LOOP ( 'NONE', ( #1620, #3129, #3345, #3167 ) ) ;
#477 = VECTOR ( 'NONE', #1441, 1000.000000000000000 ) ;
#478 = PRODUCT_DEFINITION_SHAPE ( 'NONE', 'NONE',  #3858 ) ;
#479 = CARTESIAN_POINT ( 'NONE',  ( -8.502773401189348767E-17, 0.7750000000000000222, 0.2000000000000000389 ) ) ;
#480 = DIRECTION ( 'NONE',  ( 0.0000000000000000000, 0.0000000000000000000, 1.000000000000000000 ) ) ;
#481 = SURFACE_STYLE_FILL_AREA ( #3703 ) ;
#482 = CIRCLE ( 'NONE', #996, 0.02500000000000000486 ) ;
#483 = EDGE_CURVE ( 'NONE', #665, #998, #1955, .T. ) ;
#484 = CARTESIAN_POINT ( 'NONE',  ( 0.2500000000000000000, 0.5200000000000010170, 0.0000000000000000000 ) ) ;
#485 = FACE_OUTER_BOUND ( 'NONE', #1636, .T. ) ;
#486 = VECTOR ( 'NONE', #3614, 1000.000000000000000 ) ;
#487 = VERTEX_POINT ( 'NONE', #2537 ) ;
#488 = CARTESIAN_POINT ( 'NONE',  ( -1.600000000000000089, 0.4500000000000000111, 0.0000000000000000000 ) ) ;
#489 = EDGE_CURVE ( 'NONE', #264, #2350, #2242, .T. ) ;
#490 = CARTESIAN_POINT ( 'NONE',  ( -0.1499999999999999389, -0.7800000000000000266, 0.0000000000000000000 ) ) ;
#491 =( LENGTH_UNIT ( ) NAMED_UNIT ( * ) SI_UNIT ( .MILLI., .METRE. ) );
#492 = VERTEX_POINT ( 'NONE', #1351 ) ;
#493 = CARTESIAN_POINT ( 'NONE',  ( 0.03333333333333350634, -0.8000000000000000444, 0.5000000000000000000 ) ) ;
#494 = CARTESIAN_POINT ( 'NONE',  ( 5.422019422587969628E-16, -0.4500000000000000111, 0.1999999999999999833 ) ) ;
#495 = PRESENTATION_STYLE_ASSIGNMENT (( #1065 ) ) ;
#496 = ORIENTED_EDGE ( 'NONE', *, *, #3485, .F. ) ;
#497 = LINE ( 'NONE', #1637, #1271 ) ;
#498 = CARTESIAN_POINT ( 'NONE',  ( 0.07499999999999990008, -0.7750000000000000222, 0.02500000000000000139 ) ) ;
#499 =( NAMED_UNIT ( * ) PLANE_ANGLE_UNIT ( ) SI_UNIT ( $, .RADIAN. ) );
#500 = DIRECTION ( 'NONE',  ( 0.0000000000000000000, 0.0000000000000000000, 1.000000000000000000 ) ) ;
#501 = LINE ( 'NONE', #2007, #2879 ) ;
#502 = SURFACE_STYLE_USAGE ( .BOTH. , #115 ) ;
#503 = CARTESIAN_POINT ( 'NONE',  ( -0.1299999999999999767, -0.7800000000000000266, 0.0000000000000000000 ) ) ;
#504 = EDGE_LOOP ( 'NONE', ( #2531, #2214, #3837, #1467 ) ) ;
#505 = CYLINDRICAL_SURFACE ( 'NONE', #3134, 0.02500000000000001180 ) ;
#506 = DIRECTION ( 'NONE',  ( 0.0000000000000000000, 0.0000000000000000000, 1.000000000000000000 ) ) ;
#507 = VERTEX_POINT ( 'NONE', #484 ) ;
#508 = EDGE_CURVE ( 'NONE', #3407, #1255, #1095, .T. ) ;
#509 = STYLED_ITEM ( 'NONE', ( #2652 ), #27 ) ;
#510 = PRODUCT ( 'Concave_30x160x20_1', 'Concave_30x160x20_1', '', ( #673 ) ) ;
#511 = CARTESIAN_POINT ( 'NONE',  ( 1.629289321881345121, -0.4499999999999999556, 0.1999999999999999833 ) ) ;
#512 = FACE_OUTER_BOUND ( 'NONE', #3231, .T. ) ;
#513 =( GEOMETRIC_REPRESENTATION_CONTEXT ( 3 ) GLOBAL_UNCERTAINTY_ASSIGNED_CONTEXT ( ( #3455 ) ) GLOBAL_UNIT_ASSIGNED_CONTEXT ( ( #1775, #865, #3245 ) ) REPRESENTATION_CONTEXT ( 'NONE', 'WORKASPACE' ) );
#514 = ORIENTED_EDGE ( 'NONE', *, *, #1238, .F. ) ;
#515 = PLANE ( 'NONE',  #3146 ) ;
#516 = SURFACE_SIDE_STYLE ('',( #2272 ) ) ;
#517 = ADVANCED_FACE ( 'NONE', ( #2518 ), #1536, .T. ) ;
#518 = PRESENTATION_LAYER_ASSIGNMENT (  '', '', ( #2017 ) ) ;
#519 = FILL_AREA_STYLE ('',( #1945 ) ) ;
#520 = CARTESIAN_POINT ( 'NONE',  ( -1.273937552670470175E-16, -2.168404344971010024E-18, 0.2000000000000000111 ) ) ;
#521 = COLOUR_RGB ( '',0.0000000000000000000, 0.0000000000000000000, 0.0000000000000000000 ) ;
#522 = STYLED_ITEM ( 'NONE', ( #2666 ), #586 ) ;
#523 = UNCERTAINTY_MEASURE_WITH_UNIT (LENGTH_MEASURE( 1.000000000000000082E-05 ), #2701, 'distance_accuracy_value', 'NONE');
#524 =( GEOMETRIC_REPRESENTATION_CONTEXT ( 3 ) GLOBAL_UNCERTAINTY_ASSIGNED_CONTEXT ( ( #3448 ) ) GLOBAL_UNIT_ASSIGNED_CONTEXT ( ( #230, #2547, #1964 ) ) REPRESENTATION_CONTEXT ( 'NONE', 'WORKASPACE' ) );
#525 =( GEOMETRIC_REPRESENTATION_CONTEXT ( 3 ) GLOBAL_UNCERTAINTY_ASSIGNED_CONTEXT ( ( #278 ) ) GLOBAL_UNIT_ASSIGNED_CONTEXT ( ( #2454, #2182, #3320 ) ) REPRESENTATION_CONTEXT ( 'NONE', 'WORKASPACE' ) );
#526 = CARTESIAN_POINT ( 'NONE',  ( 1.629289321881345343, -0.4499999999999999556, 0.0000000000000000000 ) ) ;
#527 =( NAMED_UNIT ( * ) PLANE_ANGLE_UNIT ( ) SI_UNIT ( $, .RADIAN. ) );
#528 =( NAMED_UNIT ( * ) PLANE_ANGLE_UNIT ( ) SI_UNIT ( $, .RADIAN. ) );
#529 = CARTESIAN_POINT ( 'NONE',  ( 1.650000000000000133, 0.0000000000000000000, 0.1499999999999999944 ) ) ;
#530 = MECHANICAL_DESIGN_GEOMETRIC_PRESENTATION_REPRESENTATION (  '', ( #1204 ), #202 ) ;
#531 = VECTOR ( 'NONE', #2669, 1000.000000000000000 ) ;
#532 = CARTESIAN_POINT ( 'NONE',  ( 0.07499999999999990008, 0.7750000000000000222, 0.0000000000000000000 ) ) ;
#533 = DIRECTION ( 'NONE',  ( 0.0000000000000000000, 0.0000000000000000000, 1.000000000000000000 ) ) ;
#534 =( NAMED_UNIT ( * ) PLANE_ANGLE_UNIT ( ) SI_UNIT ( $, .RADIAN. ) );
#535 = ORIENTED_EDGE ( 'NONE', *, *, #3587, .T. ) ;
#536 = AXIS2_PLACEMENT_3D ( 'NONE', #566, #1793, #2969 ) ;
#537 = PLANE ( 'NONE',  #1853 ) ;
#538 = FACE_OUTER_BOUND ( 'NONE', #1278, .T. ) ;
#539 = PRODUCT_DEFINITION ( 'UNKNOWN', '', #1923, #2971 ) ;
#540 = PRESENTATION_LAYER_ASSIGNMENT (  '', '', ( #3267 ) ) ;
#541 = ORIENTED_EDGE ( 'NONE', *, *, #2132, .T. ) ;
#542 = FILL_AREA_STYLE ('',( #2836 ) ) ;
#543 = EDGE_CURVE ( 'NONE', #3314, #3636, #501, .T. ) ;
#544 = SURFACE_STYLE_FILL_AREA ( #3203 ) ;
#545 = PRESENTATION_LAYER_ASSIGNMENT (  '', '', ( #2644 ) ) ;
#546 =( NAMED_UNIT ( * ) SI_UNIT ( $, .STERADIAN. ) SOLID_ANGLE_UNIT ( ) );
#547 = CARTESIAN_POINT ( 'NONE',  ( 1.629289321881345343, -0.5000000000000000000, 0.04999999999997606359 ) ) ;
#548 = SURFACE_SIDE_STYLE ('',( #1406 ) ) ;
#549 = FILL_AREA_STYLE_COLOUR ( '', #2163 ) ;
#550 = AXIS2_PLACEMENT_3D ( 'NONE', #294, #2660, #3214 ) ;
#551 = FILL_AREA_STYLE ('',( #3536 ) ) ;
#552 = CARTESIAN_POINT ( 'NONE',  ( 0.09999999999999989453, 0.7749999999999999112, 0.02500000000000006384 ) ) ;
#553 = ORIENTED_EDGE ( 'NONE', *, *, #3252, .T. ) ;
#554 = AXIS2_PLACEMENT_3D ( 'NONE', #2052, #1184, #2310 ) ;
#555 = DIRECTION ( 'NONE',  ( -1.000000000000000000, -0.0000000000000000000, -0.0000000000000000000 ) ) ;
#556 = CARTESIAN_POINT ( 'NONE',  ( 0.09752238412025629466, -0.7777025695801953464, 0.2000000000000000389 ) ) ;
#557 = PLANE ( 'NONE',  #262 ) ;
#558 = ORIENTED_EDGE ( 'NONE', *, *, #467, .T. ) ;
#559 =( NAMED_UNIT ( * ) PLANE_ANGLE_UNIT ( ) SI_UNIT ( $, .RADIAN. ) );
#560 = B_SPLINE_CURVE_WITH_KNOTS ( 'NONE', 3,
 ( #3145, #3476, #1068, #1399, #1669, #2534, #1366, #1925, #2578, #3774, #3450, #2552, #3787, #2240, #1089, #1109 ),
 .UNSPECIFIED., .F., .F.,
 ( 4, 3, 3, 3, 3, 4 ),
 ( 3.388131789017201356E-21, 8.389604005521182045E-06, 1.678031143638397408E-05, 2.514879151679471746E-05, 3.342532614329512283E-05, 3.930787751357956307E-05 ),
 .UNSPECIFIED. ) ;
#561 = SURFACE_STYLE_FILL_AREA ( #2628 ) ;
#562 = CARTESIAN_POINT ( 'NONE',  ( 0.0000000000000000000, -0.8000000000000000444, 0.0000000000000000000 ) ) ;
#563 = EDGE_CURVE ( 'NONE', #1043, #264, #1194, .T. ) ;
#564 = DIRECTION ( 'NONE',  ( -0.0000000000000000000, -0.0000000000000000000, -1.000000000000000000 ) ) ;
#565 = FACE_OUTER_BOUND ( 'NONE', #3542, .T. ) ;
#566 = CARTESIAN_POINT ( 'NONE',  ( 0.07499999999999990008, -0.7750000000000000222, 0.1750000000000000167 ) ) ;
#567 = PLANE ( 'NONE',  #284 ) ;
#568 = ADVANCED_FACE ( 'NONE', ( #2878 ), #2900, .F. ) ;
#569 = FILL_AREA_STYLE ('',( #3608 ) ) ;
#570 = DIRECTION ( 'NONE',  ( 0.0000000000000000000, -0.0000000000000000000, 1.000000000000000000 ) ) ;
#571 = CARTESIAN_POINT ( 'NONE',  ( 0.08964466094067254087, 0.7750000000000002442, -3.976085461092676770E-17 ) ) ;
#572 = ORIENTED_EDGE ( 'NONE', *, *, #65, .F. ) ;
#573 = UNCERTAINTY_MEASURE_WITH_UNIT (LENGTH_MEASURE( 1.000000000000000082E-05 ), #971, 'distance_accuracy_value', 'NONE');
#574 = CARTESIAN_POINT ( 'NONE',  ( 0.06249999999999990979, 0.7999999999999999334, 0.1750000000000000167 ) ) ;
#575 = SURFACE_SIDE_STYLE ('',( #2605 ) ) ;
#576 = PRESENTATION_STYLE_ASSIGNMENT (( #3230 ) ) ;
#577 = EDGE_LOOP ( 'NONE', ( #2071, #2288, #638, #210 ) ) ;
#578 = CARTESIAN_POINT ( 'NONE',  ( 1.629289321881345343, 0.4792893218813452649, -2.857038387684828504E-18 ) ) ;
#579 = STYLED_ITEM ( 'NONE', ( #2724 ), #94 ) ;
#580 = FACE_OUTER_BOUND ( 'NONE', #797, .T. ) ;
#581 = DIRECTION ( 'NONE',  ( -1.000000000000000000, 0.0000000000000000000, 0.0000000000000000000 ) ) ;
#582 = ORIENTED_EDGE ( 'NONE', *, *, #639, .T. ) ;
#583 = AXIS2_PLACEMENT_3D ( 'NONE', #2238, #774, #3433 ) ;
#584 =( NAMED_UNIT ( * ) SI_UNIT ( $, .STERADIAN. ) SOLID_ANGLE_UNIT ( ) );
#585 = LINE ( 'NONE', #1769, #1493 ) ;
#586 = ADVANCED_FACE ( 'NONE', ( #921 ), #3300, .T. ) ;
#587 = DIRECTION ( 'NONE',  ( 0.0000000000000000000, -1.000000000000000000, -0.0000000000000000000 ) ) ;
#588 = SURFACE_STYLE_FILL_AREA ( #28 ) ;
#589 = PRESENTATION_STYLE_ASSIGNMENT (( #2613 ) ) ;
#590 =( NAMED_UNIT ( * ) SI_UNIT ( $, .STERADIAN. ) SOLID_ANGLE_UNIT ( ) );
#591 = PRESENTATION_LAYER_ASSIGNMENT (  '', '', ( #74 ) ) ;
#592 = PRESENTATION_STYLE_ASSIGNMENT (( #1481 ) ) ;
#593 = VECTOR ( 'NONE', #1244, 1000.000000000000000 ) ;
#594 = ORIENTED_EDGE ( 'NONE', *, *, #2874, .T. ) ;
#595 = STYLED_ITEM ( 'NONE', ( #424 ), #1974 ) ;
#596 = COLOUR_RGB ( '',0.8196078431372548767, 0.8196078431372548767, 0.8196078431372548767 ) ;
#597 = DIRECTION ( 'NONE',  ( 0.0000000000000000000, 0.0000000000000000000, -1.000000000000000000 ) ) ;
#598 = FACE_OUTER_BOUND ( 'NONE', #3177, .T. ) ;
#599 =( NAMED_UNIT ( * ) SI_UNIT ( $, .STERADIAN. ) SOLID_ANGLE_UNIT ( ) );
#600 = ORIENTED_EDGE ( 'NONE', *, *, #1847, .F. ) ;
#601 = STYLED_ITEM ( 'NONE', ( #3743 ), #2312 ) ;
#602 = CIRCLE ( 'NONE', #1643, 0.01999999999999999695 ) ;
#603 = DIRECTION ( 'NONE',  ( 1.000000000000000000, 0.0000000000000000000, 0.0000000000000000000 ) ) ;
#604 = ORIENTED_EDGE ( 'NONE', *, *, #1676, .T. ) ;
#605 = SURFACE_STYLE_FILL_AREA ( #1178 ) ;
#606 = SURFACE_STYLE_FILL_AREA ( #3589 ) ;
#607 = CARTESIAN_POINT ( 'NONE',  ( -0.09812811978187618855, -0.7807419598212950174, 0.1993316645103456186 ) ) ;
#608 = AXIS2_PLACEMENT_3D ( 'NONE', #2986, #2970, #2951 ) ;
#609 =( NAMED_UNIT ( * ) PLANE_ANGLE_UNIT ( ) SI_UNIT ( $, .RADIAN. ) );
#610 = DIRECTION ( 'NONE',  ( 0.0000000000000000000, 0.0000000000000000000, -1.000000000000000000 ) ) ;
#611 = CARTESIAN_POINT ( 'NONE',  ( -0.8000000000000020428, -6.232704323682999576E-15, -0.1999999999999990119 ) ) ;
#612 = AXIS2_PLACEMENT_3D ( 'NONE', #1051, #2591, #1938 ) ;
#613 = CARTESIAN_POINT ( 'NONE',  ( 0.09864576389856835603, 0.7833795825189213691, 0.1987092194841507675 ) ) ;
#614 = ORIENTED_EDGE ( 'NONE', *, *, #3371, .T. ) ;
#615 = DIRECTION ( 'NONE',  ( 0.0000000000000000000, 0.0000000000000000000, 1.000000000000000000 ) ) ;
#616 = ADVANCED_FACE ( 'NONE', ( #1791 ), #3604, .T. ) ;
#617 = LINE ( 'NONE', #2056, #2172 ) ;
#618 = CARTESIAN_POINT ( 'NONE',  ( 0.09985811188524051918, -0.7944680255264698898, 0.1909232590287373299 ) ) ;
#619 = DIRECTION ( 'NONE',  ( 0.0000000000000000000, 0.0000000000000000000, -1.000000000000000000 ) ) ;
#620 = DIRECTION ( 'NONE',  ( 1.000000000000000000, 0.0000000000000000000, 0.0000000000000000000 ) ) ;
#621 =( GEOMETRIC_REPRESENTATION_CONTEXT ( 3 ) GLOBAL_UNCERTAINTY_ASSIGNED_CONTEXT ( ( #3092 ) ) GLOBAL_UNIT_ASSIGNED_CONTEXT ( ( #1009, #935, #105 ) ) REPRESENTATION_CONTEXT ( 'NONE', 'WORKASPACE' ) );
#622 = SURFACE_STYLE_FILL_AREA ( #1176 ) ;
#623 = EDGE_CURVE ( 'NONE', #3573, #1659, #2048, .T. ) ;
#624 = AXIS2_PLACEMENT_3D ( 'NONE', #969, #1866, #2712 ) ;
#625 = DIRECTION ( 'NONE',  ( 1.000000000000000000, 0.0000000000000000000, 0.0000000000000000000 ) ) ;
#626 = ORIENTED_EDGE ( 'NONE', *, *, #3220, .F. ) ;
#627 = CARTESIAN_POINT ( 'NONE',  ( 1.649999999999999911, 0.0000000000000000000, 0.05000000000000000278 ) ) ;
#628 = FILL_AREA_STYLE_COLOUR ( '', #19 ) ;
#629 = FILL_AREA_STYLE ('',( #549 ) ) ;
#630 = FACE_OUTER_BOUND ( 'NONE', #2470, .T. ) ;
#631 = DIRECTION ( 'NONE',  ( 0.0000000000000000000, 1.000000000000000000, -0.0000000000000000000 ) ) ;
#632 =( NAMED_UNIT ( * ) SI_UNIT ( $, .STERADIAN. ) SOLID_ANGLE_UNIT ( ) );
#633 = ORIENTED_EDGE ( 'NONE', *, *, #3007, .F. ) ;
#634 = PRESENTATION_STYLE_ASSIGNMENT (( #2696 ) ) ;
#635 = SURFACE_STYLE_USAGE ( .BOTH. , #3293 ) ;
#636 = FILL_AREA_STYLE ('',( #3073 ) ) ;
#637 = CARTESIAN_POINT ( 'NONE',  ( 0.2300000000000000100, 0.7799999999999990274, 0.0000000000000000000 ) ) ;
#638 = ORIENTED_EDGE ( 'NONE', *, *, #2499, .F. ) ;
#639 = EDGE_CURVE ( 'NONE', #2325, #205, #1745, .T. ) ;
#640 = LINE ( 'NONE', #1819, #593 ) ;
#641 = FILL_AREA_STYLE_COLOUR ( '', #3340 ) ;
#642 = ADVANCED_FACE ( 'NONE', ( #3329 ), #2184, .T. ) ;
#643 = EDGE_LOOP ( 'NONE', ( #600, #2703, #2003, #2329 ) ) ;
#644 = CARTESIAN_POINT ( 'NONE',  ( -0.1000000000000000056, 0.7999999999999999334, 0.02500000000000000139 ) ) ;
#645 = STYLED_ITEM ( 'NONE', ( #3259 ), #217 ) ;
#646 = DIRECTION ( 'NONE',  ( -1.000000000000000000, -0.0000000000000000000, 0.0000000000000000000 ) ) ;
#647 = COLOUR_RGB ( '',0.6235294117647058876, 0.6235294117647058876, 0.6235294117647058876 ) ;
#648 = DIRECTION ( 'NONE',  ( -0.0000000000000000000, -0.0000000000000000000, -1.000000000000000000 ) ) ;
#649 = PRODUCT_CONTEXT ( 'NONE', #877, 'mechanical' ) ;
#650 = FACE_OUTER_BOUND ( 'NONE', #1343, .T. ) ;
#651 = ORIENTED_EDGE ( 'NONE', *, *, #3653, .F. ) ;
#652 = DIRECTION ( 'NONE',  ( 0.0000000000000000000, 0.0000000000000000000, -1.000000000000000000 ) ) ;
#653 = STYLED_ITEM ( 'NONE', ( #1058 ), #1342 ) ;
#654 = PRESENTATION_LAYER_ASSIGNMENT (  '', '', ( #3253 ) ) ;
#655 = STYLED_ITEM ( 'NONE', ( #3717 ), #951 ) ;
#656 = DIRECTION ( 'NONE',  ( 1.000000000000000000, 0.0000000000000000000, 0.0000000000000000000 ) ) ;
#657 = FILL_AREA_STYLE ('',( #3406 ) ) ;
#658 = ORIENTED_EDGE ( 'NONE', *, *, #710, .T. ) ;
#659 = COLOUR_RGB ( '',0.0000000000000000000, 0.0000000000000000000, 0.0000000000000000000 ) ;
#660 = AXIS2_PLACEMENT_3D ( 'NONE', #823, #790, #2541 ) ;
#661 = EDGE_CURVE ( 'NONE', #1015, #1060, #2223, .T. ) ;
#662 = CARTESIAN_POINT ( 'NONE',  ( -0.09855841932229510161, 0.7830814308911585586, 0.1986577783139378828 ) ) ;
#663 = COLOUR_RGB ( '',0.8196078431372548767, 0.8196078431372548767, 0.8196078431372548767 ) ;
#664 = CARTESIAN_POINT ( 'NONE',  ( -1.600000000000000311, -0.4792893218813452649, 0.2000000000000000111 ) ) ;
#665 = VERTEX_POINT ( 'NONE', #417 ) ;
#666 =( NAMED_UNIT ( * ) SI_UNIT ( $, .STERADIAN. ) SOLID_ANGLE_UNIT ( ) );
#667 = EDGE_CURVE ( 'NONE', #3556, #1808, #2726, .T. ) ;
#668 = DIRECTION ( 'NONE',  ( -0.0000000000000000000, -1.000000000000000000, 0.0000000000000000000 ) ) ;
#669 =( NAMED_UNIT ( * ) PLANE_ANGLE_UNIT ( ) SI_UNIT ( $, .RADIAN. ) );
#670 = CIRCLE ( 'NONE', #2642, 0.01999999999999999695 ) ;
#671 = FILL_AREA_STYLE ('',( #102 ) ) ;
#672 = CYLINDRICAL_SURFACE ( 'NONE', #718, 0.01999999999999999695 ) ;
#673 = PRODUCT_CONTEXT ( 'NONE', #3342, 'mechanical' ) ;
#674 = SURFACE_STYLE_USAGE ( .BOTH. , #2206 ) ;
#675 = PRODUCT_DEFINITION_SHAPE ( 'NONE', 'NONE',  #3860 ) ;
#676 = EDGE_LOOP ( 'NONE', ( #1844, #1299, #1838, #772 ) ) ;
#677 = STYLED_ITEM ( 'NONE', ( #3502 ), #2962 ) ;
#678 = CIRCLE ( 'NONE', #3655, 0.01999999999999999695 ) ;
#679 = CARTESIAN_POINT ( 'NONE',  ( -8.331929422494659597E-17, -0.7750000000000000222, 0.0000000000000000000 ) ) ;
#680 = EDGE_LOOP ( 'NONE', ( #2233, #3379, #1737 ) ) ;
#681 = CARTESIAN_POINT ( 'NONE',  ( -0.1499999999999999944, -0.8000000000000000444, 0.0000000000000000000 ) ) ;
#682 = CIRCLE ( 'NONE', #1523, 0.04999999999999991257 ) ;
#683 = CARTESIAN_POINT ( 'NONE',  ( -0.1299999999999999767, -0.7800000000000000266, 0.5000000000000000000 ) ) ;
#684 = STYLED_ITEM ( 'NONE', ( #3799 ), #3811 ) ;
#685 = VERTEX_POINT ( 'NONE', #3658 ) ;
#686 =( NAMED_UNIT ( * ) PLANE_ANGLE_UNIT ( ) SI_UNIT ( $, .RADIAN. ) );
#687 =( REPRESENTATION_RELATIONSHIP ('NONE','NONE', #1953, #3088 ) REPRESENTATION_RELATIONSHIP_WITH_TRANSFORMATION ( #3421 )SHAPE_REPRESENTATION_RELATIONSHIP( ) );
#688 = UNCERTAINTY_MEASURE_WITH_UNIT (LENGTH_MEASURE( 1.000000000000000082E-05 ), #1459, 'distance_accuracy_value', 'NONE');
#689 = CARTESIAN_POINT ( 'NONE',  ( -0.1000000000000000056, 0.0000000000000000000, 0.0000000000000000000 ) ) ;
#690 = FILL_AREA_STYLE_COLOUR ( '', #2895 ) ;
#691 = DIRECTION ( 'NONE',  ( -0.0000000000000000000, 1.000000000000000000, 0.0000000000000000000 ) ) ;
#692 = EDGE_CURVE ( 'NONE', #3446, #1282, #1848, .T. ) ;
#693 = SHAPE_DEFINITION_REPRESENTATION ( #3722, #3263 ) ;
#694 = CARTESIAN_POINT ( 'NONE',  ( 1.600000000000000089, -0.4500000000000000111, 0.1999999999999999833 ) ) ;
#695 = ORIENTED_EDGE ( 'NONE', *, *, #267, .T. ) ;
#696 = ADVANCED_FACE ( 'NONE', ( #2749 ), #862, .T. ) ;
#697 = SURFACE_SIDE_STYLE ('',( #87 ) ) ;
#698 = CARTESIAN_POINT ( 'NONE',  ( 0.0000000000000000000, 0.0000000000000000000, 0.0000000000000000000 ) ) ;
#699 = FACE_OUTER_BOUND ( 'NONE', #409, .T. ) ;
#700 = FILL_AREA_STYLE ('',( #3410 ) ) ;
#701 =( NAMED_UNIT ( * ) PLANE_ANGLE_UNIT ( ) SI_UNIT ( $, .RADIAN. ) );
#702 = ORIENTED_EDGE ( 'NONE', *, *, #857, .T. ) ;
#703 = CARTESIAN_POINT ( 'NONE',  ( -0.06250000000000009714, 0.7750000000000000222, 0.2000000000000000389 ) ) ;
#704 = FILL_AREA_STYLE_COLOUR ( '', #2133 ) ;
#705 = PRODUCT_DEFINITION_SHAPE ( 'NONE', 'NONE',  #3854 ) ;
#706 = CARTESIAN_POINT ( 'NONE',  ( 0.1499999999999999944, 0.8000000000000000444, 0.0000000000000000000 ) ) ;
#707 = LINE ( 'NONE', #985, #2692 ) ;
#708 = CARTESIAN_POINT ( 'NONE',  ( -8.673617379884040402E-17, -0.8000000000000000444, 0.02500000000000000139 ) ) ;
#709 = PRESENTATION_LAYER_ASSIGNMENT (  '', '', ( #1135 ) ) ;
#710 = EDGE_CURVE ( 'NONE', #851, #994, #1683, .T. ) ;
#711 = CARTESIAN_POINT ( 'NONE',  ( 1.649999999999999911, 0.4500000000000000111, 0.1499999999999999667 ) ) ;
#712 = AXIS2_PLACEMENT_3D ( 'NONE', #3385, #3017, #1597 ) ;
#713 = CARTESIAN_POINT ( 'NONE',  ( -1.629289321881344899, 0.4500000000000000111, 0.2000000000000000111 ) ) ;
#714 = APPLICATION_PROTOCOL_DEFINITION ( 'draft international standard', 'automotive_design', 1998, #1335 ) ;
#715 = SURFACE_STYLE_USAGE ( .BOTH. , #3049 ) ;
#716 = ORIENTED_EDGE ( 'NONE', *, *, #460, .F. ) ;
#717 =( GEOMETRIC_REPRESENTATION_CONTEXT ( 3 ) GLOBAL_UNCERTAINTY_ASSIGNED_CONTEXT ( ( #2337 ) ) GLOBAL_UNIT_ASSIGNED_CONTEXT ( ( #1006, #1588, #402 ) ) REPRESENTATION_CONTEXT ( 'NONE', 'WORKASPACE' ) );
#718 = AXIS2_PLACEMENT_3D ( 'NONE', #1331, #423, #1073 ) ;
#719 = DIRECTION ( 'NONE',  ( 0.0000000000000000000, 0.0000000000000000000, 1.000000000000000000 ) ) ;
#720 = COLOUR_RGB ( '',0.8196078431372548767, 0.8196078431372548767, 0.8196078431372548767 ) ;
#721 = EDGE_LOOP ( 'NONE', ( #3115, #3173, #2647, #2354 ) ) ;
#722 =( NAMED_UNIT ( * ) SI_UNIT ( $, .STERADIAN. ) SOLID_ANGLE_UNIT ( ) );
#723 = MECHANICAL_DESIGN_GEOMETRIC_PRESENTATION_REPRESENTATION (  '', ( #456 ), #524 ) ;
#724 = CARTESIAN_POINT ( 'NONE',  ( -1.649999999999999911, 0.4499999999999999556, 0.05000000000000005829 ) ) ;
#725 = SURFACE_STYLE_FILL_AREA ( #128 ) ;
#726 = UNCERTAINTY_MEASURE_WITH_UNIT (LENGTH_MEASURE( 1.000000000000000082E-05 ), #304, 'distance_accuracy_value', 'NONE');
#727 = CARTESIAN_POINT ( 'NONE',  ( 0.09999999999999989453, -0.7749999999999999112, 0.1896446609406726158 ) ) ;
#728 = CARTESIAN_POINT ( 'NONE',  ( 1.649999999999999911, 0.4500000000000000111, 0.1792893218813451928 ) ) ;
#729 = ORIENTED_EDGE ( 'NONE', *, *, #2917, .F. ) ;
#730 = FACE_OUTER_BOUND ( 'NONE', #3068, .T. ) ;
#731 = UNCERTAINTY_MEASURE_WITH_UNIT (LENGTH_MEASURE( 1.000000000000000082E-05 ), #2735, 'distance_accuracy_value', 'NONE');
#732 = PRESENTATION_STYLE_ASSIGNMENT (( #443 ) ) ;
#733 = AXIS2_PLACEMENT_3D ( 'NONE', #2166, #3331, #2728 ) ;
#734 = SURFACE_SIDE_STYLE ('',( #1317 ) ) ;
#735 = ORIENTED_EDGE ( 'NONE', *, *, #2576, .T. ) ;
#736 = EDGE_CURVE ( 'NONE', #1340, #2866, #3125, .T. ) ;
#737 = PRODUCT_DEFINITION_SHAPE ( 'NONE', 'NONE',  #3852 ) ;
#738 = DIRECTION ( 'NONE',  ( 1.000000000000000000, 0.0000000000000000000, 0.0000000000000000000 ) ) ;
#739 =( NAMED_UNIT ( * ) SI_UNIT ( $, .STERADIAN. ) SOLID_ANGLE_UNIT ( ) );
#740 = PRESENTATION_LAYER_ASSIGNMENT (  '', '', ( #1914 ) ) ;
#741 = CARTESIAN_POINT ( 'NONE',  ( -1.273937552670470175E-16, 0.7750000000000000222, 0.0000000000000000000 ) ) ;
#742 = CARTESIAN_POINT ( 'NONE',  ( 0.2500000000000000000, -0.6500000000000001332, 0.0000000000000000000 ) ) ;
#743 = EDGE_CURVE ( 'NONE', #2059, #3764, #2853, .T. ) ;
#744 = LINE ( 'NONE', #1091, #789 ) ;
#745 = SURFACE_STYLE_USAGE ( .BOTH. , #1037 ) ;
#746 = AXIS2_PLACEMENT_3D ( 'NONE', #2614, #2360, #3571 ) ;
#747 = DIRECTION ( 'NONE',  ( 0.0000000000000000000, 0.0000000000000000000, 1.000000000000000000 ) ) ;
#748 = VERTEX_POINT ( 'NONE', #2303 ) ;
#749 = FACE_OUTER_BOUND ( 'NONE', #3610, .T. ) ;
#750 =( NAMED_UNIT ( * ) PLANE_ANGLE_UNIT ( ) SI_UNIT ( $, .RADIAN. ) );
#751 = PLANE ( 'NONE',  #2753 ) ;
#752 = VERTEX_POINT ( 'NONE', #3724 ) ;
#753 = EDGE_CURVE ( 'NONE', #2888, #1611, #560, .T. ) ;
#754 = CARTESIAN_POINT ( 'NONE',  ( 0.09752238412025625303, 0.7777025695801952354, -5.759824041329223817E-18 ) ) ;
#755 = VERTEX_POINT ( 'NONE', #156 ) ;
#756 = CARTESIAN_POINT ( 'NONE',  ( -0.1000000000000000056, -0.8000000000000000444, 0.0000000000000000000 ) ) ;
#757 = SURFACE_STYLE_USAGE ( .BOTH. , #211 ) ;
#758 = EDGE_CURVE ( 'NONE', #1965, #1412, #1088, .T. ) ;
#759 =( LENGTH_UNIT ( ) NAMED_UNIT ( * ) SI_UNIT ( .MILLI., .METRE. ) );
#760 = CARTESIAN_POINT ( 'NONE',  ( 0.07499999999999990008, 0.0000000000000000000, 0.1750000000000000167 ) ) ;
#761 = UNCERTAINTY_MEASURE_WITH_UNIT (LENGTH_MEASURE( 1.000000000000000082E-05 ), #1289, 'distance_accuracy_value', 'NONE');
#762 = PLANE ( 'NONE',  #3452 ) ;
#763 = FILL_AREA_STYLE_COLOUR ( '', #3138 ) ;
#764 = VERTEX_POINT ( 'NONE', #1992 ) ;
#765 = FILL_AREA_STYLE ('',( #440 ) ) ;
#766 = UNCERTAINTY_MEASURE_WITH_UNIT (LENGTH_MEASURE( 1.000000000000000082E-05 ), #1529, 'distance_accuracy_value', 'NONE');
#767 = DIRECTION ( 'NONE',  ( -0.0000000000000000000, -0.0000000000000000000, -1.000000000000000000 ) ) ;
#768 = CARTESIAN_POINT ( 'NONE',  ( 0.2500000000000000000, -1.647987302177969895E-15, 0.0000000000000000000 ) ) ;
#769 = ORIENTED_EDGE ( 'NONE', *, *, #3319, .F. ) ;
#770 = AXIS2_PLACEMENT_3D ( 'NONE', #3481, #137, #1711 ) ;
#771 = CARTESIAN_POINT ( 'NONE',  ( 1.649999999999999911, -0.4499999999999999556, 0.1499999999999999944 ) ) ;
#772 = ORIENTED_EDGE ( 'NONE', *, *, #743, .T. ) ;
#773 = CARTESIAN_POINT ( 'NONE',  ( -0.09900636079140953671, -0.7856908952531153068, 0.002233607412323269578 ) ) ;
#774 = DIRECTION ( 'NONE',  ( -1.000000000000000000, 0.0000000000000000000, 0.0000000000000000000 ) ) ;
#775 = MECHANICAL_DESIGN_GEOMETRIC_PRESENTATION_REPRESENTATION (  '', ( #1958 ), #2746 ) ;
#776 = AXIS2_PLACEMENT_3D ( 'NONE', #3434, #3120, #2515 ) ;
#777 = PRODUCT_RELATED_PRODUCT_CATEGORY ( 'part', '', ( #3378 ) ) ;
#778 = STYLED_ITEM ( 'NONE', ( #495 ), #1500 ) ;
#779 = CARTESIAN_POINT ( 'NONE',  ( 0.07499999999999990008, -0.7999999999999998224, 0.1896446609406727268 ) ) ;
#780 = SURFACE_SIDE_STYLE ('',( #2257 ) ) ;
#781 = CARTESIAN_POINT ( 'NONE',  ( 0.09682458365518542553, -0.7750000000000001332, 0.2000000000000000389 ) ) ;
#782 = AXIS2_PLACEMENT_3D ( 'NONE', #2426, #974, #2154 ) ;
#783 = COLOUR_RGB ( '',0.8196078431372548767, 0.8196078431372548767, 0.8196078431372548767 ) ;
#784 = CARTESIAN_POINT ( 'NONE',  ( 1.600000000000000089, -0.4999999999999860112, 0.02071067811864192240 ) ) ;
#785 = SURFACE_SIDE_STYLE ('',( #1687 ) ) ;
#786 = ORIENTED_EDGE ( 'NONE', *, *, #1800, .T. ) ;
#787 =( NAMED_UNIT ( * ) PLANE_ANGLE_UNIT ( ) SI_UNIT ( $, .RADIAN. ) );
#788 = EDGE_CURVE ( 'NONE', #2828, #2041, #2291, .T. ) ;
#789 = VECTOR ( 'NONE', #3725, 1000.000000000000000 ) ;
#790 = DIRECTION ( 'NONE',  ( -1.000000000000000000, 0.0000000000000000000, 0.0000000000000000000 ) ) ;
#791 = CARTESIAN_POINT ( 'NONE',  ( 1.600000000000000089, 0.4500000000000000111, 0.1499999999999999944 ) ) ;
#792 = ORIENTED_EDGE ( 'NONE', *, *, #661, .T. ) ;
#793 =( GEOMETRIC_REPRESENTATION_CONTEXT ( 3 ) GLOBAL_UNCERTAINTY_ASSIGNED_CONTEXT ( ( #2055 ) ) GLOBAL_UNIT_ASSIGNED_CONTEXT ( ( #2716, #3424, #2761 ) ) REPRESENTATION_CONTEXT ( 'NONE', 'WORKASPACE' ) );
#794 = SURFACE_STYLE_FILL_AREA ( #227 ) ;
#795 = CARTESIAN_POINT ( 'NONE',  ( 0.09974641517981203132, 0.7925596367727878455, 0.006995177421895525452 ) ) ;
#796 = FILL_AREA_STYLE_COLOUR ( '', #1498 ) ;
#797 = EDGE_LOOP ( 'NONE', ( #3771, #2792, #374, #2787 ) ) ;
#798 = DIRECTION ( 'NONE',  ( -0.0000000000000000000, -0.0000000000000000000, -1.000000000000000000 ) ) ;
#799 = SURFACE_STYLE_USAGE ( .BOTH. , #516 ) ;
#800 = AXIS2_PLACEMENT_3D ( 'NONE', #1168, #2438, #3026 ) ;
#801 = AXIS2_PLACEMENT_3D ( 'NONE', #1917, #3095, #1123 ) ;
#802 = CARTESIAN_POINT ( 'NONE',  ( 0.08964466094067252699, -0.7749999999999999112, 0.2000000000000000389 ) ) ;
#803 = DIRECTION ( 'NONE',  ( -0.0000000000000000000, -0.0000000000000000000, -1.000000000000000000 ) ) ;
#804 = DIRECTION ( 'NONE',  ( 1.000000000000000000, 0.0000000000000000000, -0.0000000000000000000 ) ) ;
#805 = DIRECTION ( 'NONE',  ( 1.000000000000000000, 0.0000000000000000000, -0.0000000000000000000 ) ) ;
#806 = ITEM_DEFINED_TRANSFORMATION ( 'NONE', 'NONE', #3545,  #1796 ) ;
#807 = ADVANCED_FACE ( 'NONE', ( #2006 ), #3180, .T. ) ;
#808 = VECTOR ( 'NONE', #2177, 1000.000000000000000 ) ;
#809 = SURFACE_SIDE_STYLE ('',( #1628 ) ) ;
#810 = ORIENTED_EDGE ( 'NONE', *, *, #710, .F. ) ;
#811 =( LENGTH_UNIT ( ) NAMED_UNIT ( * ) SI_UNIT ( .MILLI., .METRE. ) );
#812 = DIRECTION ( 'NONE',  ( -0.0000000000000000000, -0.0000000000000000000, -1.000000000000000000 ) ) ;
#813 = DIRECTION ( 'NONE',  ( 0.0000000000000000000, 0.0000000000000000000, -1.000000000000000000 ) ) ;
#814 = ADVANCED_FACE ( 'NONE', ( #580 ), #1456, .T. ) ;
#815 = ORIENTED_EDGE ( 'NONE', *, *, #2798, .F. ) ;
#816 = FILL_AREA_STYLE_COLOUR ( '', #1257 ) ;
#817 = ORIENTED_EDGE ( 'NONE', *, *, #639, .F. ) ;
#818 =( NAMED_UNIT ( * ) PLANE_ANGLE_UNIT ( ) SI_UNIT ( $, .RADIAN. ) );
#819 = DIRECTION ( 'NONE',  ( -1.000000000000000000, -0.0000000000000000000, -0.0000000000000000000 ) ) ;
#820 = CARTESIAN_POINT ( 'NONE',  ( 1.600000000000000089, -0.4792893218813341627, -3.175554641436969404E-17 ) ) ;
#821 = DIRECTION ( 'NONE',  ( -0.0000000000000000000, 1.000000000000000000, -0.0000000000000000000 ) ) ;
#822 = PRESENTATION_STYLE_ASSIGNMENT (( #2307 ) ) ;
#823 = CARTESIAN_POINT ( 'NONE',  ( 5.422019422587969628E-16, -0.4500000000000000111, 0.1499999999999999944 ) ) ;
#824 = DIRECTION ( 'NONE',  ( 1.000000000000000000, 0.0000000000000000000, 0.0000000000000000000 ) ) ;
#825 = DIRECTION ( 'NONE',  ( 0.0000000000000000000, 0.0000000000000000000, -1.000000000000000000 ) ) ;
#826 = ORIENTED_EDGE ( 'NONE', *, *, #2581, .F. ) ;
#827 = CARTESIAN_POINT ( 'NONE',  ( 1.649999999999999911, -0.4499999999999999556, 0.1499999999999999944 ) ) ;
#828 = CARTESIAN_POINT ( 'NONE',  ( 0.09999732580260865811, -0.7992686776860127296, 0.1810026063816000952 ) ) ;
#829 = STYLED_ITEM ( 'NONE', ( #2995 ), #213 ) ;
#830 = ORIENTED_EDGE ( 'NONE', *, *, #2765, .F. ) ;
#831 = PRESENTATION_STYLE_ASSIGNMENT (( #799 ) ) ;
#832 = EDGE_CURVE ( 'NONE', #3764, #129, #331, .T. ) ;
#833 = AXIS2_PLACEMENT_3D ( 'NONE', #1685, #1330, #1994 ) ;
#834 = DIRECTION ( 'NONE',  ( 0.0000000000000000000, 0.0000000000000000000, 1.000000000000000000 ) ) ;
#835 = MECHANICAL_DESIGN_GEOMETRIC_PRESENTATION_REPRESENTATION (  '', ( #653 ), #387 ) ;
#836 = VECTOR ( 'NONE', #1231, 1000.000000000000000 ) ;
#837 =( GEOMETRIC_REPRESENTATION_CONTEXT ( 3 ) GLOBAL_UNCERTAINTY_ASSIGNED_CONTEXT ( ( #2966 ) ) GLOBAL_UNIT_ASSIGNED_CONTEXT ( ( #2476, #2511, #3430 ) ) REPRESENTATION_CONTEXT ( 'NONE', 'WORKASPACE' ) );
#838 = MECHANICAL_DESIGN_GEOMETRIC_PRESENTATION_REPRESENTATION (  '', ( #2267 ), #525 ) ;
#839 = FILL_AREA_STYLE_COLOUR ( '', #3386 ) ;
#840 = SURFACE_STYLE_FILL_AREA ( #2008 ) ;
#841 = CARTESIAN_POINT ( 'NONE',  ( -0.1000000000000000056, -0.7999999999999999334, 0.1777965346685068670 ) ) ;
#842 = VECTOR ( 'NONE', #1959, 1000.000000000000000 ) ;
#843 = PRESENTATION_LAYER_ASSIGNMENT (  '', '', ( #1895 ) ) ;
#844 = UNCERTAINTY_MEASURE_WITH_UNIT (LENGTH_MEASURE( 1.000000000000000082E-05 ), #433, 'distance_accuracy_value', 'NONE');
#845 = CIRCLE ( 'NONE', #271, 0.01999999999999999695 ) ;
#846 = SURFACE_SIDE_STYLE ('',( #3795 ) ) ;
#847 = ORIENTED_EDGE ( 'NONE', *, *, #1398, .T. ) ;
#848 = PRESENTATION_LAYER_ASSIGNMENT (  '', '', ( #601 ) ) ;
#849 =( NAMED_UNIT ( * ) SI_UNIT ( $, .STERADIAN. ) SOLID_ANGLE_UNIT ( ) );
#850 = AXIS2_PLACEMENT_3D ( 'NONE', #3322, #395, #2773 ) ;
#851 = VERTEX_POINT ( 'NONE', #2044 ) ;
#852 = ADVANCED_FACE ( 'NONE', ( #2371 ), #2334, .T. ) ;
#853 = PRESENTATION_LAYER_ASSIGNMENT (  '', '', ( #473 ) ) ;
#854 = DIRECTION ( 'NONE',  ( 0.0000000000000000000, -0.0000000000000000000, 1.000000000000000000 ) ) ;
#855 = AXIS2_PLACEMENT_3D ( 'NONE', #488, #1675, #1691 ) ;
#856 = DIRECTION ( 'NONE',  ( 1.000000000000000000, 0.0000000000000000000, -0.0000000000000000000 ) ) ;
#857 = EDGE_CURVE ( 'NONE', #3692, #2178, #315, .T. ) ;
#858 = COLOUR_RGB ( '',0.0000000000000000000, 0.0000000000000000000, 0.0000000000000000000 ) ;
#859 = DIRECTION ( 'NONE',  ( 0.0000000000000000000, 0.0000000000000000000, -1.000000000000000000 ) ) ;
#860 = CARTESIAN_POINT ( 'NONE',  ( 0.1499999999999999944, 0.7750000000000000222, 0.0000000000000000000 ) ) ;
#861 = CARTESIAN_POINT ( 'NONE',  ( -0.09903915823966119580, -0.7859741430771949311, 0.1976297504875857702 ) ) ;
#862 =( BOUNDED_SURFACE ( )  B_SPLINE_SURFACE ( 3, 3, ( 
 ( #3045, #1018, #3394, #1823 ),
 ( #727, #2492, #1908, #2795 ),
 ( #802, #3757, #175, #1347 ),
 ( #3164, #3742, #779, #194 ) ),
 .UNSPECIFIED., .F., .F., .F. ) 
 B_SPLINE_SURFACE_WITH_KNOTS ( ( 4, 4 ),
 ( 4, 4 ),
 ( 0.0000000000000000000, 1.000000000000000000 ),
 ( 0.0000000000000000000, 1.000000000000000000 ),
 .UNSPECIFIED. ) 
 GEOMETRIC_REPRESENTATION_ITEM ( )  RATIONAL_B_SPLINE_SURFACE ( (
 ( 1.000000000000000000, 0.8047378541243649375, 0.8047378541243649375, 1.000000000000000000),
 ( 0.8047378541243649375, 0.6476030138606876374, 0.6476030138606876374, 0.8047378541243649375),
 ( 0.8047378541243649375, 0.6476030138606876374, 0.6476030138606876374, 0.8047378541243649375),
 ( 1.000000000000000000, 0.8047378541243649375, 0.8047378541243649375, 1.000000000000000000) ) ) 
 REPRESENTATION_ITEM ( '' )  SURFACE ( )  );
#863 = AXIS2_PLACEMENT_3D ( 'NONE', #50, #1856, #3309 ) ;
#864 = COLOUR_RGB ( '',0.0000000000000000000, 0.0000000000000000000, 0.0000000000000000000 ) ;
#865 =( NAMED_UNIT ( * ) PLANE_ANGLE_UNIT ( ) SI_UNIT ( $, .RADIAN. ) );
#866 = LINE ( 'NONE', #2918, #531 ) ;
#867 = DIRECTION ( 'NONE',  ( 1.214306433183782321E-15, -6.841315708383598306E-17, -1.000000000000000000 ) ) ;
#868 = CARTESIAN_POINT ( 'NONE',  ( 0.09999009131207675649, 0.7985922928562529943, 0.1832706540119142802 ) ) ;
#869 = ORIENTED_EDGE ( 'NONE', *, *, #3715, .F. ) ;
#870 = CARTESIAN_POINT ( 'NONE',  ( -0.1500000000000000500, 0.7799999999999930322, 0.5000000000000000000 ) ) ;
#871 = SURFACE_STYLE_FILL_AREA ( #1428 ) ;
#872 = ORIENTED_EDGE ( 'NONE', *, *, #3815, .F. ) ;
#873 = ADVANCED_FACE ( 'NONE', ( #2353 ), #3546, .T. ) ;
#874 = CARTESIAN_POINT ( 'NONE',  ( 0.07499999999999990008, 0.8000000000000000444, 0.0000000000000000000 ) ) ;
#875 = ORIENTED_EDGE ( 'NONE', *, *, #1471, .T. ) ;
#876 = UNCERTAINTY_MEASURE_WITH_UNIT (LENGTH_MEASURE( 1.000000000000000082E-05 ), #1601, 'distance_accuracy_value', 'NONE');
#877 = APPLICATION_CONTEXT ( 'automotive_design' ) ;
#878 =( LENGTH_UNIT ( ) NAMED_UNIT ( * ) SI_UNIT ( .MILLI., .METRE. ) );
#879 = CARTESIAN_POINT ( 'NONE',  ( 0.1499999999999999944, 0.0000000000000000000, 0.0000000000000000000 ) ) ;
#880 = CYLINDRICAL_SURFACE ( 'NONE', #2085, 0.02500000000000000486 ) ;
#881 = PRESENTATION_STYLE_ASSIGNMENT (( #1770 ) ) ;
#882 = UNCERTAINTY_MEASURE_WITH_UNIT (LENGTH_MEASURE( 1.000000000000000082E-05 ), #42, 'distance_accuracy_value', 'NONE');
#883 = DIRECTION ( 'NONE',  ( 1.000000000000000000, 0.0000000000000000000, 0.0000000000000000000 ) ) ;
#884 = SHAPE_REPRESENTATION ( 'top_330x100x20_1', ( #1796 ), #1222 ) ;
#885 = CARTESIAN_POINT ( 'NONE',  ( 0.07499999999999990008, 0.7749999999999999112, 0.1750000000000000167 ) ) ;
#886 = ORIENTED_EDGE ( 'NONE', *, *, #3485, .T. ) ;
#887 = CARTESIAN_POINT ( 'NONE',  ( 1.600000000000000089, -0.4500000000000000111, 0.1499999999999999944 ) ) ;
#888 = DIRECTION ( 'NONE',  ( 0.0000000000000000000, 0.0000000000000000000, -1.000000000000000000 ) ) ;
#889 = CARTESIAN_POINT ( 'NONE',  ( -1.600000000000000089, 0.4500000000000000111, 0.05000000000000000278 ) ) ;
#890 = ORIENTED_EDGE ( 'NONE', *, *, #2691, .F. ) ;
#891 = STYLED_ITEM ( 'NONE', ( #831 ), #120 ) ;
#892 = SURFACE_SIDE_STYLE ('',( #622 ) ) ;
#893 = AXIS2_PLACEMENT_3D ( 'NONE', #1345, #3117, #454 ) ;
#894 =( LENGTH_UNIT ( ) NAMED_UNIT ( * ) SI_UNIT ( .MILLI., .METRE. ) );
#895 = ORIENTED_EDGE ( 'NONE', *, *, #460, .T. ) ;
#896 = PRODUCT_RELATED_PRODUCT_CATEGORY ( 'part', '', ( #438 ) ) ;
#897 = COLOUR_RGB ( '',0.8196078431372548767, 0.8196078431372548767, 0.8196078431372548767 ) ;
#898 = CARTESIAN_POINT ( 'NONE',  ( 0.0000000000000000000, 0.8000000000000000444, 0.0000000000000000000 ) ) ;
#899 = AXIS2_PLACEMENT_3D ( 'NONE', #898, #3549, #2399 ) ;
#900 = FILL_AREA_STYLE_COLOUR ( '', #3391 ) ;
#901 = CARTESIAN_POINT ( 'NONE',  ( -0.09958993075600404421, -0.7906488244603936399, 0.1946930386761478449 ) ) ;
#902 = EDGE_CURVE ( 'NONE', #118, #1024, #2208, .T. ) ;
#903 = VECTOR ( 'NONE', #2942, 1000.000000000000000 ) ;
#904 = PRESENTATION_LAYER_ASSIGNMENT (  '', '', ( #3317 ) ) ;
#905 = CARTESIAN_POINT ( 'NONE',  ( -0.1299999999999999767, 0.7799999999999930322, 0.5000000000000000000 ) ) ;
#906 = DIRECTION ( 'NONE',  ( 1.000000000000000000, -3.139641946841839978E-18, -6.938893903907229918E-18 ) ) ;
#907 = PRESENTATION_LAYER_ASSIGNMENT (  '', '', ( #2209 ) ) ;
#908 = ORIENTED_EDGE ( 'NONE', *, *, #3004, .F. ) ;
#909 = EDGE_CURVE ( 'NONE', #3407, #2782, #1227, .T. ) ;
#910 = PRESENTATION_LAYER_ASSIGNMENT (  '', '', ( #595 ) ) ;
#911 = DIRECTION ( 'NONE',  ( 1.000000000000000000, 0.0000000000000000000, 0.0000000000000000000 ) ) ;
#912 = FILL_AREA_STYLE_COLOUR ( '', #1598 ) ;
#913 = ORIENTED_EDGE ( 'NONE', *, *, #1725, .F. ) ;
#914 = COLOUR_RGB ( '',0.6235294117647058876, 0.6235294117647058876, 0.6235294117647058876 ) ;
#915 = CARTESIAN_POINT ( 'NONE',  ( 1.649999999999999911, 0.4499999999999999556, 0.02071067811865476976 ) ) ;
#916 = AXIS2_PLACEMENT_3D ( 'NONE', #3044, #340, #941 ) ;
#917 = CARTESIAN_POINT ( 'NONE',  ( -0.06250000000000009714, -0.7999999999999999334, 0.02500000000000000486 ) ) ;
#918 = ORIENTED_EDGE ( 'NONE', *, *, #239, .F. ) ;
#919 =( GEOMETRIC_REPRESENTATION_CONTEXT ( 3 ) GLOBAL_UNCERTAINTY_ASSIGNED_CONTEXT ( ( #1894 ) ) GLOBAL_UNIT_ASSIGNED_CONTEXT ( ( #3595, #818, #2384 ) ) REPRESENTATION_CONTEXT ( 'NONE', 'WORKASPACE' ) );
#920 = UNCERTAINTY_MEASURE_WITH_UNIT (LENGTH_MEASURE( 1.000000000000000082E-05 ), #1581, 'distance_accuracy_value', 'NONE');
#921 = FACE_OUTER_BOUND ( 'NONE', #1507, .T. ) ;
#922 = CARTESIAN_POINT ( 'NONE',  ( -1.629289321881344899, -0.5000000000000000000, 0.05000000000000000971 ) ) ;
#923 = LINE ( 'NONE', #237, #2217 ) ;
#924 = CARTESIAN_POINT ( 'NONE',  ( 0.1499999999999999944, -0.8000000000000000444, 0.0000000000000000000 ) ) ;
#925 = ADVANCED_FACE ( 'NONE', ( #3019 ), #3287, .T. ) ;
#926 = FILL_AREA_STYLE ('',( #3535 ) ) ;
#927 =( NAMED_UNIT ( * ) PLANE_ANGLE_UNIT ( ) SI_UNIT ( $, .RADIAN. ) );
#928 = CONTEXT_DEPENDENT_SHAPE_REPRESENTATION ( #15, #705 ) ;
#929 =( NAMED_UNIT ( * ) PLANE_ANGLE_UNIT ( ) SI_UNIT ( $, .RADIAN. ) );
#930 = ORIENTED_EDGE ( 'NONE', *, *, #2713, .F. ) ;
#931 = DIRECTION ( 'NONE',  ( 1.000000000000000000, 1.084202172485504434E-15, 0.0000000000000000000 ) ) ;
#932 = STYLED_ITEM ( 'NONE', ( #2113 ), #3504 ) ;
#933 = EDGE_CURVE ( 'NONE', #1353, #297, #640, .T. ) ;
#934 = DIRECTION ( 'NONE',  ( -1.000000000000000000, -0.0000000000000000000, -0.0000000000000000000 ) ) ;
#935 =( NAMED_UNIT ( * ) PLANE_ANGLE_UNIT ( ) SI_UNIT ( $, .RADIAN. ) );
#936 = CARTESIAN_POINT ( 'NONE',  ( -0.06250000000000009714, 0.7750000000000000222, 0.02500000000000000139 ) ) ;
#937 = ORIENTED_EDGE ( 'NONE', *, *, #489, .F. ) ;
#938 = CARTESIAN_POINT ( 'NONE',  ( -8.502773401189348767E-17, 0.7750000000000000222, 0.1750000000000000167 ) ) ;
#939 = AXIS2_PLACEMENT_3D ( 'NONE', #611, #533, #224 ) ;
#940 = FILL_AREA_STYLE ('',( #2790 ) ) ;
#941 = DIRECTION ( 'NONE',  ( 1.000000000000000000, 0.0000000000000000000, -0.0000000000000000000 ) ) ;
#942 = ORIENTED_EDGE ( 'NONE', *, *, #3847, .F. ) ;
#943 = CARTESIAN_POINT ( 'NONE',  ( -1.649999999999999911, -0.4500000000000000111, 0.05000000000000000278 ) ) ;
#944 =( LENGTH_UNIT ( ) NAMED_UNIT ( * ) SI_UNIT ( .MILLI., .METRE. ) );
#945 = FILL_AREA_STYLE_COLOUR ( '', #1787 ) ;
#946 = SURFACE_STYLE_USAGE ( .BOTH. , #3553 ) ;
#947 = SURFACE_SIDE_STYLE ('',( #2988 ) ) ;
#948 = SURFACE_STYLE_FILL_AREA ( #2731 ) ;
#949 = VERTEX_POINT ( 'NONE', #980 ) ;
#950 = CARTESIAN_POINT ( 'NONE',  ( -0.1499999999999999944, 0.0000000000000000000, 0.0000000000000000000 ) ) ;
#951 = ADVANCED_FACE ( 'NONE', ( #2159 ), #3350, .T. ) ;
#952 = SURFACE_STYLE_USAGE ( .BOTH. , #697 ) ;
#953 = PRESENTATION_STYLE_ASSIGNMENT (( #3616 ) ) ;
#954 = ORIENTED_EDGE ( 'NONE', *, *, #2192, .F. ) ;
#955 = EDGE_CURVE ( 'NONE', #1965, #998, #2510, .T. ) ;
#956 = CARTESIAN_POINT ( 'NONE',  ( -1.600000000000000089, -0.4999999999999998890, 0.1500000000000000222 ) ) ;
#957 = DIRECTION ( 'NONE',  ( 0.0000000000000000000, 0.0000000000000000000, 1.000000000000000000 ) ) ;
#958 = ORIENTED_EDGE ( 'NONE', *, *, #1050, .T. ) ;
#959 = APPLICATION_CONTEXT ( 'automotive_design' ) ;
#960 = EDGE_CURVE ( 'NONE', #1437, #3011, #369, .T. ) ;
#961 =( NAMED_UNIT ( * ) SI_UNIT ( $, .STERADIAN. ) SOLID_ANGLE_UNIT ( ) );
#962 = FACE_OUTER_BOUND ( 'NONE', #2131, .T. ) ;
#963 = CIRCLE ( 'NONE', #893, 0.05000000000000000971 ) ;
#964 =( NAMED_UNIT ( * ) PLANE_ANGLE_UNIT ( ) SI_UNIT ( $, .RADIAN. ) );
#965 = MECHANICAL_DESIGN_GEOMETRIC_PRESENTATION_REPRESENTATION (  '', ( #2617 ), #2685 ) ;
#966 = COLOUR_RGB ( '',0.0000000000000000000, 0.0000000000000000000, 0.0000000000000000000 ) ;
#967 = CARTESIAN_POINT ( 'NONE',  ( 1.600000000000000089, 0.4500000000000000111, 0.1999999999999999833 ) ) ;
#968 = CARTESIAN_POINT ( 'NONE',  ( 0.06249999999999990979, -0.7999999999999999334, 0.02500000000000000486 ) ) ;
#969 = CARTESIAN_POINT ( 'NONE',  ( -1.804112415015880167E-15, -6.232704323682999576E-15, -0.1999999999999990119 ) ) ;
#970 = EDGE_LOOP ( 'NONE', ( #151, #918, #1122, #558 ) ) ;
#971 =( LENGTH_UNIT ( ) NAMED_UNIT ( * ) SI_UNIT ( .MILLI., .METRE. ) );
#972 = VECTOR ( 'NONE', #1014, 1000.000000000000000 ) ;
#973 = VECTOR ( 'NONE', #2875, 1000.000000000000000 ) ;
#974 = DIRECTION ( 'NONE',  ( -0.0000000000000000000, -1.000000000000000000, -0.0000000000000000000 ) ) ;
#975 = ORIENTED_EDGE ( 'NONE', *, *, #3353, .T. ) ;
#976 = CYLINDRICAL_SURFACE ( 'NONE', #712, 0.01999999999999999695 ) ;
#977 = CIRCLE ( 'NONE', #3194, 0.05000000000000001665 ) ;
#978 = DIRECTION ( 'NONE',  ( 0.0000000000000000000, 0.0000000000000000000, -1.000000000000000000 ) ) ;
#979 = MECHANICAL_DESIGN_GEOMETRIC_PRESENTATION_REPRESENTATION (  '', ( #1150 ), #3522 ) ;
#980 = CARTESIAN_POINT ( 'NONE',  ( 0.2300000000000000100, -0.8000000000000000444, 0.5000000000000000000 ) ) ;
#981 = EDGE_LOOP ( 'NONE', ( #384, #2406, #2016, #1912 ) ) ;
#982 = PRESENTATION_LAYER_ASSIGNMENT (  '', '', ( #2634 ) ) ;
#983 = ADVANCED_FACE ( 'NONE', ( #2252 ), #2546, .T. ) ;
#984 = CIRCLE ( 'NONE', #2222, 0.01999999999999999695 ) ;
#985 = CARTESIAN_POINT ( 'NONE',  ( 0.1250000000000000000, -0.8000000000000000444, 0.1750000000000000167 ) ) ;
#986 =( NAMED_UNIT ( * ) SI_UNIT ( $, .STERADIAN. ) SOLID_ANGLE_UNIT ( ) );
#987 = CIRCLE ( 'NONE', #2162, 0.1000000000000000056 ) ;
#988 = CARTESIAN_POINT ( 'NONE',  ( 0.09999999999999990841, 0.7750000000000000222, 0.1750000000000000167 ) ) ;
#989 = APPLICATION_PROTOCOL_DEFINITION ( 'draft international standard', 'automotive_design', 1998, #472 ) ;
#990 = ORIENTED_EDGE ( 'NONE', *, *, #1111, .F. ) ;
#991 = PRESENTATION_STYLE_ASSIGNMENT (( #85 ) ) ;
#992 = VECTOR ( 'NONE', #3153, 1000.000000000000000 ) ;
#993 = DIRECTION ( 'NONE',  ( 0.0000000000000000000, 1.000000000000000000, 0.0000000000000000000 ) ) ;
#994 = VERTEX_POINT ( 'NONE', #208 ) ;
#995 = PRESENTATION_STYLE_ASSIGNMENT (( #2739 ) ) ;
#996 = AXIS2_PLACEMENT_3D ( 'NONE', #1757, #911, #888 ) ;
#997 = CARTESIAN_POINT ( 'NONE',  ( -0.09953815698324050554, 0.7904002445666689081, 0.1946934625519938511 ) ) ;
#998 = VERTEX_POINT ( 'NONE', #1124 ) ;
#999 =( NAMED_UNIT ( * ) PLANE_ANGLE_UNIT ( ) SI_UNIT ( $, .RADIAN. ) );
#1000 = EDGE_CURVE ( 'NONE', #1412, #2828, #1090, .T. ) ;
#1001 = AXIS2_PLACEMENT_3D ( 'NONE', #1464, #867, #2297 ) ;
#1002 = UNCERTAINTY_MEASURE_WITH_UNIT (LENGTH_MEASURE( 1.000000000000000082E-05 ), #2122, 'distance_accuracy_value', 'NONE');
#1003 = DIRECTION ( 'NONE',  ( -0.0000000000000000000, -0.0000000000000000000, 1.000000000000000000 ) ) ;
#1004 = SURFACE_SIDE_STYLE ('',( #1586 ) ) ;
#1005 = EDGE_CURVE ( 'NONE', #3338, #90, #2282, .T. ) ;
#1006 =( LENGTH_UNIT ( ) NAMED_UNIT ( * ) SI_UNIT ( .MILLI., .METRE. ) );
#1007 = ORIENTED_EDGE ( 'NONE', *, *, #1814, .F. ) ;
#1008 = CARTESIAN_POINT ( 'NONE',  ( 1.600000000000000089, 0.0000000000000000000, 0.05000000000000000278 ) ) ;
#1009 =( LENGTH_UNIT ( ) NAMED_UNIT ( * ) SI_UNIT ( .MILLI., .METRE. ) );
#1010 = FILL_AREA_STYLE_COLOUR ( '', #1567 ) ;
#1011 = ORIENTED_EDGE ( 'NONE', *, *, #1471, .F. ) ;
#1012 =( NAMED_UNIT ( * ) PLANE_ANGLE_UNIT ( ) SI_UNIT ( $, .RADIAN. ) );
#1013 = CARTESIAN_POINT ( 'NONE',  ( -0.09752238412025629466, 0.7777025695801953464, 0.2000000000000000389 ) ) ;
#1014 = DIRECTION ( 'NONE',  ( -0.0000000000000000000, -1.000000000000000000, -0.0000000000000000000 ) ) ;
#1015 = VERTEX_POINT ( 'NONE', #3710 ) ;
#1016 = SURFACE_STYLE_FILL_AREA ( #130 ) ;
#1017 = CARTESIAN_POINT ( 'NONE',  ( 0.2500000000000000000, 0.5200000000000010170, 0.0000000000000000000 ) ) ;
#1018 = CARTESIAN_POINT ( 'NONE',  ( 0.09999999999999989453, -0.7749999999999999112, 0.1750000000000000999 ) ) ;
#1019 = CYLINDRICAL_SURFACE ( 'NONE', #1713, 0.01999999999999999695 ) ;
#1020 = CARTESIAN_POINT ( 'NONE',  ( 0.2500000000000000000, -1.647987302177969895E-15, 0.0000000000000000000 ) ) ;
#1021 = FILL_AREA_STYLE_COLOUR ( '', #1506 ) ;
#1022 = EDGE_CURVE ( 'NONE', #1816, #2888, #1956, .T. ) ;
#1023 = CYLINDRICAL_SURFACE ( 'NONE', #464, 0.01999999999999999695 ) ;
#1024 = VERTEX_POINT ( 'NONE', #121 ) ;
#1025 = CARTESIAN_POINT ( 'NONE',  ( 1.600000000000000089, -0.5000000000000000000, 0.04999999999999402145 ) ) ;
#1026 = CARTESIAN_POINT ( 'NONE',  ( -1.650000000000000133, 0.0000000000000000000, 0.1499999999999999944 ) ) ;
#1027 = DIRECTION ( 'NONE',  ( 0.0000000000000000000, -1.000000000000000000, 0.0000000000000000000 ) ) ;
#1028 = ORIENTED_EDGE ( 'NONE', *, *, #2691, .T. ) ;
#1029 = AXIS2_PLACEMENT_3D ( 'NONE', #1763, #834, #625 ) ;
#1030 = CARTESIAN_POINT ( 'NONE',  ( -0.09999246658245433683, 0.7986042524228642581, 0.1836888932264651997 ) ) ;
#1031 = PRESENTATION_STYLE_ASSIGNMENT (( #3697 ) ) ;
#1032 = MECHANICAL_DESIGN_GEOMETRIC_PRESENTATION_REPRESENTATION (  '', ( #2825 ), #337 ) ;
#1033 = VECTOR ( 'NONE', #812, 1000.000000000000000 ) ;
#1034 = CIRCLE ( 'NONE', #1639, 0.05000000000000000971 ) ;
#1035 = SURFACE_STYLE_FILL_AREA ( #99 ) ;
#1036 =( NAMED_UNIT ( * ) SI_UNIT ( $, .STERADIAN. ) SOLID_ANGLE_UNIT ( ) );
#1037 = SURFACE_SIDE_STYLE ('',( #481 ) ) ;
#1038 = STYLED_ITEM ( 'NONE', ( #1585 ), #2239 ) ;
#1039 = CIRCLE ( 'NONE', #25, 0.02500000000000001180 ) ;
#1040 = CARTESIAN_POINT ( 'NONE',  ( 0.1499999999999999944, -0.7750000000000000222, 0.0000000000000000000 ) ) ;
#1041 = CONTEXT_DEPENDENT_SHAPE_REPRESENTATION ( #3688, #1944 ) ;
#1042 = DIRECTION ( 'NONE',  ( 1.000000000000000000, 0.0000000000000000000, 0.0000000000000000000 ) ) ;
#1043 = VERTEX_POINT ( 'NONE', #1982 ) ;
#1044 = EDGE_CURVE ( 'NONE', #1633, #2054, #252, .T. ) ;
#1045 = CARTESIAN_POINT ( 'NONE',  ( -0.1499999999999999944, 0.8000000000000000444, 0.0000000000000000000 ) ) ;
#1046 = VECTOR ( 'NONE', #2295, 1000.000000000000000 ) ;
#1047 = DIRECTION ( 'NONE',  ( 0.0000000000000000000, 0.0000000000000000000, -1.000000000000000000 ) ) ;
#1048 = ORIENTED_EDGE ( 'NONE', *, *, #3169, .T. ) ;
#1049 = VECTOR ( 'NONE', #2258, 1000.000000000000000 ) ;
#1050 = EDGE_CURVE ( 'NONE', #2041, #665, #2812, .T. ) ;
#1051 = CARTESIAN_POINT ( 'NONE',  ( -0.1000000000000000056, -0.7750000000000000222, 0.02500000000000000139 ) ) ;
#1052 = DIRECTION ( 'NONE',  ( 0.0000000000000000000, 0.0000000000000000000, 1.000000000000000000 ) ) ;
#1053 = ORIENTED_EDGE ( 'NONE', *, *, #758, .T. ) ;
#1054 = SURFACE_SIDE_STYLE ('',( #3719 ) ) ;
#1055 = CYLINDRICAL_SURFACE ( 'NONE', #583, 0.02500000000000001180 ) ;
#1056 =( NAMED_UNIT ( * ) SI_UNIT ( $, .STERADIAN. ) SOLID_ANGLE_UNIT ( ) );
#1057 = CARTESIAN_POINT ( 'NONE',  ( 1.649999999999999911, -0.4792893218813452649, 0.04999999999998597927 ) ) ;
#1058 = PRESENTATION_STYLE_ASSIGNMENT (( #502 ) ) ;
#1059 =( NAMED_UNIT ( * ) PLANE_ANGLE_UNIT ( ) SI_UNIT ( $, .RADIAN. ) );
#1060 = VERTEX_POINT ( 'NONE', #1078 ) ;
#1061 = DIRECTION ( 'NONE',  ( 1.000000000000000000, 0.0000000000000000000, 0.0000000000000000000 ) ) ;
#1062 = SURFACE_SIDE_STYLE ('',( #2846 ) ) ;
#1063 = ORIENTED_EDGE ( 'NONE', *, *, #2277, .F. ) ;
#1064 = EDGE_CURVE ( 'NONE', #2528, #2383, #1336, .T. ) ;
#1065 = SURFACE_STYLE_USAGE ( .BOTH. , #150 ) ;
#1066 = VERTEX_POINT ( 'NONE', #490 ) ;
#1067 =( NAMED_UNIT ( * ) SI_UNIT ( $, .STERADIAN. ) SOLID_ANGLE_UNIT ( ) );
#1068 = CARTESIAN_POINT ( 'NONE',  ( 0.1000031161009223846, -0.7995174496488293148, 0.01936838395980692434 ) ) ;
#1069 = CARTESIAN_POINT ( 'NONE',  ( 0.04999999999999989869, -0.8000000000000000444, 0.0000000000000000000 ) ) ;
#1070 = ADVANCED_FACE ( 'NONE', ( #469 ), #182, .T. ) ;
#1071 = CARTESIAN_POINT ( 'NONE',  ( -0.09812811978187616080, 0.7807419598212949063, 0.0006683354896543981273 ) ) ;
#1072 = CARTESIAN_POINT ( 'NONE',  ( 1.629289321881345343, -0.4792893218813341072, -3.175554641436969404E-17 ) ) ;
#1073 = DIRECTION ( 'NONE',  ( 1.000000000000000000, 0.0000000000000000000, 0.0000000000000000000 ) ) ;
#1074 = SURFACE_STYLE_USAGE ( .BOTH. , #785 ) ;
#1075 = ORIENTED_EDGE ( 'NONE', *, *, #3751, .T. ) ;
#1076 = CARTESIAN_POINT ( 'NONE',  ( -1.600000000000000089, -0.4500000000000000111, 0.0000000000000000000 ) ) ;
#1077 =( REPRESENTATION_RELATIONSHIP ('NONE','NONE', #1953, #1907 ) REPRESENTATION_RELATIONSHIP_WITH_TRANSFORMATION ( #806 )SHAPE_REPRESENTATION_RELATIONSHIP( ) );
#1078 = CARTESIAN_POINT ( 'NONE',  ( -0.1000000000000000056, -0.7750000000000000222, 0.0000000000000000000 ) ) ;
#1079 = DIRECTION ( 'NONE',  ( 0.0000000000000000000, 1.000000000000000000, -0.0000000000000000000 ) ) ;
#1080 = ORIENTED_EDGE ( 'NONE', *, *, #2982, .T. ) ;
#1081 =( GEOMETRIC_REPRESENTATION_CONTEXT ( 3 ) GLOBAL_UNCERTAINTY_ASSIGNED_CONTEXT ( ( #1728 ) ) GLOBAL_UNIT_ASSIGNED_CONTEXT ( ( #1805, #2116, #272 ) ) REPRESENTATION_CONTEXT ( 'NONE', 'WORKASPACE' ) );
#1082 = CARTESIAN_POINT ( 'NONE',  ( 1.650000000000000133, -0.4792893218813452649, 0.1671572875253809765 ) ) ;
#1083 = SURFACE_STYLE_FILL_AREA ( #3429 ) ;
#1084 = DIRECTION ( 'NONE',  ( 0.0000000000000000000, -1.000000000000000000, 0.0000000000000000000 ) ) ;
#1085 = ORIENTED_EDGE ( 'NONE', *, *, #2352, .T. ) ;
#1086 = CYLINDRICAL_SURFACE ( 'NONE', #207, 0.04999999999999999584 ) ;
#1087 = FILL_AREA_STYLE ('',( #3475 ) ) ;
#1088 = CIRCLE ( 'NONE', #776, 0.05000000000000000971 ) ;
#1089 = CARTESIAN_POINT ( 'NONE',  ( 0.09731840647930145582, -0.7769125675736880954, -2.091597542886253945E-14 ) ) ;
#1090 = CIRCLE ( 'NONE', #1571, 0.04999999999999991257 ) ;
#1091 = CARTESIAN_POINT ( 'NONE',  ( 0.03333333333333350634, -0.5000000000000000000, 0.5000000000000000000 ) ) ;
#1092 = DIRECTION ( 'NONE',  ( 0.0000000000000000000, 0.0000000000000000000, -1.000000000000000000 ) ) ;
#1093 = COLOUR_RGB ( '',0.6235294117647058876, 0.6235294117647058876, 0.6235294117647058876 ) ;
#1094 = ADVANCED_FACE ( 'NONE', ( #749 ), #505, .T. ) ;
#1095 = LINE ( 'NONE', #1976, #6 ) ;
#1096 = CIRCLE ( 'NONE', #273, 0.01999999999999999695 ) ;
#1097 = CARTESIAN_POINT ( 'NONE',  ( -1.649999999999999911, 0.4500000000000000111, 0.1499999999999999944 ) ) ;
#1098 = ORIENTED_EDGE ( 'NONE', *, *, #3200, .F. ) ;
#1099 = FACE_OUTER_BOUND ( 'NONE', #2719, .T. ) ;
#1100 = ORIENTED_EDGE ( 'NONE', *, *, #49, .T. ) ;
#1101 = CARTESIAN_POINT ( 'NONE',  ( 1.600000000000000089, -0.4999999999999998890, 0.1500000000000000222 ) ) ;
#1102 = FILL_AREA_STYLE ('',( #2571 ) ) ;
#1103 = SURFACE_STYLE_FILL_AREA ( #2530 ) ;
#1104 = ORIENTED_EDGE ( 'NONE', *, *, #2499, .T. ) ;
#1105 = CARTESIAN_POINT ( 'NONE',  ( 0.2000000000000000111, 0.5000000000000009992, 0.0000000000000000000 ) ) ;
#1106 = FACE_OUTER_BOUND ( 'NONE', #577, .T. ) ;
#1107 = PRESENTATION_LAYER_ASSIGNMENT (  '', '', ( #2283 ) ) ;
#1108 = AXIS2_PLACEMENT_3D ( 'NONE', #2286, #2234, #186 ) ;
#1109 = CARTESIAN_POINT ( 'NONE',  ( 0.09682458365518541166, -0.7750000000000001332, -1.861233927124696127E-18 ) ) ;
#1110 = DIRECTION ( 'NONE',  ( 0.0000000000000000000, -1.000000000000000000, 0.0000000000000000000 ) ) ;
#1111 = EDGE_CURVE ( 'NONE', #3573, #2367, #1831, .T. ) ;
#1112 = AXIS2_PLACEMENT_3D ( 'NONE', #1835, #2484, #3013 ) ;
#1113 = UNCERTAINTY_MEASURE_WITH_UNIT (LENGTH_MEASURE( 1.000000000000000082E-05 ), #2608, 'distance_accuracy_value', 'NONE');
#1114 =( LENGTH_UNIT ( ) NAMED_UNIT ( * ) SI_UNIT ( .MILLI., .METRE. ) );
#1115 = DIRECTION ( 'NONE',  ( -1.000000000000000000, -0.0000000000000000000, 0.0000000000000000000 ) ) ;
#1116 = MECHANICAL_DESIGN_GEOMETRIC_PRESENTATION_REPRESENTATION (  '', ( #2595 ), #3600 ) ;
#1117 =( NAMED_UNIT ( * ) SI_UNIT ( $, .STERADIAN. ) SOLID_ANGLE_UNIT ( ) );
#1118 = EDGE_CURVE ( 'NONE', #358, #3573, #2130, .T. ) ;
#1119 = PRODUCT_DEFINITION_CONTEXT ( 'detailed design', #3498, 'design' ) ;
#1120 =( NAMED_UNIT ( * ) PLANE_ANGLE_UNIT ( ) SI_UNIT ( $, .RADIAN. ) );
#1121 = DIRECTION ( 'NONE',  ( -0.0000000000000000000, -0.0000000000000000000, -1.000000000000000000 ) ) ;
#1122 = ORIENTED_EDGE ( 'NONE', *, *, #2545, .F. ) ;
#1123 = DIRECTION ( 'NONE',  ( 0.0000000000000000000, 0.0000000000000000000, -1.000000000000000000 ) ) ;
#1124 = CARTESIAN_POINT ( 'NONE',  ( -1.600000000000000089, -0.4500000000000000111, 0.1999999999999999833 ) ) ;
#1125 = ORIENTED_EDGE ( 'NONE', *, *, #3118, .F. ) ;
#1126 =( NAMED_UNIT ( * ) SI_UNIT ( $, .STERADIAN. ) SOLID_ANGLE_UNIT ( ) );
#1127 = SURFACE_STYLE_FILL_AREA ( #2651 ) ;
#1128 = PRESENTATION_STYLE_ASSIGNMENT (( #1647 ) ) ;
#1129 = CARTESIAN_POINT ( 'NONE',  ( -1.600000000000000089, -0.4499999999999999556, 0.0000000000000000000 ) ) ;
#1130 = DIRECTION ( 'NONE',  ( 0.0000000000000000000, 0.0000000000000000000, 1.000000000000000000 ) ) ;
#1131 = EDGE_CURVE ( 'NONE', #452, #2092, #2903, .T. ) ;
#1132 =( LENGTH_UNIT ( ) NAMED_UNIT ( * ) SI_UNIT ( .MILLI., .METRE. ) );
#1133 = CARTESIAN_POINT ( 'NONE',  ( -0.1499999999999999944, 0.0000000000000000000, 0.2000000000000000111 ) ) ;
#1134 = ORIENTED_EDGE ( 'NONE', *, *, #165, .T. ) ;
#1135 = STYLED_ITEM ( 'NONE', ( #3325 ), #100 ) ;
#1136 = CARTESIAN_POINT ( 'NONE',  ( -0.1499999999999999389, -0.7800000000000000266, 0.0000000000000000000 ) ) ;
#1137 = MECHANICAL_DESIGN_GEOMETRIC_PRESENTATION_REPRESENTATION (  '', ( #1558 ), #1490 ) ;
#1138 = EDGE_LOOP ( 'NONE', ( #3602, #1028, #1592, #1629 ) ) ;
#1139 = DIRECTION ( 'NONE',  ( 0.0000000000000000000, 0.0000000000000000000, -1.000000000000000000 ) ) ;
#1140 = STYLED_ITEM ( 'NONE', ( #589 ), #1195 ) ;
#1141 = FILL_AREA_STYLE_COLOUR ( '', #3392 ) ;
#1142 = DIRECTION ( 'NONE',  ( 1.000000000000000000, 0.0000000000000000000, 0.0000000000000000000 ) ) ;
#1143 = MECHANICAL_DESIGN_GEOMETRIC_PRESENTATION_REPRESENTATION (  '', ( #522 ), #2997 ) ;
#1144 = UNCERTAINTY_MEASURE_WITH_UNIT (LENGTH_MEASURE( 1.000000000000000082E-05 ), #878, 'distance_accuracy_value', 'NONE');
#1145 = MECHANICAL_DESIGN_GEOMETRIC_PRESENTATION_REPRESENTATION (  '', ( #2440 ), #1258 ) ;
#1146 = DIRECTION ( 'NONE',  ( 0.0000000000000000000, 0.0000000000000000000, -1.000000000000000000 ) ) ;
#1147 = AXIS2_PLACEMENT_3D ( 'NONE', #2298, #1411, #813 ) ;
#1148 = AXIS2_PLACEMENT_3D ( 'NONE', #1183, #3225, #570 ) ;
#1149 = UNCERTAINTY_MEASURE_WITH_UNIT (LENGTH_MEASURE( 1.000000000000000082E-05 ), #1698, 'distance_accuracy_value', 'NONE');
#1150 = STYLED_ITEM ( 'NONE', ( #3400 ), #2018 ) ;
#1151 = DIRECTION ( 'NONE',  ( 0.0000000000000000000, 0.0000000000000000000, 1.000000000000000000 ) ) ;
#1152 = CARTESIAN_POINT ( 'NONE',  ( 0.07499999999999990008, 0.7750000000000001332, -4.065758146820641628E-17 ) ) ;
#1153 = EDGE_LOOP ( 'NONE', ( #2372, #1393, #1487, #2300 ) ) ;
#1154 = EDGE_CURVE ( 'NONE', #3011, #2325, #866, .T. ) ;
#1155 = CIRCLE ( 'NONE', #3333, 0.04999999999999991257 ) ;
#1156 = DIRECTION ( 'NONE',  ( -0.0000000000000000000, -0.0000000000000000000, -1.000000000000000000 ) ) ;
#1157 = CARTESIAN_POINT ( 'NONE',  ( 0.09953815698324050554, -0.7904002445666689081, 0.1946934625519938511 ) ) ;
#1158 = MECHANICAL_DESIGN_GEOMETRIC_PRESENTATION_REPRESENTATION (  '', ( #1450 ), #2768 ) ;
#1159 = ORIENTED_EDGE ( 'NONE', *, *, #1997, .F. ) ;
#1160 = CARTESIAN_POINT ( 'NONE',  ( 1.649999999999999911, 0.4500000000000000111, 0.05000000000000000971 ) ) ;
#1161 =( GEOMETRIC_REPRESENTATION_CONTEXT ( 3 ) GLOBAL_UNCERTAINTY_ASSIGNED_CONTEXT ( ( #2348 ) ) GLOBAL_UNIT_ASSIGNED_CONTEXT ( ( #2991, #2956, #31 ) ) REPRESENTATION_CONTEXT ( 'NONE', 'WORKASPACE' ) );
#1162 = COLOUR_RGB ( '',0.8196078431372548767, 0.8196078431372548767, 0.8196078431372548767 ) ;
#1163 = CARTESIAN_POINT ( 'NONE',  ( 0.09999999999999990841, -0.7750000000000000222, 0.0000000000000000000 ) ) ;
#1164 = EDGE_LOOP ( 'NONE', ( #2722, #2682, #830, #1213, #30, #466, #626, #930, #3217, #2715, #3489, #1535, #913, #2195 ) ) ;
#1165 = AXIS2_PLACEMENT_3D ( 'NONE', #2579, #177, #1626 ) ;
#1166 = CARTESIAN_POINT ( 'NONE',  ( 0.04999999999999980849, 0.7999999999999960476, 0.0000000000000000000 ) ) ;
#1167 = FILL_AREA_STYLE_COLOUR ( '', #2452 ) ;
#1168 = CARTESIAN_POINT ( 'NONE',  ( 1.600000000000000089, 0.4500000000000000111, 0.1499999999999999944 ) ) ;
#1169 = AXIS2_PLACEMENT_3D ( 'NONE', #1008, #993, #1223 ) ;
#1170 = PRESENTATION_LAYER_ASSIGNMENT (  '', '', ( #1405 ) ) ;
#1171 = CARTESIAN_POINT ( 'NONE',  ( 0.09997706563243216604, 0.7976670727898140800, 0.1859098724742591635 ) ) ;
#1172 = ORIENTED_EDGE ( 'NONE', *, *, #3847, .T. ) ;
#1173 = DIRECTION ( 'NONE',  ( -0.0000000000000000000, -0.0000000000000000000, -1.000000000000000000 ) ) ;
#1174 =( LENGTH_UNIT ( ) NAMED_UNIT ( * ) SI_UNIT ( .MILLI., .METRE. ) );
#1175 = VERTEX_POINT ( 'NONE', #223 ) ;
#1176 = FILL_AREA_STYLE ('',( #3821 ) ) ;
#1177 = SURFACE_STYLE_FILL_AREA ( #302 ) ;
#1178 = FILL_AREA_STYLE ('',( #1809 ) ) ;
#1179 = ADVANCED_FACE ( 'NONE', ( #2069 ), #2639, .T. ) ;
#1180 = FILL_AREA_STYLE_COLOUR ( '', #521 ) ;
#1181 = DIRECTION ( 'NONE',  ( 0.0000000000000000000, 0.0000000000000000000, -1.000000000000000000 ) ) ;
#1182 = CARTESIAN_POINT ( 'NONE',  ( -1.600000000000000089, 0.0000000000000000000, 0.2000000000000000111 ) ) ;
#1183 = CARTESIAN_POINT ( 'NONE',  ( 0.1250000000000000000, 0.8000000000000000444, 0.0000000000000000000 ) ) ;
#1184 = DIRECTION ( 'NONE',  ( 1.000000000000000000, -3.139641946841839978E-18, -6.938893903907229918E-18 ) ) ;
#1185 = DIRECTION ( 'NONE',  ( -0.0000000000000000000, 1.000000000000000000, -6.123233995736766036E-17 ) ) ;
#1186 = ORIENTED_EDGE ( 'NONE', *, *, #3657, .T. ) ;
#1187 = CARTESIAN_POINT ( 'NONE',  ( -0.1499999999999999944, -0.7750000000000000222, 0.2000000000000000111 ) ) ;
#1188 = DIRECTION ( 'NONE',  ( 1.000000000000000000, -0.0000000000000000000, -0.0000000000000000000 ) ) ;
#1189 = EDGE_LOOP ( 'NONE', ( #2803, #169, #1452, #1996, #2732, #3578, #3801, #1952 ) ) ;
#1190 = MECHANICAL_DESIGN_GEOMETRIC_PRESENTATION_REPRESENTATION (  '', ( #579 ), #2009 ) ;
#1191 = CARTESIAN_POINT ( 'NONE',  ( 1.600000000000000311, 0.4792893218813452649, 2.710505431213761085E-17 ) ) ;
#1192 = SURFACE_STYLE_USAGE ( .BOTH. , #20 ) ;
#1193 = VERTEX_POINT ( 'NONE', #1445 ) ;
#1194 = CIRCLE ( 'NONE', #833, 0.05000000000000001665 ) ;
#1195 = ADVANCED_FACE ( 'NONE', ( #1751 ), #2051, .T. ) ;
#1196 = MECHANICAL_DESIGN_GEOMETRIC_PRESENTATION_REPRESENTATION (  '', ( #2677 ), #1885 ) ;
#1197 = DIRECTION ( 'NONE',  ( 1.000000000000000000, 0.0000000000000000000, 0.0000000000000000000 ) ) ;
#1198 = CARTESIAN_POINT ( 'NONE',  ( 0.07499999999999990008, 0.7999999999999999334, 0.02500000000000000139 ) ) ;
#1199 =( GEOMETRIC_REPRESENTATION_CONTEXT ( 3 ) GLOBAL_UNCERTAINTY_ASSIGNED_CONTEXT ( ( #1924 ) ) GLOBAL_UNIT_ASSIGNED_CONTEXT ( ( #311, #296, #2646 ) ) REPRESENTATION_CONTEXT ( 'NONE', 'WORKASPACE' ) );
#1200 = EDGE_CURVE ( 'NONE', #3162, #2866, #3833, .T. ) ;
#1201 = AXIS2_PLACEMENT_3D ( 'NONE', #1433, #1806, #1786 ) ;
#1202 =( LENGTH_UNIT ( ) NAMED_UNIT ( * ) SI_UNIT ( .MILLI., .METRE. ) );
#1203 = SURFACE_STYLE_FILL_AREA ( #551 ) ;
#1204 = STYLED_ITEM ( 'NONE', ( #1339 ), #1729 ) ;
#1205 = ORIENTED_EDGE ( 'NONE', *, *, #2927, .T. ) ;
#1206 = PRESENTATION_LAYER_ASSIGNMENT (  '', '', ( #1710 ) ) ;
#1207 = DIRECTION ( 'NONE',  ( 0.0000000000000000000, -1.000000000000000000, 0.0000000000000000000 ) ) ;
#1208 = DIRECTION ( 'NONE',  ( 1.000000000000000000, 0.0000000000000000000, 0.0000000000000000000 ) ) ;
#1209 = ORIENTED_EDGE ( 'NONE', *, *, #563, .F. ) ;
#1210 =( NAMED_UNIT ( * ) SI_UNIT ( $, .STERADIAN. ) SOLID_ANGLE_UNIT ( ) );
#1211 =( GEOMETRIC_REPRESENTATION_CONTEXT ( 3 ) GLOBAL_UNCERTAINTY_ASSIGNED_CONTEXT ( ( #1477 ) ) GLOBAL_UNIT_ASSIGNED_CONTEXT ( ( #3511, #3234, #3221 ) ) REPRESENTATION_CONTEXT ( 'NONE', 'WORKASPACE' ) );
#1212 = SURFACE_STYLE_USAGE ( .BOTH. , #1491 ) ;
#1213 = ORIENTED_EDGE ( 'NONE', *, *, #2603, .F. ) ;
#1214 = AXIS2_PLACEMENT_3D ( 'NONE', #2270, #798, #3082 ) ;
#1215 = EDGE_CURVE ( 'NONE', #3040, #3162, #78, .T. ) ;
#1216 = LINE ( 'NONE', #2401, #468 ) ;
#1217 = CYLINDRICAL_SURFACE ( 'NONE', #2813, 0.02500000000000001180 ) ;
#1218 = CARTESIAN_POINT ( 'NONE',  ( 0.07499999999999990008, 0.7750000000000000222, 0.02500000000000000139 ) ) ;
#1219 = PRESENTATION_LAYER_ASSIGNMENT (  '', '', ( #932 ) ) ;
#1220 = CARTESIAN_POINT ( 'NONE',  ( 0.07499999999999990008, -0.8000000000000000444, 0.01035533905932740743 ) ) ;
#1221 = EDGE_LOOP ( 'NONE', ( #40, #3462, #1516, #1415 ) ) ;
#1222 =( GEOMETRIC_REPRESENTATION_CONTEXT ( 3 ) GLOBAL_UNCERTAINTY_ASSIGNED_CONTEXT ( ( #766 ) ) GLOBAL_UNIT_ASSIGNED_CONTEXT ( ( #1529, #2785, #3341 ) ) REPRESENTATION_CONTEXT ( 'NONE', 'WORKASPACE' ) );
#1223 = DIRECTION ( 'NONE',  ( 0.0000000000000000000, 0.0000000000000000000, 1.000000000000000000 ) ) ;
#1224 = EDGE_CURVE ( 'NONE', #2486, #3295, #1852, .T. ) ;
#1225 = ORIENTED_EDGE ( 'NONE', *, *, #3709, .T. ) ;
#1226 = CARTESIAN_POINT ( 'NONE',  ( -8.502773401189348767E-17, -0.7999999999999999334, 0.1750000000000000167 ) ) ;
#1227 = LINE ( 'NONE', #393, #2145 ) ;
#1228 = ORIENTED_EDGE ( 'NONE', *, *, #955, .F. ) ;
#1229 = PRESENTATION_STYLE_ASSIGNMENT (( #1212 ) ) ;
#1230 = ORIENTED_EDGE ( 'NONE', *, *, #1111, .T. ) ;
#1231 = DIRECTION ( 'NONE',  ( -0.0000000000000000000, -0.0000000000000000000, 1.000000000000000000 ) ) ;
#1232 = CARTESIAN_POINT ( 'NONE',  ( 0.08964466094067252699, 0.8000000000000000444, 0.1750000000000000167 ) ) ;
#1233 = CARTESIAN_POINT ( 'NONE',  ( 1.629289321881344899, 0.4500000000000000111, 0.2000000000000000111 ) ) ;
#1234 = CARTESIAN_POINT ( 'NONE',  ( -1.649999999999999911, 0.4500000000000000111, 0.1499999999999999667 ) ) ;
#1235 = CARTESIAN_POINT ( 'NONE',  ( 0.07499999999999990008, 0.7896446609406725381, 2.285351136055706288E-17 ) ) ;
#1236 = VERTEX_POINT ( 'NONE', #2780 ) ;
#1237 = DIRECTION ( 'NONE',  ( 0.0000000000000000000, -0.0000000000000000000, -1.000000000000000000 ) ) ;
#1238 = EDGE_CURVE ( 'NONE', #2539, #3561, #62, .T. ) ;
#1239 = DIRECTION ( 'NONE',  ( 1.000000000000000000, 0.0000000000000000000, 0.0000000000000000000 ) ) ;
#1240 = ORIENTED_EDGE ( 'NONE', *, *, #2998, .T. ) ;
#1241 =( BOUNDED_SURFACE ( )  B_SPLINE_SURFACE ( 3, 3, ( 
 ( #351, #83, #404, #2148 ),
 ( #3337, #3624, #1590, #2759 ),
 ( #1277, #1868, #2469, #1524 ),
 ( #103, #1220, #1565, #2714 ) ),
 .UNSPECIFIED., .F., .F., .F. ) 
 B_SPLINE_SURFACE_WITH_KNOTS ( ( 4, 4 ),
 ( 4, 4 ),
 ( 0.0000000000000000000, 1.000000000000000000 ),
 ( 0.0000000000000000000, 1.000000000000000000 ),
 .UNSPECIFIED. ) 
 GEOMETRIC_REPRESENTATION_ITEM ( )  RATIONAL_B_SPLINE_SURFACE ( (
 ( 1.000000000000000000, 0.8047378541243649375, 0.8047378541243649375, 1.000000000000000000),
 ( 0.8047378541243649375, 0.6476030138606876374, 0.6476030138606876374, 0.8047378541243649375),
 ( 0.8047378541243649375, 0.6476030138606876374, 0.6476030138606876374, 0.8047378541243649375),
 ( 1.000000000000000000, 0.8047378541243649375, 0.8047378541243649375, 1.000000000000000000) ) ) 
 REPRESENTATION_ITEM ( '' )  SURFACE ( )  );
#1242 = EDGE_CURVE ( 'NONE', #2118, #2888, #382, .T. ) ;
#1243 =( NAMED_UNIT ( * ) SI_UNIT ( $, .STERADIAN. ) SOLID_ANGLE_UNIT ( ) );
#1244 = DIRECTION ( 'NONE',  ( 1.000000000000000000, 0.0000000000000000000, -0.0000000000000000000 ) ) ;
#1245 = ORIENTED_EDGE ( 'NONE', *, *, #1293, .F. ) ;
#1246 = DIRECTION ( 'NONE',  ( 1.000000000000000000, 0.0000000000000000000, 0.0000000000000000000 ) ) ;
#1247 = PRESENTATION_LAYER_ASSIGNMENT (  '', '', ( #579 ) ) ;
#1248 = SURFACE_STYLE_USAGE ( .BOTH. , #345 ) ;
#1249 = MECHANICAL_DESIGN_GEOMETRIC_PRESENTATION_REPRESENTATION (  '', ( #251 ), #1759 ) ;
#1250 = SURFACE_STYLE_FILL_AREA ( #1826 ) ;
#1251 = PRESENTATION_LAYER_ASSIGNMENT (  '', '', ( #653 ) ) ;
#1252 = PRESENTATION_LAYER_ASSIGNMENT (  '', '', ( #1561 ) ) ;
#1253 = DIRECTION ( 'NONE',  ( -0.0000000000000000000, -0.0000000000000000000, -1.000000000000000000 ) ) ;
#1254 =( NAMED_UNIT ( * ) PLANE_ANGLE_UNIT ( ) SI_UNIT ( $, .RADIAN. ) );
#1255 = VERTEX_POINT ( 'NONE', #3048 ) ;
#1256 = STYLED_ITEM ( 'NONE', ( #576 ), #1631 ) ;
#1257 = COLOUR_RGB ( '',0.8196078431372548767, 0.8196078431372548767, 0.8196078431372548767 ) ;
#1258 =( GEOMETRIC_REPRESENTATION_CONTEXT ( 3 ) GLOBAL_UNCERTAINTY_ASSIGNED_CONTEXT ( ( #1884 ) ) GLOBAL_UNIT_ASSIGNED_CONTEXT ( ( #2892, #3696, #739 ) ) REPRESENTATION_CONTEXT ( 'NONE', 'WORKASPACE' ) );
#1259 = LINE ( 'NONE', #1836, #808 ) ;
#1260 = DIRECTION ( 'NONE',  ( 0.0000000000000000000, 0.0000000000000000000, -1.000000000000000000 ) ) ;
#1261 = EDGE_LOOP ( 'NONE', ( #243, #3494, #3675, #875 ) ) ;
#1262 = ADVANCED_FACE ( 'NONE', ( #1275 ), #1410, .T. ) ;
#1263 = CIRCLE ( 'NONE', #3465, 0.02499999999999999792 ) ;
#1264 = VECTOR ( 'NONE', #1253, 1000.000000000000000 ) ;
#1265 = CARTESIAN_POINT ( 'NONE',  ( -1.600000000000000089, 0.4500000000000000111, 2.710505431213761085E-17 ) ) ;
#1266 =( GEOMETRIC_REPRESENTATION_CONTEXT ( 3 ) GLOBAL_UNCERTAINTY_ASSIGNED_CONTEXT ( ( #726 ) ) GLOBAL_UNIT_ASSIGNED_CONTEXT ( ( #304, #3240, #282 ) ) REPRESENTATION_CONTEXT ( 'NONE', 'WORKASPACE' ) );
#1267 = EDGE_LOOP ( 'NONE', ( #3768, #3617, #84 ) ) ;
#1268 = FILL_AREA_STYLE ('',( #704 ) ) ;
#1269 =( GEOMETRIC_REPRESENTATION_CONTEXT ( 3 ) GLOBAL_UNCERTAINTY_ASSIGNED_CONTEXT ( ( #3003 ) ) GLOBAL_UNIT_ASSIGNED_CONTEXT ( ( #2493, #499, #1036 ) ) REPRESENTATION_CONTEXT ( 'NONE', 'WORKASPACE' ) );
#1270 = DIRECTION ( 'NONE',  ( -1.000000000000000000, 0.0000000000000000000, 0.0000000000000000000 ) ) ;
#1271 = VECTOR ( 'NONE', #2254, 1000.000000000000000 ) ;
#1272 = DIRECTION ( 'NONE',  ( 1.000000000000000000, 0.0000000000000000000, 0.0000000000000000000 ) ) ;
#1273 = COLOUR_RGB ( '',0.6235294117647058876, 0.6235294117647058876, 0.6235294117647058876 ) ;
#1274 = PRESENTATION_STYLE_ASSIGNMENT (( #2779 ) ) ;
#1275 = FACE_OUTER_BOUND ( 'NONE', #250, .T. ) ;
#1276 = ITEM_DEFINED_TRANSFORMATION ( 'NONE', 'NONE', #2654,  #1796 ) ;
#1277 = CARTESIAN_POINT ( 'NONE',  ( 0.08964466094067252699, -0.8000000000000000444, 0.02500000000000000486 ) ) ;
#1278 = EDGE_LOOP ( 'NONE', ( #1080, #1228, #3298, #890 ) ) ;
#1279 = MECHANICAL_DESIGN_GEOMETRIC_PRESENTATION_REPRESENTATION (  '', ( #677 ), #1338 ) ;
#1280 = DIRECTION ( 'NONE',  ( 1.000000000000000000, 0.0000000000000000000, -0.0000000000000000000 ) ) ;
#1281 = PRESENTATION_STYLE_ASSIGNMENT (( #88 ) ) ;
#1282 = VERTEX_POINT ( 'NONE', #1294 ) ;
#1283 = PRESENTATION_STYLE_ASSIGNMENT (( #3633 ) ) ;
#1284 =( GEOMETRIC_REPRESENTATION_CONTEXT ( 3 ) GLOBAL_UNCERTAINTY_ASSIGNED_CONTEXT ( ( #1149 ) ) GLOBAL_UNIT_ASSIGNED_CONTEXT ( ( #1698, #2604, #3520 ) ) REPRESENTATION_CONTEXT ( 'NONE', 'WORKASPACE' ) );
#1285 = PRODUCT_RELATED_PRODUCT_CATEGORY ( 'part', '', ( #92 ) ) ;
#1286 = CARTESIAN_POINT ( 'NONE',  ( -1.649999999999999911, 0.4792893218813452094, 0.04999999999999996114 ) ) ;
#1287 = PRESENTATION_LAYER_ASSIGNMENT (  '', '', ( #684 ) ) ;
#1288 = LINE ( 'NONE', #1918, #1435 ) ;
#1289 =( LENGTH_UNIT ( ) NAMED_UNIT ( * ) SI_UNIT ( .MILLI., .METRE. ) );
#1290 =( GEOMETRIC_REPRESENTATION_CONTEXT ( 3 ) GLOBAL_UNCERTAINTY_ASSIGNED_CONTEXT ( ( #3503 ) ) GLOBAL_UNIT_ASSIGNED_CONTEXT ( ( #2602, #2089, #590 ) ) REPRESENTATION_CONTEXT ( 'NONE', 'WORKASPACE' ) );
#1291 = UNCERTAINTY_MEASURE_WITH_UNIT (LENGTH_MEASURE( 1.000000000000000082E-05 ), #3033, 'distance_accuracy_value', 'NONE');
#1292 = CARTESIAN_POINT ( 'NONE',  ( 0.07499999999999990008, -0.7750000000000000222, 0.0000000000000000000 ) ) ;
#1293 = EDGE_CURVE ( 'NONE', #3110, #2059, #2170, .T. ) ;
#1294 = CARTESIAN_POINT ( 'NONE',  ( 1.649999999999999911, 0.4500000000000000111, 0.1499999999999999944 ) ) ;
#1295 = LINE ( 'NONE', #2482, #2758 ) ;
#1296 = ORIENTED_EDGE ( 'NONE', *, *, #1547, .F. ) ;
#1297 = CARTESIAN_POINT ( 'NONE',  ( 0.2300000000000000100, 0.7799999999999990274, 0.0000000000000000000 ) ) ;
#1298 = CARTESIAN_POINT ( 'NONE',  ( 5.422019422587969628E-16, -0.4500000000000000111, 0.05000000000000000278 ) ) ;
#1299 = ORIENTED_EDGE ( 'NONE', *, *, #1606, .F. ) ;
#1300 = CARTESIAN_POINT ( 'NONE',  ( -0.1000000000016943863, 0.8000000000004322542, 0.1770156642923218782 ) ) ;
#1301 = ORIENTED_EDGE ( 'NONE', *, *, #1293, .T. ) ;
#1302 = FILL_AREA_STYLE_COLOUR ( '', #2326 ) ;
#1303 = CARTESIAN_POINT ( 'NONE',  ( 0.06249999999999990979, 0.7750000000000000222, 0.02500000000000000139 ) ) ;
#1304 = DIRECTION ( 'NONE',  ( 1.000000000000000000, 0.0000000000000000000, 0.0000000000000000000 ) ) ;
#1305 = CYLINDRICAL_SURFACE ( 'NONE', #3596, 0.02500000000000001180 ) ;
#1306 = ADVANCED_FACE ( 'NONE', ( #3359 ), #672, .T. ) ;
#1307 = COLOUR_RGB ( '',0.8196078431372548767, 0.8196078431372548767, 0.8196078431372548767 ) ;
#1308 = DIRECTION ( 'NONE',  ( -0.0000000000000000000, 1.000000000000000000, 0.0000000000000000000 ) ) ;
#1309 = CIRCLE ( 'NONE', #1878, 0.02500000000000001180 ) ;
#1310 = CARTESIAN_POINT ( 'NONE',  ( -1.600000000000000089, -0.5000000000000000000, 0.1499999999999999944 ) ) ;
#1311 = EDGE_LOOP ( 'NONE', ( #1225, #1075, #2911, #2641 ) ) ;
#1312 =( LENGTH_UNIT ( ) NAMED_UNIT ( * ) SI_UNIT ( .MILLI., .METRE. ) );
#1313 = ADVANCED_FACE ( 'NONE', ( #485 ), #2858, .T. ) ;
#1314 = COLOUR_RGB ( '',0.0000000000000000000, 0.0000000000000000000, 0.0000000000000000000 ) ;
#1315 = SURFACE_SIDE_STYLE ('',( #1654 ) ) ;
#1316 = MECHANICAL_DESIGN_GEOMETRIC_PRESENTATION_REPRESENTATION (  '', ( #2937 ), #2262 ) ;
#1317 = SURFACE_STYLE_FILL_AREA ( #657 ) ;
#1318 = PRESENTATION_LAYER_ASSIGNMENT (  '', '', ( #11 ) ) ;
#1319 = ORIENTED_EDGE ( 'NONE', *, *, #391, .F. ) ;
#1320 = COLOUR_RGB ( '',0.0000000000000000000, 0.0000000000000000000, 0.0000000000000000000 ) ;
#1321 = CARTESIAN_POINT ( 'NONE',  ( 0.09991856965690928960, 0.7959652214785235547, 0.01138164883855414221 ) ) ;
#1322 =( NAMED_UNIT ( * ) SI_UNIT ( $, .STERADIAN. ) SOLID_ANGLE_UNIT ( ) );
#1323 = EDGE_LOOP ( 'NONE', ( #3137, #2229, #2253, #3249, #425, #3738, #73, #908 ) ) ;
#1324 = DIRECTION ( 'NONE',  ( -0.0000000000000000000, 1.000000000000000000, 0.0000000000000000000 ) ) ;
#1325 = VECTOR ( 'NONE', #3172, 1000.000000000000000 ) ;
#1326 = AXIS2_PLACEMENT_3D ( 'NONE', #905, #1734, #2931 ) ;
#1327 =( LENGTH_UNIT ( ) NAMED_UNIT ( * ) SI_UNIT ( .MILLI., .METRE. ) );
#1328 = UNCERTAINTY_MEASURE_WITH_UNIT (LENGTH_MEASURE( 1.000000000000000082E-05 ), #2248, 'distance_accuracy_value', 'NONE');
#1329 = CARTESIAN_POINT ( 'NONE',  ( 0.2500000000000000000, -0.5199999999999999067, 0.0000000000000000000 ) ) ;
#1330 = DIRECTION ( 'NONE',  ( -1.000000000000000000, 0.0000000000000000000, 0.0000000000000000000 ) ) ;
#1331 = CARTESIAN_POINT ( 'NONE',  ( 0.2300000000000000100, -0.5199999999999999067, 0.0000000000000000000 ) ) ;
#1332 = FILL_AREA_STYLE ('',( #2520 ) ) ;
#1333 = VERTEX_POINT ( 'NONE', #1609 ) ;
#1334 = CARTESIAN_POINT ( 'NONE',  ( 0.07499999999999990008, 0.7750000000000000222, 0.1750000000000000167 ) ) ;
#1335 = APPLICATION_CONTEXT ( 'automotive_design' ) ;
#1336 = LINE ( 'NONE', #1045, #1033 ) ;
#1337 =( NAMED_UNIT ( * ) SI_UNIT ( $, .STERADIAN. ) SOLID_ANGLE_UNIT ( ) );
#1338 =( GEOMETRIC_REPRESENTATION_CONTEXT ( 3 ) GLOBAL_UNCERTAINTY_ASSIGNED_CONTEXT ( ( #12 ) ) GLOBAL_UNIT_ASSIGNED_CONTEXT ( ( #811, #787, #1407 ) ) REPRESENTATION_CONTEXT ( 'NONE', 'WORKASPACE' ) );
#1339 = PRESENTATION_STYLE_ASSIGNMENT (( #1999 ) ) ;
#1340 = VERTEX_POINT ( 'NONE', #463 ) ;
#1341 = COLOUR_RGB ( '',0.8196078431372548767, 0.8196078431372548767, 0.8196078431372548767 ) ;
#1342 = ADVANCED_FACE ( 'NONE', ( #2800 ), #762, .F. ) ;
#1343 = EDGE_LOOP ( 'NONE', ( #439, #2607, #290 ) ) ;
#1344 = CARTESIAN_POINT ( 'NONE',  ( -0.1000000000016943863, -0.8000000000004322542, 0.02298433570767816417 ) ) ;
#1345 = CARTESIAN_POINT ( 'NONE',  ( 1.600000000000000089, -0.4500000000000000111, 0.05000000000000000278 ) ) ;
#1346 = PRESENTATION_LAYER_ASSIGNMENT (  '', '', ( #3283 ) ) ;
#1347 = CARTESIAN_POINT ( 'NONE',  ( 0.08964466094067252699, -0.8000000000000000444, 0.1750000000000000167 ) ) ;
#1348 = FILL_AREA_STYLE_COLOUR ( '', #914 ) ;
#1349 = FACE_OUTER_BOUND ( 'NONE', #1267, .T. ) ;
#1350 = AXIS2_PLACEMENT_3D ( 'NONE', #2524, #506, #63 ) ;
#1351 = CARTESIAN_POINT ( 'NONE',  ( -0.1000000000000000056, -0.7999999999999999334, 0.1750000000000000167 ) ) ;
#1352 = FILL_AREA_STYLE ('',( #3399 ) ) ;
#1353 = VERTEX_POINT ( 'NONE', #3513 ) ;
#1354 = SURFACE_SIDE_STYLE ('',( #201 ) ) ;
#1355 =( NAMED_UNIT ( * ) PLANE_ANGLE_UNIT ( ) SI_UNIT ( $, .RADIAN. ) );
#1356 =( LENGTH_UNIT ( ) NAMED_UNIT ( * ) SI_UNIT ( .MILLI., .METRE. ) );
#1357 = ORIENTED_EDGE ( 'NONE', *, *, #1658, .F. ) ;
#1358 = EDGE_CURVE ( 'NONE', #1024, #748, #3829, .T. ) ;
#1359 = CARTESIAN_POINT ( 'NONE',  ( 0.09855841932229508773, 0.7830814308911584476, 0.001342221686062096669 ) ) ;
#1360 = FILL_AREA_STYLE ('',( #2021 ) ) ;
#1361 = ORIENTED_EDGE ( 'NONE', *, *, #933, .F. ) ;
#1362 = DIRECTION ( 'NONE',  ( 0.0000000000000000000, 0.0000000000000000000, 1.000000000000000000 ) ) ;
#1363 = CARTESIAN_POINT ( 'NONE',  ( 0.07499999999999990008, 0.7999999999999999334, 0.1750000000000000167 ) ) ;
#1364 = ADVANCED_FACE ( 'NONE', ( #565 ), #3564, .T. ) ;
#1365 = UNCERTAINTY_MEASURE_WITH_UNIT (LENGTH_MEASURE( 1.000000000000000082E-05 ), #1312, 'distance_accuracy_value', 'NONE');
#1366 = CARTESIAN_POINT ( 'NONE',  ( 0.09985017791688656497, -0.7945280743822581426, 0.009390569807933653659 ) ) ;
#1367 = FACE_OUTER_BOUND ( 'NONE', #3362, .T. ) ;
#1368 = CARTESIAN_POINT ( 'NONE',  ( 0.1499999999999999944, -1.647987302177969895E-15, 0.0000000000000000000 ) ) ;
#1369 = UNCERTAINTY_MEASURE_WITH_UNIT (LENGTH_MEASURE( 1.000000000000000082E-05 ), #2656, 'distance_accuracy_value', 'NONE');
#1370 = ORIENTED_EDGE ( 'NONE', *, *, #3403, .T. ) ;
#1371 = SURFACE_STYLE_FILL_AREA ( #765 ) ;
#1372 = ORIENTED_EDGE ( 'NONE', *, *, #2765, .T. ) ;
#1373 = STYLED_ITEM ( 'NONE', ( #1031 ), #1489 ) ;
#1374 = VECTOR ( 'NONE', #564, 1000.000000000000000 ) ;
#1375 = PRESENTATION_STYLE_ASSIGNMENT (( #3491 ) ) ;
#1376 = EDGE_CURVE ( 'NONE', #2807, #2871, #2901, .T. ) ;
#1377 = CARTESIAN_POINT ( 'NONE',  ( 0.1000000000000000056, 0.7999999999999999334, 0.02500000000000000139 ) ) ;
#1378 = SURFACE_STYLE_FILL_AREA ( #1987 ) ;
#1379 = ORIENTED_EDGE ( 'NONE', *, *, #2507, .T. ) ;
#1380 = DIRECTION ( 'NONE',  ( -1.000000000000000000, 0.0000000000000000000, 0.0000000000000000000 ) ) ;
#1381 = COLOUR_RGB ( '',0.8196078431372548767, 0.8196078431372548767, 0.8196078431372548767 ) ;
#1382 =( GEOMETRIC_REPRESENTATION_CONTEXT ( 3 ) GLOBAL_UNCERTAINTY_ASSIGNED_CONTEXT ( ( #876 ) ) GLOBAL_UNIT_ASSIGNED_CONTEXT ( ( #1601, #701, #2413 ) ) REPRESENTATION_CONTEXT ( 'NONE', 'WORKASPACE' ) );
#1383 = PRESENTATION_LAYER_ASSIGNMENT (  '', '', ( #2825 ) ) ;
#1384 = DIRECTION ( 'NONE',  ( 0.0000000000000000000, 0.0000000000000000000, 1.000000000000000000 ) ) ;
#1385 = FILL_AREA_STYLE ('',( #1348 ) ) ;
#1386 = CARTESIAN_POINT ( 'NONE',  ( -0.09682458365518541166, 0.7750000000000001332, -1.861233927124696127E-18 ) ) ;
#1387 = CIRCLE ( 'NONE', #536, 0.02499999999999999792 ) ;
#1388 = DIRECTION ( 'NONE',  ( -1.000000000000000000, -0.0000000000000000000, 0.0000000000000000000 ) ) ;
#1389 =( NAMED_UNIT ( * ) PLANE_ANGLE_UNIT ( ) SI_UNIT ( $, .RADIAN. ) );
#1390 = LINE ( 'NONE', #180, #1508 ) ;
#1391 = DIRECTION ( 'NONE',  ( 1.000000000000000000, 0.0000000000000000000, 0.0000000000000000000 ) ) ;
#1392 = STYLED_ITEM ( 'NONE', ( #453 ), #2612 ) ;
#1393 = ORIENTED_EDGE ( 'NONE', *, *, #2293, .F. ) ;
#1394 = AXIS2_PLACEMENT_3D ( 'NONE', #1105, #2289, #3495 ) ;
#1395 = CARTESIAN_POINT ( 'NONE',  ( 1.649999999999999911, 0.4500000000000000111, 0.05000000000000000278 ) ) ;
#1396 = ORIENTED_EDGE ( 'NONE', *, *, #3274, .T. ) ;
#1397 = PRESENTATION_LAYER_ASSIGNMENT (  '', '', ( #3486 ) ) ;
#1398 = EDGE_CURVE ( 'NONE', #2350, #1236, #1792, .T. ) ;
#1399 = CARTESIAN_POINT ( 'NONE',  ( 0.09999009131207675649, -0.7985922928562529943, 0.01672934598808573786 ) ) ;
#1400 = LINE ( 'NONE', #874, #2762 ) ;
#1401 = EDGE_CURVE ( 'NONE', #2539, #2367, #2065, .T. ) ;
#1402 = AXIS2_PLACEMENT_3D ( 'NONE', #1297, #1548, #656 ) ;
#1403 = FILL_AREA_STYLE ('',( #839 ) ) ;
#1404 = CARTESIAN_POINT ( 'NONE',  ( -1.600000000000000311, -0.4792893218813452649, -3.175554641438173650E-17 ) ) ;
#1405 = STYLED_ITEM ( 'NONE', ( #732 ), #2585 ) ;
#1406 = SURFACE_STYLE_FILL_AREA ( #2105 ) ;
#1407 =( NAMED_UNIT ( * ) SI_UNIT ( $, .STERADIAN. ) SOLID_ANGLE_UNIT ( ) );
#1408 = PRODUCT_DEFINITION_CONTEXT ( 'detailed design', #347, 'design' ) ;
#1409 = SURFACE_SIDE_STYLE ('',( #2932 ) ) ;
#1410 =( BOUNDED_SURFACE ( )  B_SPLINE_SURFACE ( 3, 3, ( 
 ( #324, #1502, #3304, #3375 ),
 ( #3683, #2693, #1829, #713 ),
 ( #2419, #45, #1888, #3066 ),
 ( #2730, #29, #403, #1234 ) ),
 .UNSPECIFIED., .F., .F., .F. ) 
 B_SPLINE_SURFACE_WITH_KNOTS ( ( 4, 4 ),
 ( 4, 4 ),
 ( 0.0000000000000000000, 1.000000000000000000 ),
 ( 0.0000000000000000000, 1.000000000000000000 ),
 .UNSPECIFIED. ) 
 GEOMETRIC_REPRESENTATION_ITEM ( )  RATIONAL_B_SPLINE_SURFACE ( (
 ( 1.000000000000000000, 0.8047378541243649375, 0.8047378541243649375, 1.000000000000000000),
 ( 0.8047378541243649375, 0.6476030138606876374, 0.6476030138606876374, 0.8047378541243649375),
 ( 0.8047378541243649375, 0.6476030138606876374, 0.6476030138606876374, 0.8047378541243649375),
 ( 1.000000000000000000, 0.8047378541243649375, 0.8047378541243649375, 1.000000000000000000) ) ) 
 REPRESENTATION_ITEM ( '' )  SURFACE ( )  );
#1411 = DIRECTION ( 'NONE',  ( 1.000000000000000000, 0.0000000000000000000, 0.0000000000000000000 ) ) ;
#1412 = VERTEX_POINT ( 'NONE', #219 ) ;
#1413 = SURFACE_STYLE_USAGE ( .BOTH. , #575 ) ;
#1414 = PLANE ( 'NONE',  #3323 ) ;
#1415 = ORIENTED_EDGE ( 'NONE', *, *, #3715, .T. ) ;
#1416 = ADVANCED_BREP_SHAPE_REPRESENTATION ( '', ( #1556, #1796 ), #3218 ) ;
#1417 = SURFACE_STYLE_USAGE ( .BOTH. , #2967 ) ;
#1418 =( NAMED_UNIT ( * ) SI_UNIT ( $, .STERADIAN. ) SOLID_ANGLE_UNIT ( ) );
#1419 = EDGE_CURVE ( 'NONE', #246, #1255, #585, .T. ) ;
#1420 =( NAMED_UNIT ( * ) PLANE_ANGLE_UNIT ( ) SI_UNIT ( $, .RADIAN. ) );
#1421 = SHAPE_REPRESENTATION_RELATIONSHIP ( 'NONE' , 'NONE' ,  #3088, #1416 ) ;
#1422 = CARTESIAN_POINT ( 'NONE',  ( 0.09999999999999992228, 0.7896446609406724271, 0.02500000000000006037 ) ) ;
#1423 = ADVANCED_FACE ( 'NONE', ( #2968 ), #66, .T. ) ;
#1424 = VERTEX_POINT ( 'NONE', #1904 ) ;
#1425 = MECHANICAL_DESIGN_GEOMETRIC_PRESENTATION_REPRESENTATION (  '', ( #891 ), #1488 ) ;
#1426 = CARTESIAN_POINT ( 'NONE',  ( 0.2299999999999995104, 0.7999999999999991562, 0.0000000000000000000 ) ) ;
#1427 = CARTESIAN_POINT ( 'NONE',  ( 0.09855841932229510161, -0.7830814308911585586, 0.1986577783139378828 ) ) ;
#1428 = FILL_AREA_STYLE ('',( #2699 ) ) ;
#1429 = VERTEX_POINT ( 'NONE', #3284 ) ;
#1430 = CARTESIAN_POINT ( 'NONE',  ( 1.629289321881345343, 0.4999999999999998890, 0.02071067811865477323 ) ) ;
#1431 = VECTOR ( 'NONE', #261, 1000.000000000000000 ) ;
#1432 = CIRCLE ( 'NONE', #3056, 0.05000000000000001665 ) ;
#1433 = CARTESIAN_POINT ( 'NONE',  ( 0.1499999999999999944, 6.245004513516510470E-16, 0.0000000000000000000 ) ) ;
#1434 = CARTESIAN_POINT ( 'NONE',  ( 0.1499999999999999944, 0.5000000000000009992, 0.0000000000000000000 ) ) ;
#1435 = VECTOR ( 'NONE', #1810, 1000.000000000000000 ) ;
#1436 = VECTOR ( 'NONE', #819, 1000.000000000000000 ) ;
#1437 = VERTEX_POINT ( 'NONE', #3081 ) ;
#1438 = UNCERTAINTY_MEASURE_WITH_UNIT (LENGTH_MEASURE( 1.000000000000000082E-05 ), #2060, 'distance_accuracy_value', 'NONE');
#1439 = AXIS2_PLACEMENT_3D ( 'NONE', #3597, #2075, #1486 ) ;
#1440 = DIRECTION ( 'NONE',  ( 0.0000000000000000000, 0.0000000000000000000, 1.000000000000000000 ) ) ;
#1441 = DIRECTION ( 'NONE',  ( 1.000000000000000000, 0.0000000000000000000, -0.0000000000000000000 ) ) ;
#1442 = PRESENTATION_LAYER_ASSIGNMENT (  '', '', ( #2149 ) ) ;
#1443 = UNCERTAINTY_MEASURE_WITH_UNIT (LENGTH_MEASURE( 1.000000000000000082E-05 ), #427, 'distance_accuracy_value', 'NONE');
#1444 = AXIS2_PLACEMENT_3D ( 'NONE', #116, #2538, #1042 ) ;
#1445 = CARTESIAN_POINT ( 'NONE',  ( 1.600000000000000089, 0.4500000000000000111, 0.1999999999999999833 ) ) ;
#1446 = FILL_AREA_STYLE_COLOUR ( '', #1766 ) ;
#1447 = EDGE_LOOP ( 'NONE', ( #64, #3020, #1240 ) ) ;
#1448 =( NAMED_UNIT ( * ) PLANE_ANGLE_UNIT ( ) SI_UNIT ( $, .RADIAN. ) );
#1449 = CARTESIAN_POINT ( 'NONE',  ( 0.09682458365518542553, -0.7750000000000001332, 0.2000000000000000389 ) ) ;
#1450 = STYLED_ITEM ( 'NONE', ( #1820 ), #2522 ) ;
#1451 = FILL_AREA_STYLE_COLOUR ( '', #1381 ) ;
#1452 = ORIENTED_EDGE ( 'NONE', *, *, #3568, .F. ) ;
#1453 = CARTESIAN_POINT ( 'NONE',  ( 1.600000000000000089, 0.4999999999999998890, 0.05000000000000002359 ) ) ;
#1454 = MECHANICAL_DESIGN_GEOMETRIC_PRESENTATION_REPRESENTATION (  '', ( #1653 ), #793 ) ;
#1455 = EDGE_CURVE ( 'NONE', #3446, #1424, #394, .T. ) ;
#1456 = PLANE ( 'NONE',  #1201 ) ;
#1457 = DIRECTION ( 'NONE',  ( 0.0000000000000000000, 0.0000000000000000000, 1.000000000000000000 ) ) ;
#1458 = ORIENTED_EDGE ( 'NONE', *, *, #1131, .F. ) ;
#1459 =( LENGTH_UNIT ( ) NAMED_UNIT ( * ) SI_UNIT ( .MILLI., .METRE. ) );
#1460 =( NAMED_UNIT ( * ) SI_UNIT ( $, .STERADIAN. ) SOLID_ANGLE_UNIT ( ) );
#1461 = LINE ( 'NONE', #3266, #3721 ) ;
#1462 =( NAMED_UNIT ( * ) SI_UNIT ( $, .STERADIAN. ) SOLID_ANGLE_UNIT ( ) );
#1463 = FILL_AREA_STYLE ('',( #3592 ) ) ;
#1464 = CARTESIAN_POINT ( 'NONE',  ( -1.550000000000000044, -3.330669073875470410E-15, 1.040834085586080066E-16 ) ) ;
#1465 = CARTESIAN_POINT ( 'NONE',  ( -1.650000000000000133, 0.0000000000000000000, 0.0000000000000000000 ) ) ;
#1466 = VERTEX_POINT ( 'NONE', #2218 ) ;
#1467 = ORIENTED_EDGE ( 'NONE', *, *, #3046, .F. ) ;
#1468 = DIRECTION ( 'NONE',  ( 0.0000000000000000000, 0.0000000000000000000, 1.000000000000000000 ) ) ;
#1469 = CARTESIAN_POINT ( 'NONE',  ( 1.600000000000000089, 0.0000000000000000000, 0.1999999999999999833 ) ) ;
#1470 = ORIENTED_EDGE ( 'NONE', *, *, #3169, .F. ) ;
#1471 = EDGE_CURVE ( 'NONE', #1340, #2430, #1288, .T. ) ;
#1472 = SURFACE_SIDE_STYLE ('',( #2648 ) ) ;
#1473 =( NAMED_UNIT ( * ) PLANE_ANGLE_UNIT ( ) SI_UNIT ( $, .RADIAN. ) );
#1474 = PRESENTATION_STYLE_ASSIGNMENT (( #301 ) ) ;
#1475 = ADVANCED_FACE ( 'NONE', ( #3301 ), #2, .T. ) ;
#1476 = ORIENTED_EDGE ( 'NONE', *, *, #3409, .T. ) ;
#1477 = UNCERTAINTY_MEASURE_WITH_UNIT (LENGTH_MEASURE( 1.000000000000000082E-05 ), #3511, 'distance_accuracy_value', 'NONE');
#1478 = CARTESIAN_POINT ( 'NONE',  ( -0.1000000000000000056, -0.8000000000000000444, 0.02500000000000000139 ) ) ;
#1479 = FILL_AREA_STYLE_COLOUR ( '', #3693 ) ;
#1480 = ITEM_DEFINED_TRANSFORMATION ( 'NONE', 'NONE', #1001,  #1796 ) ;
#1481 = SURFACE_STYLE_USAGE ( .BOTH. , #3555 ) ;
#1482 = ORIENTED_EDGE ( 'NONE', *, *, #2299, .T. ) ;
#1483 = PLANE ( 'NONE',  #1394 ) ;
#1484 = CYLINDRICAL_SURFACE ( 'NONE', #1169, 0.05000000000000001665 ) ;
#1485 = CARTESIAN_POINT ( 'NONE',  ( 0.1000000000000000056, 0.7999999999999999334, 0.1750000000000000167 ) ) ;
#1486 = DIRECTION ( 'NONE',  ( 0.0000000000000000000, 0.0000000000000000000, -1.000000000000000000 ) ) ;
#1487 = ORIENTED_EDGE ( 'NONE', *, *, #1997, .T. ) ;
#1488 =( GEOMETRIC_REPRESENTATION_CONTEXT ( 3 ) GLOBAL_UNCERTAINTY_ASSIGNED_CONTEXT ( ( #2580 ) ) GLOBAL_UNIT_ASSIGNED_CONTEXT ( ( #2005, #1990, #1126 ) ) REPRESENTATION_CONTEXT ( 'NONE', 'WORKASPACE' ) );
#1489 = ADVANCED_FACE ( 'NONE', ( #1580 ), #1940, .T. ) ;
#1490 =( GEOMETRIC_REPRESENTATION_CONTEXT ( 3 ) GLOBAL_UNCERTAINTY_ASSIGNED_CONTEXT ( ( #523 ) ) GLOBAL_UNIT_ASSIGNED_CONTEXT ( ( #2701, #3315, #722 ) ) REPRESENTATION_CONTEXT ( 'NONE', 'WORKASPACE' ) );
#1491 = SURFACE_SIDE_STYLE ('',( #363 ) ) ;
#1492 = ORIENTED_EDGE ( 'NONE', *, *, #259, .F. ) ;
#1493 = VECTOR ( 'NONE', #1115, 1000.000000000000000 ) ;
#1494 = PRESENTATION_STYLE_ASSIGNMENT (( #1417 ) ) ;
#1495 = AXIS2_PLACEMENT_3D ( 'NONE', #498, #1384, #1972 ) ;
#1496 = FILL_AREA_STYLE ('',( #319 ) ) ;
#1497 = CARTESIAN_POINT ( 'NONE',  ( 0.09999999999999989453, 0.7749999999999996891, 0.1750000000000000167 ) ) ;
#1498 = COLOUR_RGB ( '',0.8196078431372548767, 0.8196078431372548767, 0.8196078431372548767 ) ;
#1499 = COLOUR_RGB ( '',0.8196078431372548767, 0.8196078431372548767, 0.8196078431372548767 ) ;
#1500 = ADVANCED_FACE ( 'NONE', ( #3753 ), #557, .T. ) ;
#1501 = SURFACE_STYLE_USAGE ( .BOTH. , #2972 ) ;
#1502 = CARTESIAN_POINT ( 'NONE',  ( -1.600000000000000311, 0.5000000000000000000, 0.1792893218813451928 ) ) ;
#1503 = CONTEXT_DEPENDENT_SHAPE_REPRESENTATION ( #2862, #411 ) ;
#1504 = VECTOR ( 'NONE', #1079, 1000.000000000000000 ) ;
#1505 =( LENGTH_UNIT ( ) NAMED_UNIT ( * ) SI_UNIT ( .MILLI., .METRE. ) );
#1506 = COLOUR_RGB ( '',0.6235294117647058876, 0.6235294117647058876, 0.6235294117647058876 ) ;
#1507 = EDGE_LOOP ( 'NONE', ( #1063, #3594, #1603, #1701 ) ) ;
#1508 = VECTOR ( 'NONE', #162, 1000.000000000000000 ) ;
#1509 = LINE ( 'NONE', #574, #1665 ) ;
#1510 = DIRECTION ( 'NONE',  ( 1.000000000000000000, 0.0000000000000000000, -0.0000000000000000000 ) ) ;
#1511 = ORIENTED_EDGE ( 'NONE', *, *, #1200, .T. ) ;
#1512 = PRESENTATION_LAYER_ASSIGNMENT (  '', '', ( #1902 ) ) ;
#1513 = CARTESIAN_POINT ( 'NONE',  ( -1.600000000000000089, -0.4499999999999999556, 0.1999999999999999556 ) ) ;
#1514 = ORIENTED_EDGE ( 'NONE', *, *, #2734, .F. ) ;
#1515 = SURFACE_STYLE_USAGE ( .BOTH. , #39 ) ;
#1516 = ORIENTED_EDGE ( 'NONE', *, *, #2958, .T. ) ;
#1517 = MECHANICAL_DESIGN_GEOMETRIC_PRESENTATION_REPRESENTATION (  '', ( #3209 ), #354 ) ;
#1518 = FACE_OUTER_BOUND ( 'NONE', #3685, .T. ) ;
#1519 = ADVANCED_FACE ( 'NONE', ( #512 ), #1414, .F. ) ;
#1520 = MECHANICAL_DESIGN_GEOMETRIC_PRESENTATION_REPRESENTATION (  '', ( #3537 ), #2843 ) ;
#1521 = DIRECTION ( 'NONE',  ( 0.0000000000000000000, 0.0000000000000000000, -1.000000000000000000 ) ) ;
#1522 = SURFACE_SIDE_STYLE ('',( #3644 ) ) ;
#1523 = AXIS2_PLACEMENT_3D ( 'NONE', #889, #2095, #2674 ) ;
#1524 = CARTESIAN_POINT ( 'NONE',  ( 0.08964466094067252699, -0.7749999999999999112, 0.0000000000000000000 ) ) ;
#1525 = ORIENTED_EDGE ( 'NONE', *, *, #2293, .T. ) ;
#1526 = SURFACE_STYLE_FILL_AREA ( #1870 ) ;
#1527 = EDGE_CURVE ( 'NONE', #2881, #2828, #209, .T. ) ;
#1528 = CARTESIAN_POINT ( 'NONE',  ( 0.2300000000000000100, -0.5199999999999999067, 0.5000000000000000000 ) ) ;
#1529 =( LENGTH_UNIT ( ) NAMED_UNIT ( * ) SI_UNIT ( .MILLI., .METRE. ) );
#1530 =( NAMED_UNIT ( * ) SI_UNIT ( $, .STERADIAN. ) SOLID_ANGLE_UNIT ( ) );
#1531 = EDGE_LOOP ( 'NONE', ( #3291, #1932, #535, #3090 ) ) ;
#1532 = AXIS2_PLACEMENT_3D ( 'NONE', #2953, #287, #824 ) ;
#1533 = DIRECTION ( 'NONE',  ( 1.000000000000000000, -0.0000000000000000000, -0.0000000000000000000 ) ) ;
#1534 = CARTESIAN_POINT ( 'NONE',  ( -0.09811087165636302176, 0.7804742606132302196, 0.1995483803875124362 ) ) ;
#1535 = ORIENTED_EDGE ( 'NONE', *, *, #2352, .F. ) ;
#1536 =( BOUNDED_SURFACE ( )  B_SPLINE_SURFACE ( 3, 3, ( 
 ( #3512, #2582, #3150, #2557 ),
 ( #1057, #3126, #159, #3499 ),
 ( #547, #462, #1072, #526 ),
 ( #3761, #784, #820, #218 ) ),
 .UNSPECIFIED., .F., .F., .F. ) 
 B_SPLINE_SURFACE_WITH_KNOTS ( ( 4, 4 ),
 ( 4, 4 ),
 ( 0.0000000000000000000, 1.000000000000000000 ),
 ( 0.0000000000000000000, 1.000000000000000000 ),
 .UNSPECIFIED. ) 
 GEOMETRIC_REPRESENTATION_ITEM ( )  RATIONAL_B_SPLINE_SURFACE ( (
 ( 1.000000000000000000, 0.8047378541244777361, 0.8047378541244777361, 1.000000000000000000),
 ( 0.8047378541243648264, 0.6476030138607783426, 0.6476030138607783426, 0.8047378541243648264),
 ( 0.8047378541243648264, 0.6476030138607783426, 0.6476030138607783426, 0.8047378541243648264),
 ( 1.000000000000000000, 0.8047378541244777361, 0.8047378541244777361, 1.000000000000000000) ) ) 
 REPRESENTATION_ITEM ( '' )  SURFACE ( )  );
#1537 = PLANE ( 'NONE',  #916 ) ;
#1538 = LINE ( 'NONE', #432, #3510 ) ;
#1539 = FILL_AREA_STYLE ('',( #690 ) ) ;
#1540 = ADVANCED_FACE ( 'NONE', ( #2592 ), #2851, .T. ) ;
#1541 = LINE ( 'NONE', #381, #193 ) ;
#1542 =( NAMED_UNIT ( * ) PLANE_ANGLE_UNIT ( ) SI_UNIT ( $, .RADIAN. ) );
#1543 = APPLICATION_PROTOCOL_DEFINITION ( 'draft international standard', 'automotive_design', 1998, #3615 ) ;
#1544 = FILL_AREA_STYLE ('',( #46 ) ) ;
#1545 = ORIENTED_EDGE ( 'NONE', *, *, #3242, .F. ) ;
#1546 = CARTESIAN_POINT ( 'NONE',  ( 0.09999999999999990841, -0.7750000000000000222, 0.02500000000000000139 ) ) ;
#1547 = EDGE_CURVE ( 'NONE', #1821, #1899, #2978, .T. ) ;
#1548 = DIRECTION ( 'NONE',  ( 0.0000000000000000000, 0.0000000000000000000, 1.000000000000000000 ) ) ;
#1549 =( LENGTH_UNIT ( ) NAMED_UNIT ( * ) SI_UNIT ( .MILLI., .METRE. ) );
#1550 =( NAMED_UNIT ( * ) PLANE_ANGLE_UNIT ( ) SI_UNIT ( $, .RADIAN. ) );
#1551 = CARTESIAN_POINT ( 'NONE',  ( -1.600000000000000311, 0.4999999999999999445, 0.02071067811865482874 ) ) ;
#1552 = SURFACE_SIDE_STYLE ('',( #37 ) ) ;
#1553 = PRESENTATION_LAYER_ASSIGNMENT (  '', '', ( #509 ) ) ;
#1554 =( LENGTH_UNIT ( ) NAMED_UNIT ( * ) SI_UNIT ( .MILLI., .METRE. ) );
#1555 = UNCERTAINTY_MEASURE_WITH_UNIT (LENGTH_MEASURE( 1.000000000000000082E-05 ), #2421, 'distance_accuracy_value', 'NONE');
#1556 = MANIFOLD_SOLID_BREP ( 'Imported1', #2490 ) ;
#1557 = CARTESIAN_POINT ( 'NONE',  ( 0.09999999999999989453, 0.7896446609406725381, 0.1835786437626905077 ) ) ;
#1558 = STYLED_ITEM ( 'NONE', ( #995 ), #233 ) ;
#1559 = DIRECTION ( 'NONE',  ( -0.0000000000000000000, -0.0000000000000000000, -1.000000000000000000 ) ) ;
#1560 = AXIS2_PLACEMENT_3D ( 'NONE', #1619, #24, #1875 ) ;
#1561 = STYLED_ITEM ( 'NONE', ( #44 ), #299 ) ;
#1562 = FACE_OUTER_BOUND ( 'NONE', #680, .T. ) ;
#1563 = DIRECTION ( 'NONE',  ( -0.0000000000000000000, -1.000000000000000000, -0.0000000000000000000 ) ) ;
#1564 = PRODUCT_CONTEXT ( 'NONE', #1742, 'mechanical' ) ;
#1565 = CARTESIAN_POINT ( 'NONE',  ( 0.07499999999999990008, -0.7896446609406725381, 0.0000000000000000000 ) ) ;
#1566 = ORIENTED_EDGE ( 'NONE', *, *, #3815, .T. ) ;
#1567 = COLOUR_RGB ( '',0.0000000000000000000, 0.0000000000000000000, 0.0000000000000000000 ) ;
#1568 =( GEOMETRIC_REPRESENTATION_CONTEXT ( 3 ) GLOBAL_UNCERTAINTY_ASSIGNED_CONTEXT ( ( #3527 ) ) GLOBAL_UNIT_ASSIGNED_CONTEXT ( ( #2686, #3828, #584 ) ) REPRESENTATION_CONTEXT ( 'NONE', 'WORKASPACE' ) );
#1569 = PRODUCT_DEFINITION ( 'UNKNOWN', '', #2850, #1119 ) ;
#1570 = CIRCLE ( 'NONE', #1147, 0.05000000000000000971 ) ;
#1571 = AXIS2_PLACEMENT_3D ( 'NONE', #3487, #767, #1061 ) ;
#1572 =( NAMED_UNIT ( * ) SI_UNIT ( $, .STERADIAN. ) SOLID_ANGLE_UNIT ( ) );
#1573 = SURFACE_SIDE_STYLE ('',( #372 ) ) ;
#1574 =( NAMED_UNIT ( * ) SI_UNIT ( $, .STERADIAN. ) SOLID_ANGLE_UNIT ( ) );
#1575 = ORIENTED_EDGE ( 'NONE', *, *, #346, .F. ) ;
#1576 = EDGE_CURVE ( 'NONE', #1941, #3561, #3130, .T. ) ;
#1577 = CARTESIAN_POINT ( 'NONE',  ( -0.1000000000000000056, -0.7999999999999999334, 0.1750000000000000167 ) ) ;
#1578 =( GEOMETRIC_REPRESENTATION_CONTEXT ( 3 ) GLOBAL_UNCERTAINTY_ASSIGNED_CONTEXT ( ( #1002 ) ) GLOBAL_UNIT_ASSIGNED_CONTEXT ( ( #2122, #2462, #2479 ) ) REPRESENTATION_CONTEXT ( 'NONE', 'WORKASPACE' ) );
#1579 = CARTESIAN_POINT ( 'NONE',  ( -1.650000000000000133, -0.4671572875253808821, 0.1792893218813452483 ) ) ;
#1580 = FACE_OUTER_BOUND ( 'NONE', #3152, .T. ) ;
#1581 =( LENGTH_UNIT ( ) NAMED_UNIT ( * ) SI_UNIT ( .MILLI., .METRE. ) );
#1582 = DIRECTION ( 'NONE',  ( -0.0000000000000000000, -0.0000000000000000000, -1.000000000000000000 ) ) ;
#1583 = MECHANICAL_DESIGN_GEOMETRIC_PRESENTATION_REPRESENTATION (  '', ( #3012 ), #3713 ) ;
#1584 = COLOUR_RGB ( '',0.0000000000000000000, 0.0000000000000000000, 0.0000000000000000000 ) ;
#1585 = PRESENTATION_STYLE_ASSIGNMENT (( #2727 ) ) ;
#1586 = SURFACE_STYLE_FILL_AREA ( #3660 ) ;
#1587 = CIRCLE ( 'NONE', #2036, 0.02500000000000001180 ) ;
#1588 =( NAMED_UNIT ( * ) PLANE_ANGLE_UNIT ( ) SI_UNIT ( $, .RADIAN. ) );
#1589 =( LENGTH_UNIT ( ) NAMED_UNIT ( * ) SI_UNIT ( .MILLI., .METRE. ) );
#1590 = CARTESIAN_POINT ( 'NONE',  ( 0.09999999999999989453, -0.7835786437626903744, 0.01035533905932736060 ) ) ;
#1591 = PRODUCT ( 'top_330x100x20_1', 'top_330x100x20_1', '', ( #1564 ) ) ;
#1592 = ORIENTED_EDGE ( 'NONE', *, *, #1949, .T. ) ;
#1593 = VECTOR ( 'NONE', #2378, 1000.000000000000000 ) ;
#1594 = PRESENTATION_LAYER_ASSIGNMENT (  '', '', ( #2231 ) ) ;
#1595 = SURFACE_SIDE_STYLE ('',( #408 ) ) ;
#1596 = ORIENTED_EDGE ( 'NONE', *, *, #832, .F. ) ;
#1597 = DIRECTION ( 'NONE',  ( 1.000000000000000000, 0.0000000000000000000, 0.0000000000000000000 ) ) ;
#1598 = COLOUR_RGB ( '',0.8196078431372548767, 0.8196078431372548767, 0.8196078431372548767 ) ;
#1599 = CARTESIAN_POINT ( 'NONE',  ( 1.600000000000000089, 0.0000000000000000000, 0.1499999999999999944 ) ) ;
#1600 = EDGE_CURVE ( 'NONE', #764, #2528, #3061, .T. ) ;
#1601 =( LENGTH_UNIT ( ) NAMED_UNIT ( * ) SI_UNIT ( .MILLI., .METRE. ) );
#1602 = SURFACE_SIDE_STYLE ('',( #2771 ) ) ;
#1603 = ORIENTED_EDGE ( 'NONE', *, *, #1238, .T. ) ;
#1604 = UNCERTAINTY_MEASURE_WITH_UNIT (LENGTH_MEASURE( 1.000000000000000082E-05 ), #491, 'distance_accuracy_value', 'NONE');
#1605 =( NAMED_UNIT ( * ) PLANE_ANGLE_UNIT ( ) SI_UNIT ( $, .RADIAN. ) );
#1606 = EDGE_CURVE ( 'NONE', #3824, #129, #1758, .T. ) ;
#1607 = DIRECTION ( 'NONE',  ( 0.0000000000000000000, 0.0000000000000000000, 1.000000000000000000 ) ) ;
#1608 = UNCERTAINTY_MEASURE_WITH_UNIT (LENGTH_MEASURE( 1.000000000000000082E-05 ), #3441, 'distance_accuracy_value', 'NONE');
#1609 = CARTESIAN_POINT ( 'NONE',  ( 0.1499999999999999944, 0.7750000000000000222, 0.2000000000000000111 ) ) ;
#1610 = SURFACE_STYLE_FILL_AREA ( #1544 ) ;
#1611 = VERTEX_POINT ( 'NONE', #1815 ) ;
#1612 = FILL_AREA_STYLE_COLOUR ( '', #1584 ) ;
#1613 = UNCERTAINTY_MEASURE_WITH_UNIT (LENGTH_MEASURE( 1.000000000000000082E-05 ), #3794, 'distance_accuracy_value', 'NONE');
#1614 = FILL_AREA_STYLE_COLOUR ( '', #2027 ) ;
#1615 =( NAMED_UNIT ( * ) SI_UNIT ( $, .STERADIAN. ) SOLID_ANGLE_UNIT ( ) );
#1616 = CARTESIAN_POINT ( 'NONE',  ( -0.1500000000000000500, 0.7799999999999930322, 0.0000000000000000000 ) ) ;
#1617 = ORIENTED_EDGE ( 'NONE', *, *, #857, .F. ) ;
#1618 = CARTESIAN_POINT ( 'NONE',  ( -1.649999999999999911, 0.4500000000000000111, 0.05000000000000000278 ) ) ;
#1619 = CARTESIAN_POINT ( 'NONE',  ( -0.1250000000000000000, 0.8000000000000000444, 0.0000000000000000000 ) ) ;
#1620 = ORIENTED_EDGE ( 'NONE', *, *, #1224, .F. ) ;
#1621 = LINE ( 'NONE', #741, #1975 ) ;
#1622 = DIRECTION ( 'NONE',  ( 1.000000000000000000, 0.0000000000000000000, -0.0000000000000000000 ) ) ;
#1623 = EDGE_CURVE ( 'NONE', #2178, #1633, #3393, .T. ) ;
#1624 =( NAMED_UNIT ( * ) SI_UNIT ( $, .STERADIAN. ) SOLID_ANGLE_UNIT ( ) );
#1625 = FILL_AREA_STYLE ('',( #2225 ) ) ;
#1626 = DIRECTION ( 'NONE',  ( 0.0000000000000000000, 0.0000000000000000000, -1.000000000000000000 ) ) ;
#1627 = MECHANICAL_DESIGN_GEOMETRIC_PRESENTATION_REPRESENTATION (  '', ( #1135 ), #61 ) ;
#1628 = SURFACE_STYLE_FILL_AREA ( #3763 ) ;
#1629 = ORIENTED_EDGE ( 'NONE', *, *, #3274, .F. ) ;
#1630 = AXIS2_PLACEMENT_3D ( 'NONE', #166, #3135, #2827 ) ;
#1631 = ADVANCED_FACE ( 'NONE', ( #3841 ), #1803, .T. ) ;
#1632 = SHAPE_REPRESENTATION_RELATIONSHIP ( 'NONE' , 'NONE' ,  #3263, #1897 ) ;
#1633 = VERTEX_POINT ( 'NONE', #2485 ) ;
#1634 = CARTESIAN_POINT ( 'NONE',  ( 1.649999999999999911, -0.4499999999999999556, 0.1500000000000000222 ) ) ;
#1635 = CARTESIAN_POINT ( 'NONE',  ( 0.09999246658245433683, 0.7986042524228642581, 0.01631110677353480448 ) ) ;
#1636 = EDGE_LOOP ( 'NONE', ( #1916, #1125, #2207, #1186 ) ) ;
#1637 = CARTESIAN_POINT ( 'NONE',  ( 0.1499999999999999944, 0.5000000000000009992, 0.0000000000000000000 ) ) ;
#1638 = CARTESIAN_POINT ( 'NONE',  ( 0.07499999999999990008, -0.7750000000000000222, 0.2000000000000000111 ) ) ;
#1639 = AXIS2_PLACEMENT_3D ( 'NONE', #2444, #2126, #3306 ) ;
#1640 =( LENGTH_UNIT ( ) NAMED_UNIT ( * ) SI_UNIT ( .MILLI., .METRE. ) );
#1641 = CARTESIAN_POINT ( 'NONE',  ( 5.292923722050170360E-16, -0.4500000000000000111, 0.0000000000000000000 ) ) ;
#1642 = CARTESIAN_POINT ( 'NONE',  ( -0.09975480566152314377, 0.7927877479722105214, 0.007213345965253524159 ) ) ;
#1643 = AXIS2_PLACEMENT_3D ( 'NONE', #418, #1607, #1304 ) ;
#1644 =( BOUNDED_SURFACE ( )  B_SPLINE_SURFACE ( 3, 3, ( 
 ( #2709, #1497, #1864, #367 ),
 ( #400, #1557, #3659, #1849 ),
 ( #1232, #2437, #58, #26 ),
 ( #41, #2751, #2416, #1825 ) ),
 .UNSPECIFIED., .F., .F., .F. ) 
 B_SPLINE_SURFACE_WITH_KNOTS ( ( 4, 4 ),
 ( 4, 4 ),
 ( 0.0000000000000000000, 1.000000000000000000 ),
 ( 0.0000000000000000000, 1.000000000000000000 ),
 .UNSPECIFIED. ) 
 GEOMETRIC_REPRESENTATION_ITEM ( )  RATIONAL_B_SPLINE_SURFACE ( (
 ( 1.000000000000000000, 0.8047378541243639383, 0.8047378541243639383, 1.000000000000000000),
 ( 0.8047378541243649375, 0.6476030138606868602, 0.6476030138606868602, 0.8047378541243649375),
 ( 0.8047378541243649375, 0.6476030138606868602, 0.6476030138606868602, 0.8047378541243649375),
 ( 1.000000000000000000, 0.8047378541243639383, 0.8047378541243639383, 1.000000000000000000) ) ) 
 REPRESENTATION_ITEM ( '' )  SURFACE ( )  );
#1645 = UNCERTAINTY_MEASURE_WITH_UNIT (LENGTH_MEASURE( 1.000000000000000082E-05 ), #1930, 'distance_accuracy_value', 'NONE');
#1646 = AXIS2_PLACEMENT_3D ( 'NONE', #3788, #2045, #856 ) ;
#1647 = SURFACE_STYLE_USAGE ( .BOTH. , #3790 ) ;
#1648 =( LENGTH_UNIT ( ) NAMED_UNIT ( * ) SI_UNIT ( .MILLI., .METRE. ) );
#1649 = ADVANCED_FACE ( 'NONE', ( #699 ), #3629, .T. ) ;
#1650 = PRESENTATION_STYLE_ASSIGNMENT (( #200 ) ) ;
#1651 = MANIFOLD_SOLID_BREP ( 'Imported1', #3303 ) ;
#1652 = ORIENTED_EDGE ( 'NONE', *, *, #3687, .F. ) ;
#1653 = STYLED_ITEM ( 'NONE', ( #991 ), #2856 ) ;
#1654 = SURFACE_STYLE_FILL_AREA ( #2565 ) ;
#1655 =( NAMED_UNIT ( * ) PLANE_ANGLE_UNIT ( ) SI_UNIT ( $, .RADIAN. ) );
#1656 = VECTOR ( 'NONE', #3286, 1000.000000000000000 ) ;
#1657 = FACE_OUTER_BOUND ( 'NONE', #1311, .T. ) ;
#1658 = EDGE_CURVE ( 'NONE', #2807, #665, #2213, .T. ) ;
#1659 = VERTEX_POINT ( 'NONE', #1616 ) ;
#1660 = CIRCLE ( 'NONE', #1165, 0.02500000000000001180 ) ;
#1661 = PRESENTATION_STYLE_ASSIGNMENT (( #2849 ) ) ;
#1662 = FILL_AREA_STYLE_COLOUR ( '', #2887 ) ;
#1663 =( LENGTH_UNIT ( ) NAMED_UNIT ( * ) SI_UNIT ( .MILLI., .METRE. ) );
#1664 = ORIENTED_EDGE ( 'NONE', *, *, #1224, .T. ) ;
#1665 = VECTOR ( 'NONE', #555, 1000.000000000000000 ) ;
#1666 = CARTESIAN_POINT ( 'NONE',  ( -8.331929422494659597E-17, -0.7750000000000000222, 0.2000000000000000111 ) ) ;
#1667 = LINE ( 'NONE', #1943, #189 ) ;
#1668 = VECTOR ( 'NONE', #2450, 1000.000000000000000 ) ;
#1669 = CARTESIAN_POINT ( 'NONE',  ( 0.09997706563243216604, -0.7976670727898140800, 0.01409012752574086667 ) ) ;
#1670 = DIRECTION ( 'NONE',  ( -1.000000000000000000, 0.0000000000000000000, 0.0000000000000000000 ) ) ;
#1671 = PRESENTATION_STYLE_ASSIGNMENT (( #745 ) ) ;
#1672 =( NAMED_UNIT ( * ) PLANE_ANGLE_UNIT ( ) SI_UNIT ( $, .RADIAN. ) );
#1673 =( NAMED_UNIT ( * ) SI_UNIT ( $, .STERADIAN. ) SOLID_ANGLE_UNIT ( ) );
#1674 = EDGE_LOOP ( 'NONE', ( #2249, #1319, #2760 ) ) ;
#1675 = DIRECTION ( 'NONE',  ( 0.0000000000000000000, 0.0000000000000000000, 1.000000000000000000 ) ) ;
#1676 = EDGE_CURVE ( 'NONE', #2866, #1821, #3133, .T. ) ;
#1677 = CARTESIAN_POINT ( 'NONE',  ( 0.09999999999999990841, 0.0000000000000000000, 0.1750000000000000167 ) ) ;
#1678 = EDGE_LOOP ( 'NONE', ( #2245, #2860, #316, #1100 ) ) ;
#1679 = CARTESIAN_POINT ( 'NONE',  ( 0.1499999999999999944, -0.5000000000000000000, 0.5000000000000000000 ) ) ;
#1680 = CARTESIAN_POINT ( 'NONE',  ( 0.09999732580260865811, 0.7992686776860127296, 0.01899739361839990551 ) ) ;
#1681 = EDGE_LOOP ( 'NONE', ( #3016, #1832, #2110, #735 ) ) ;
#1682 = LINE ( 'NONE', #1666, #277 ) ;
#1683 = LINE ( 'NONE', #2256, #973 ) ;
#1684 = CARTESIAN_POINT ( 'NONE',  ( 0.1499999999999999944, -0.7750000000000000222, 0.1750000000000000167 ) ) ;
#1685 = CARTESIAN_POINT ( 'NONE',  ( 1.600000000000000089, 0.4500000000000000111, 0.05000000000000000278 ) ) ;
#1686 = PRESENTATION_STYLE_ASSIGNMENT (( #1910 ) ) ;
#1687 = SURFACE_STYLE_FILL_AREA ( #1332 ) ;
#1688 = MECHANICAL_DESIGN_GEOMETRIC_PRESENTATION_REPRESENTATION (  '', ( #185 ), #2076 ) ;
#1689 = PRODUCT_DEFINITION_SHAPE ( 'NONE', 'NONE',  #3853 ) ;
#1690 = ORIENTED_EDGE ( 'NONE', *, *, #2643, .F. ) ;
#1691 = DIRECTION ( 'NONE',  ( 1.000000000000000000, 0.0000000000000000000, 0.0000000000000000000 ) ) ;
#1692 = PRESENTATION_LAYER_ASSIGNMENT (  '', '', ( #2012 ) ) ;
#1693 = SURFACE_STYLE_FILL_AREA ( #2296 ) ;
#1694 = PLANE ( 'NONE',  #2889 ) ;
#1695 = ORIENTED_EDGE ( 'NONE', *, *, #2330, .F. ) ;
#1696 = VECTOR ( 'NONE', #2169, 1000.000000000000000 ) ;
#1697 = VECTOR ( 'NONE', #57, 1000.000000000000000 ) ;
#1698 =( LENGTH_UNIT ( ) NAMED_UNIT ( * ) SI_UNIT ( .MILLI., .METRE. ) );
#1699 = CARTESIAN_POINT ( 'NONE',  ( 0.09932652750762149818, 0.7882058961676144948, 0.003590561807831341677 ) ) ;
#1700 =( NAMED_UNIT ( * ) SI_UNIT ( $, .STERADIAN. ) SOLID_ANGLE_UNIT ( ) );
#1701 = ORIENTED_EDGE ( 'NONE', *, *, #2168, .T. ) ;
#1702 = EDGE_CURVE ( 'NONE', #1043, #3446, #2443, .T. ) ;
#1703 =( NAMED_UNIT ( * ) PLANE_ANGLE_UNIT ( ) SI_UNIT ( $, .RADIAN. ) );
#1704 = PRESENTATION_LAYER_ASSIGNMENT (  '', '', ( #1256 ) ) ;
#1705 = AXIS2_PLACEMENT_3D ( 'NONE', #1963, #3141, #1052 ) ;
#1706 = VECTOR ( 'NONE', #3671, 1000.000000000000000 ) ;
#1707 = SURFACE_STYLE_FILL_AREA ( #519 ) ;
#1708 = DIRECTION ( 'NONE',  ( 0.0000000000000000000, 0.0000000000000000000, 1.000000000000000000 ) ) ;
#1709 = EDGE_CURVE ( 'NONE', #1899, #3162, #1771, .T. ) ;
#1710 = STYLED_ITEM ( 'NONE', ( #1650 ), #2067 ) ;
#1711 = DIRECTION ( 'NONE',  ( 0.0000000000000000000, 0.0000000000000000000, 1.000000000000000000 ) ) ;
#1712 = CARTESIAN_POINT ( 'NONE',  ( 0.2500000000000000000, -0.7800000000000000266, 0.0000000000000000000 ) ) ;
#1713 = AXIS2_PLACEMENT_3D ( 'NONE', #3396, #2143, #2688 ) ;
#1714 = PRESENTATION_LAYER_ASSIGNMENT (  '', '', ( #1450 ) ) ;
#1715 = DIRECTION ( 'NONE',  ( 1.000000000000000000, 0.0000000000000000000, 0.0000000000000000000 ) ) ;
#1716 = SHAPE_REPRESENTATION_RELATIONSHIP ( 'NONE' , 'NONE' ,  #1907, #2585 ) ;
#1717 = FACE_OUTER_BOUND ( 'NONE', #2624, .T. ) ;
#1718 = ORIENTED_EDGE ( 'NONE', *, *, #2139, .F. ) ;
#1719 = AXIS2_PLACEMENT_3D ( 'NONE', #2347, #2362, #652 ) ;
#1720 = FILL_AREA_STYLE ('',( #449 ) ) ;
#1721 = PLANE ( 'NONE',  #3661 ) ;
#1722 = CARTESIAN_POINT ( 'NONE',  ( 0.1250000000000000000, -0.8000000000000000444, 0.0000000000000000000 ) ) ;
#1723 = EDGE_LOOP ( 'NONE', ( #3560, #817, #2035, #2219 ) ) ;
#1724 = CIRCLE ( 'NONE', #801, 0.05000000000000000971 ) ;
#1725 = EDGE_CURVE ( 'NONE', #1024, #3295, #3344, .T. ) ;
#1726 = COLOUR_RGB ( '',0.6235294117647058876, 0.6235294117647058876, 0.6235294117647058876 ) ;
#1727 = COLOUR_RGB ( '',0.7921568627450980005, 0.8196078431372548767, 0.9333333333333333481 ) ;
#1728 = UNCERTAINTY_MEASURE_WITH_UNIT (LENGTH_MEASURE( 1.000000000000000082E-05 ), #1805, 'distance_accuracy_value', 'NONE');
#1729 = ADVANCED_FACE ( 'NONE', ( #1717 ), #1694, .T. ) ;
#1730 = SURFACE_STYLE_USAGE ( .BOTH. , #3745 ) ;
#1731 = SURFACE_STYLE_FILL_AREA ( #281 ) ;
#1732 = DIRECTION ( 'NONE',  ( 1.000000000000000000, 0.0000000000000000000, 0.0000000000000000000 ) ) ;
#1733 = CARTESIAN_POINT ( 'NONE',  ( 0.1000000000000000056, 0.7999999999999999334, 0.02500000000000000139 ) ) ;
#1734 = DIRECTION ( 'NONE',  ( -0.0000000000000000000, -0.0000000000000000000, -1.000000000000000000 ) ) ;
#1735 = DIRECTION ( 'NONE',  ( 1.000000000000000000, 0.0000000000000000000, 0.0000000000000000000 ) ) ;
#1736 = CARTESIAN_POINT ( 'NONE',  ( 0.09999999999999992228, 0.7750000000000002442, 0.01035533905932736060 ) ) ;
#1737 = ORIENTED_EDGE ( 'NONE', *, *, #3078, .F. ) ;
#1738 = CARTESIAN_POINT ( 'NONE',  ( -1.650000000000000133, 0.4500000000000000111, 0.0000000000000000000 ) ) ;
#1739 = DIRECTION ( 'NONE',  ( -1.000000000000000000, 0.0000000000000000000, 0.0000000000000000000 ) ) ;
#1740 = ORIENTED_EDGE ( 'NONE', *, *, #2132, .F. ) ;
#1741 = CARTESIAN_POINT ( 'NONE',  ( 1.650000000000000133, 0.4671572875253808821, 0.02071067811865473854 ) ) ;
#1742 = APPLICATION_CONTEXT ( 'automotive_design' ) ;
#1743 = PLANE ( 'NONE',  #3408 ) ;
#1744 = PRODUCT_DEFINITION ( 'UNKNOWN', '', #3732, #1773 ) ;
#1745 = LINE ( 'NONE', #706, #836 ) ;
#1746 = SURFACE_STYLE_USAGE ( .BOTH. , #3183 ) ;
#1747 = DIRECTION ( 'NONE',  ( 1.000000000000000000, 0.0000000000000000000, 0.0000000000000000000 ) ) ;
#1748 =( LENGTH_UNIT ( ) NAMED_UNIT ( * ) SI_UNIT ( .MILLI., .METRE. ) );
#1749 = EDGE_CURVE ( 'NONE', #3484, #1282, #2318, .T. ) ;
#1750 = CARTESIAN_POINT ( 'NONE',  ( 5.422019422587969628E-16, 0.4500000000000000111, 0.1499999999999999944 ) ) ;
#1751 = FACE_OUTER_BOUND ( 'NONE', #1723, .T. ) ;
#1752 = SURFACE_STYLE_USAGE ( .BOTH. , #1409 ) ;
#1753 = CARTESIAN_POINT ( 'NONE',  ( 0.09994581673678208655, 0.7962732649878038194, 0.1884261210297859535 ) ) ;
#1754 = ORIENTED_EDGE ( 'NONE', *, *, #2408, .F. ) ;
#1755 = DIRECTION ( 'NONE',  ( 0.0000000000000000000, 0.0000000000000000000, 1.000000000000000000 ) ) ;
#1756 = COLOUR_RGB ( '',0.6235294117647058876, 0.6235294117647058876, 0.6235294117647058876 ) ;
#1757 = CARTESIAN_POINT ( 'NONE',  ( -0.1499999999999999944, -0.7750000000000000222, 0.02500000000000000139 ) ) ;
#1758 = LINE ( 'NONE', #2097, #1962 ) ;
#1759 =( GEOMETRIC_REPRESENTATION_CONTEXT ( 3 ) GLOBAL_UNCERTAINTY_ASSIGNED_CONTEXT ( ( #3789 ) ) GLOBAL_UNIT_ASSIGNED_CONTEXT ( ( #1840, #1012, #3366 ) ) REPRESENTATION_CONTEXT ( 'NONE', 'WORKASPACE' ) );
#1760 = ORIENTED_EDGE ( 'NONE', *, *, #1000, .T. ) ;
#1761 = CARTESIAN_POINT ( 'NONE',  ( 1.649999999999999911, 0.4500000000000000111, 0.05000000000000000278 ) ) ;
#1762 = STYLED_ITEM ( 'NONE', ( #3459 ), #517 ) ;
#1763 = CARTESIAN_POINT ( 'NONE',  ( 1.600000000000000089, 0.4500000000000000111, 0.0000000000000000000 ) ) ;
#1764 = DIRECTION ( 'NONE',  ( -0.0000000000000000000, -0.0000000000000000000, -1.000000000000000000 ) ) ;
#1765 = PLANE ( 'NONE',  #3689 ) ;
#1766 = COLOUR_RGB ( '',0.8196078431372548767, 0.8196078431372548767, 0.8196078431372548767 ) ;
#1767 = AXIS2_PLACEMENT_3D ( 'NONE', #2664, #2609, #2980 ) ;
#1768 =( LENGTH_UNIT ( ) NAMED_UNIT ( * ) SI_UNIT ( .MILLI., .METRE. ) );
#1769 = CARTESIAN_POINT ( 'NONE',  ( 0.03333333333333350634, -0.5000000000000000000, 0.0000000000000000000 ) ) ;
#1770 = SURFACE_STYLE_USAGE ( .BOTH. , #2689 ) ;
#1771 = CIRCLE ( 'NONE', #782, 0.02500000000000000833 ) ;
#1772 = MECHANICAL_DESIGN_GEOMETRIC_PRESENTATION_REPRESENTATION (  '', ( #2149 ), #447 ) ;
#1773 = PRODUCT_DEFINITION_CONTEXT ( 'detailed design', #3615, 'design' ) ;
#1774 = EDGE_CURVE ( 'NONE', #2383, #685, #144, .T. ) ;
#1775 =( LENGTH_UNIT ( ) NAMED_UNIT ( * ) SI_UNIT ( .MILLI., .METRE. ) );
#1776 = DIRECTION ( 'NONE',  ( 0.0000000000000000000, 0.0000000000000000000, 1.000000000000000000 ) ) ;
#1777 = DIRECTION ( 'NONE',  ( -1.000000000000000000, 0.0000000000000000000, 0.0000000000000000000 ) ) ;
#1778 = VERTEX_POINT ( 'NONE', #3136 ) ;
#1779 = SURFACE_STYLE_FILL_AREA ( #291 ) ;
#1780 = PRESENTATION_LAYER_ASSIGNMENT (  '', '', ( #2766 ) ) ;
#1781 = EDGE_CURVE ( 'NONE', #2528, #3470, #470, .T. ) ;
#1782 = DIRECTION ( 'NONE',  ( 1.000000000000000000, 0.0000000000000000000, 0.0000000000000000000 ) ) ;
#1783 =( NAMED_UNIT ( * ) SI_UNIT ( $, .STERADIAN. ) SOLID_ANGLE_UNIT ( ) );
#1784 = COLOUR_RGB ( '',0.0000000000000000000, 0.0000000000000000000, 0.0000000000000000000 ) ;
#1785 = PRESENTATION_LAYER_ASSIGNMENT (  '', '', ( #3477 ) ) ;
#1786 = DIRECTION ( 'NONE',  ( -1.214306433183760036E-16, 1.000000000000000000, 0.0000000000000000000 ) ) ;
#1787 = COLOUR_RGB ( '',0.8196078431372548767, 0.8196078431372548767, 0.8196078431372548767 ) ;
#1788 = SURFACE_STYLE_FILL_AREA ( #249 ) ;
#1789 = EDGE_LOOP ( 'NONE', ( #190, #2906, #376, #3850 ) ) ;
#1790 = VECTOR ( 'NONE', #2868, 1000.000000000000000 ) ;
#1791 = FACE_OUTER_BOUND ( 'NONE', #2983, .T. ) ;
#1792 = LINE ( 'NONE', #2633, #2563 ) ;
#1793 = DIRECTION ( 'NONE',  ( -0.0000000000000000000, 1.224646799147353207E-16, 1.000000000000000000 ) ) ;
#1794 = CARTESIAN_POINT ( 'NONE',  ( -0.09864576389856835603, -0.7833795825189213691, 0.1987092194841507675 ) ) ;
#1795 = AXIS2_PLACEMENT_3D ( 'NONE', #1528, #2193, #3364 ) ;
#1796 = AXIS2_PLACEMENT_3D ( 'NONE', #698, #1872, #3053 ) ;
#1797 = SURFACE_SIDE_STYLE ('',( #588 ) ) ;
#1798 = CARTESIAN_POINT ( 'NONE',  ( 0.09731840647930146970, 0.7769125675736880954, 0.2000000000000209666 ) ) ;
#1799 = LINE ( 'NONE', #2004, #2281 ) ;
#1800 = EDGE_CURVE ( 'NONE', #487, #1236, #1570, .T. ) ;
#1801 = FACE_OUTER_BOUND ( 'NONE', #3261, .T. ) ;
#1802 = CARTESIAN_POINT ( 'NONE',  ( 0.09991856965690928960, -0.7959652214785235547, 0.1886183511614458463 ) ) ;
#1803 = CYLINDRICAL_SURFACE ( 'NONE', #2374, 0.05000000000000000971 ) ;
#1804 = ORIENTED_EDGE ( 'NONE', *, *, #1118, .T. ) ;
#1805 =( LENGTH_UNIT ( ) NAMED_UNIT ( * ) SI_UNIT ( .MILLI., .METRE. ) );
#1806 = DIRECTION ( 'NONE',  ( 1.000000000000000000, 1.214306433183760036E-16, 0.0000000000000000000 ) ) ;
#1807 = CARTESIAN_POINT ( 'NONE',  ( -0.09752238412025629466, -0.7777025695801953464, 5.960703199234271371E-18 ) ) ;
#1808 = VERTEX_POINT ( 'NONE', #2567 ) ;
#1809 = FILL_AREA_STYLE_COLOUR ( '', #3254 ) ;
#1810 = DIRECTION ( 'NONE',  ( -0.0000000000000000000, 0.0000000000000000000, 1.000000000000000000 ) ) ;
#1811 = SURFACE_STYLE_FILL_AREA ( #629 ) ;
#1812 = CARTESIAN_POINT ( 'NONE',  ( 0.09812811978187618855, 0.7807419598212950174, 0.1993316645103456186 ) ) ;
#1813 = ORIENTED_EDGE ( 'NONE', *, *, #342, .F. ) ;
#1814 = EDGE_CURVE ( 'NONE', #264, #3446, #977, .T. ) ;
#1815 = CARTESIAN_POINT ( 'NONE',  ( 0.09682458365518541166, -0.7750000000000001332, -1.861233927124696127E-18 ) ) ;
#1816 = VERTEX_POINT ( 'NONE', #3797 ) ;
#1817 = COLOUR_RGB ( '',0.0000000000000000000, 0.0000000000000000000, 0.0000000000000000000 ) ;
#1818 = EDGE_CURVE ( 'NONE', #3556, #764, #204, .T. ) ;
#1819 = CARTESIAN_POINT ( 'NONE',  ( -1.273937552670470175E-16, -0.7750000000000000222, 0.0000000000000000000 ) ) ;
#1820 = PRESENTATION_STYLE_ASSIGNMENT (( #1515 ) ) ;
#1821 = VERTEX_POINT ( 'NONE', #2589 ) ;
#1822 = PRESENTATION_LAYER_ASSIGNMENT (  '', '', ( #2816 ) ) ;
#1823 = CARTESIAN_POINT ( 'NONE',  ( 0.09999999999999989453, -0.7749999999999999112, 0.1750000000000001277 ) ) ;
#1824 =( GEOMETRIC_REPRESENTATION_CONTEXT ( 3 ) GLOBAL_UNCERTAINTY_ASSIGNED_CONTEXT ( ( #2926 ) ) GLOBAL_UNIT_ASSIGNED_CONTEXT ( ( #1640, #3101, #1624 ) ) REPRESENTATION_CONTEXT ( 'NONE', 'WORKASPACE' ) );
#1825 = CARTESIAN_POINT ( 'NONE',  ( 0.07499999999999990008, 0.7750000000000000222, 0.1999999999999999833 ) ) ;
#1826 = FILL_AREA_STYLE ('',( #945 ) ) ;
#1827 = STYLED_ITEM ( 'NONE', ( #3770 ), #1540 ) ;
#1828 = MECHANICAL_DESIGN_GEOMETRIC_PRESENTATION_REPRESENTATION (  '', ( #655 ), #3395 ) ;
#1829 = CARTESIAN_POINT ( 'NONE',  ( -1.629289321881344899, 0.4792893218813452649, 0.1999999999999999556 ) ) ;
#1830 = ITEM_DEFINED_TRANSFORMATION ( 'NONE', 'NONE', #746,  #1796 ) ;
#1831 = CIRCLE ( 'NONE', #1326, 0.01999999999999999695 ) ;
#1832 = ORIENTED_EDGE ( 'NONE', *, *, #1154, .T. ) ;
#1833 = FACE_OUTER_BOUND ( 'NONE', #2266, .T. ) ;
#1834 =( GEOMETRIC_REPRESENTATION_CONTEXT ( 3 ) GLOBAL_UNCERTAINTY_ASSIGNED_CONTEXT ( ( #2200 ) ) GLOBAL_UNIT_ASSIGNED_CONTEXT ( ( #2584, #528, #3779 ) ) REPRESENTATION_CONTEXT ( 'NONE', 'WORKASPACE' ) );
#1835 = CARTESIAN_POINT ( 'NONE',  ( 0.07499999999999990008, -0.7750000000000000222, 0.1750000000000000167 ) ) ;
#1836 = CARTESIAN_POINT ( 'NONE',  ( 1.650000000000000133, -0.4500000000000000111, 0.0000000000000000000 ) ) ;
#1837 = CARTESIAN_POINT ( 'NONE',  ( 0.07499999999999990008, -0.7750000000000000222, 0.02500000000000000139 ) ) ;
#1838 = ORIENTED_EDGE ( 'NONE', *, *, #3524, .F. ) ;
#1839 = AXIS2_PLACEMENT_3D ( 'NONE', #2902, #3265, #220 ) ;
#1840 =( LENGTH_UNIT ( ) NAMED_UNIT ( * ) SI_UNIT ( .MILLI., .METRE. ) );
#1841 = CIRCLE ( 'NONE', #2514, 0.01999999999999999695 ) ;
#1842 = CARTESIAN_POINT ( 'NONE',  ( -0.1000000000000000056, 0.8000000000000000444, 0.1750000000000000167 ) ) ;
#1843 = CARTESIAN_POINT ( 'NONE',  ( -1.629289321881345121, -0.4499999999999999556, 0.1999999999999999833 ) ) ;
#1844 = ORIENTED_EDGE ( 'NONE', *, *, #832, .T. ) ;
#1845 =( NAMED_UNIT ( * ) PLANE_ANGLE_UNIT ( ) SI_UNIT ( $, .RADIAN. ) );
#1846 = VECTOR ( 'NONE', #2128, 1000.000000000000000 ) ;
#1847 = EDGE_CURVE ( 'NONE', #2847, #335, #3506, .T. ) ;
#1848 = LINE ( 'NONE', #3678, #3810 ) ;
#1849 = CARTESIAN_POINT ( 'NONE',  ( 0.09999999999999989453, 0.7749999999999999112, 0.1896446609406726158 ) ) ;
#1850 = CARTESIAN_POINT ( 'NONE',  ( 0.03333333333333350634, -0.8000000000000000444, 0.0000000000000000000 ) ) ;
#1851 = SURFACE_STYLE_FILL_AREA ( #671 ) ;
#1852 = LINE ( 'NONE', #2188, #3328 ) ;
#1853 = AXIS2_PLACEMENT_3D ( 'NONE', #3818, #2094, #268 ) ;
#1854 = ORIENTED_EDGE ( 'NONE', *, *, #2874, .F. ) ;
#1855 = MECHANICAL_DESIGN_GEOMETRIC_PRESENTATION_REPRESENTATION (  '', ( #3028 ), #1290 ) ;
#1856 = DIRECTION ( 'NONE',  ( 0.0000000000000000000, -1.000000000000000000, 0.0000000000000000000 ) ) ;
#1857 = EDGE_LOOP ( 'NONE', ( #937, #1690, #3272, #2935 ) ) ;
#1858 = DIRECTION ( 'NONE',  ( 0.0000000000000000000, 0.0000000000000000000, -1.000000000000000000 ) ) ;
#1859 = CARTESIAN_POINT ( 'NONE',  ( -1.629289321881345343, 0.4792893218813452649, -6.443945816803425098E-18 ) ) ;
#1860 = DIRECTION ( 'NONE',  ( 1.000000000000000000, 0.0000000000000000000, 0.0000000000000000000 ) ) ;
#1861 = ORIENTED_EDGE ( 'NONE', *, *, #1800, .F. ) ;
#1862 = PLANE ( 'NONE',  #2428 ) ;
#1863 = SURFACE_STYLE_USAGE ( .BOTH. , #379 ) ;
#1864 = CARTESIAN_POINT ( 'NONE',  ( 0.09999999999999989453, 0.7750000000000000222, 0.1749999999999999611 ) ) ;
#1865 = CARTESIAN_POINT ( 'NONE',  ( 1.600000000000000311, 0.5000000000000000000, 0.1792893218813451928 ) ) ;
#1866 = DIRECTION ( 'NONE',  ( 0.0000000000000000000, 0.0000000000000000000, 1.000000000000000000 ) ) ;
#1867 = ADVANCED_FACE ( 'NONE', ( #1657 ), #751, .T. ) ;
#1868 = CARTESIAN_POINT ( 'NONE',  ( 0.08964466094067252699, -0.7999999999999998224, 0.01035533905932740743 ) ) ;
#1869 = ORIENTED_EDGE ( 'NONE', *, *, #2917, .T. ) ;
#1870 = FILL_AREA_STYLE ('',( #2936 ) ) ;
#1871 = CARTESIAN_POINT ( 'NONE',  ( 0.1499999999999999944, -0.7750000000000000222, 0.2000000000000000111 ) ) ;
#1872 = DIRECTION ( 'NONE',  ( 0.0000000000000000000, 0.0000000000000000000, 1.000000000000000000 ) ) ;
#1873 = ORIENTED_EDGE ( 'NONE', *, *, #1781, .F. ) ;
#1874 = CYLINDRICAL_SURFACE ( 'NONE', #2332, 0.05000000000000000971 ) ;
#1875 = DIRECTION ( 'NONE',  ( 0.0000000000000000000, -0.0000000000000000000, 1.000000000000000000 ) ) ;
#1876 = VERTEX_POINT ( 'NONE', #2091 ) ;
#1877 = SURFACE_SIDE_STYLE ('',( #397 ) ) ;
#1878 = AXIS2_PLACEMENT_3D ( 'NONE', #1900, #3077, #1858 ) ;
#1879 = UNCERTAINTY_MEASURE_WITH_UNIT (LENGTH_MEASURE( 1.000000000000000082E-05 ), #1663, 'distance_accuracy_value', 'NONE');
#1880 = PRESENTATION_STYLE_ASSIGNMENT (( #3024 ) ) ;
#1881 = SURFACE_STYLE_FILL_AREA ( #1539 ) ;
#1882 =( GEOMETRIC_REPRESENTATION_CONTEXT ( 3 ) GLOBAL_UNCERTAINTY_ASSIGNED_CONTEXT ( ( #2610 ) ) GLOBAL_UNIT_ASSIGNED_CONTEXT ( ( #1114, #1672, #3729 ) ) REPRESENTATION_CONTEXT ( 'NONE', 'WORKASPACE' ) );
#1883 = CARTESIAN_POINT ( 'NONE',  ( 0.09999999999999990841, 0.7750000000000001332, 0.02500000000000000139 ) ) ;
#1884 = UNCERTAINTY_MEASURE_WITH_UNIT (LENGTH_MEASURE( 1.000000000000000082E-05 ), #2892, 'distance_accuracy_value', 'NONE');
#1885 =( GEOMETRIC_REPRESENTATION_CONTEXT ( 3 ) GLOBAL_UNCERTAINTY_ASSIGNED_CONTEXT ( ( #1645 ) ) GLOBAL_UNIT_ASSIGNED_CONTEXT ( ( #1930, #1389, #2559 ) ) REPRESENTATION_CONTEXT ( 'NONE', 'WORKASPACE' ) );
#1886 = MECHANICAL_DESIGN_GEOMETRIC_PRESENTATION_REPRESENTATION (  '', ( #3317 ), #258 ) ;
#1887 = CARTESIAN_POINT ( 'NONE',  ( 0.2000000000000000111, -0.5000000000000000000, 0.0000000000000000000 ) ) ;
#1888 = CARTESIAN_POINT ( 'NONE',  ( -1.649999999999999911, 0.4671572875253809931, 0.1792893218813451928 ) ) ;
#1889 = APPLICATION_PROTOCOL_DEFINITION ( 'draft international standard', 'automotive_design', 1998, #347 ) ;
#1890 = ORIENTED_EDGE ( 'NONE', *, *, #1576, .T. ) ;
#1891 = LINE ( 'NONE', #406, #2957 ) ;
#1892 = AXIS2_PLACEMENT_3D ( 'NONE', #936, #1739, #2365 ) ;
#1893 = EDGE_CURVE ( 'NONE', #3764, #335, #1263, .T. ) ;
#1894 = UNCERTAINTY_MEASURE_WITH_UNIT (LENGTH_MEASURE( 1.000000000000000082E-05 ), #3595, 'distance_accuracy_value', 'NONE');
#1895 = STYLED_ITEM ( 'NONE', ( #1935 ), #1094 ) ;
#1896 = CARTESIAN_POINT ( 'NONE',  ( 5.422019422587969628E-16, -0.5000000000000000000, 0.05000000000000000971 ) ) ;
#1897 = ADVANCED_BREP_SHAPE_REPRESENTATION ( '', ( #2856, #1796 ), #161 ) ;
#1898 = SURFACE_STYLE_USAGE ( .BOTH. , #734 ) ;
#1899 = VERTEX_POINT ( 'NONE', #2974 ) ;
#1900 = CARTESIAN_POINT ( 'NONE',  ( 0.1499999999999999944, 0.7750000000000000222, 0.1750000000000000167 ) ) ;
#1901 = EDGE_CURVE ( 'NONE', #3786, #2000, #170, .T. ) ;
#1902 = STYLED_ITEM ( 'NONE', ( #3204 ), #2403 ) ;
#1903 = DIRECTION ( 'NONE',  ( -0.0000000000000000000, 1.000000000000000000, 0.0000000000000000000 ) ) ;
#1904 = CARTESIAN_POINT ( 'NONE',  ( 1.649999999999999911, -0.4500000000000000111, 0.05000000000000000971 ) ) ;
#1905 = CARTESIAN_POINT ( 'NONE',  ( 1.600000000000000089, 0.0000000000000000000, 0.0000000000000000000 ) ) ;
#1906 = VECTOR ( 'NONE', #1989, 1000.000000000000000 ) ;
#1907 = SHAPE_REPRESENTATION ( 'Contact_50x160x40_1', ( #1796 ), #2848 ) ;
#1908 = CARTESIAN_POINT ( 'NONE',  ( 0.09999999999999989453, -0.7896446609406725381, 0.1835786437626905077 ) ) ;
#1909 = MECHANICAL_DESIGN_GEOMETRIC_PRESENTATION_REPRESENTATION (  '', ( #473 ), #1161 ) ;
#1910 = SURFACE_STYLE_USAGE ( .BOTH. , #2817 ) ;
#1911 = CARTESIAN_POINT ( 'NONE',  ( 0.2500000000000000000, 0.7799999999999990274, 0.0000000000000000000 ) ) ;
#1912 = ORIENTED_EDGE ( 'NONE', *, *, #1064, .F. ) ;
#1913 = STYLED_ITEM ( 'NONE', ( #3349 ), #3357 ) ;
#1914 = STYLED_ITEM ( 'NONE', ( #3052 ), #3680 ) ;
#1915 = PRESENTATION_STYLE_ASSIGNMENT (( #3468 ) ) ;
#1916 = ORIENTED_EDGE ( 'NONE', *, *, #2772, .T. ) ;
#1917 = CARTESIAN_POINT ( 'NONE',  ( -1.600000000000000089, -0.4500000000000000111, 0.05000000000000000278 ) ) ;
#1918 = CARTESIAN_POINT ( 'NONE',  ( 0.07499999999999990008, -0.8000000000000000444, 0.0000000000000000000 ) ) ;
#1919 = VERTEX_POINT ( 'NONE', #2382 ) ;
#1920 = ADVANCED_FACE ( 'NONE', ( #2989 ), #2867, .T. ) ;
#1921 = SURFACE_SIDE_STYLE ('',( #1016 ) ) ;
#1922 = DIRECTION ( 'NONE',  ( 0.0000000000000000000, 0.0000000000000000000, -1.000000000000000000 ) ) ;
#1923 = PRODUCT_DEFINITION_FORMATION_WITH_SPECIFIED_SOURCE ( 'ANY', '', #438, .NOT_KNOWN. ) ;
#1924 = UNCERTAINTY_MEASURE_WITH_UNIT (LENGTH_MEASURE( 1.000000000000000082E-05 ), #311, 'distance_accuracy_value', 'NONE');
#1925 = CARTESIAN_POINT ( 'NONE',  ( 0.09975480566152314377, -0.7927877479722105214, 0.007213345965253524159 ) ) ;
#1926 = CARTESIAN_POINT ( 'NONE',  ( -0.1000000000000000056, -0.7750000000000000222, 0.1750000000000000167 ) ) ;
#1927 = CARTESIAN_POINT ( 'NONE',  ( -0.09931306210615928332, 0.7882989019704068623, 0.003830701325232633517 ) ) ;
#1928 = UNCERTAINTY_MEASURE_WITH_UNIT (LENGTH_MEASURE( 1.000000000000000082E-05 ), #2344, 'distance_accuracy_value', 'NONE');
#1929 = CARTESIAN_POINT ( 'NONE',  ( 1.649999999999999911, 0.4500000000000000111, 0.1499999999999999667 ) ) ;
#1930 =( LENGTH_UNIT ( ) NAMED_UNIT ( * ) SI_UNIT ( .MILLI., .METRE. ) );
#1931 = ITEM_DEFINED_TRANSFORMATION ( 'NONE', 'NONE', #624,  #1796 ) ;
#1932 = ORIENTED_EDGE ( 'NONE', *, *, #2545, .T. ) ;
#1933 =( NAMED_UNIT ( * ) SI_UNIT ( $, .STERADIAN. ) SOLID_ANGLE_UNIT ( ) );
#1934 = UNCERTAINTY_MEASURE_WITH_UNIT (LENGTH_MEASURE( 1.000000000000000082E-05 ), #2717, 'distance_accuracy_value', 'NONE');
#1935 = PRESENTATION_STYLE_ASSIGNMENT (( #3748 ) ) ;
#1936 = SURFACE_STYLE_USAGE ( .BOTH. , #1062 ) ;
#1937 = ORIENTED_EDGE ( 'NONE', *, *, #1022, .F. ) ;
#1938 = DIRECTION ( 'NONE',  ( 0.0000000000000000000, 0.0000000000000000000, -1.000000000000000000 ) ) ;
#1939 = CARTESIAN_POINT ( 'NONE',  ( 0.09953815698324050554, 0.7904002445666689081, 0.005306537448006177354 ) ) ;
#1940 = CYLINDRICAL_SURFACE ( 'NONE', #3189, 0.02500000000000001180 ) ;
#1941 = VERTEX_POINT ( 'NONE', #1911 ) ;
#1942 = CARTESIAN_POINT ( 'NONE',  ( -0.1000008652692899042, -0.7997526465136034490, 0.02095409088292123426 ) ) ;
#1943 = CARTESIAN_POINT ( 'NONE',  ( 1.600000000000000089, 0.5000000000000000000, 0.0000000000000000000 ) ) ;
#1944 = PRODUCT_DEFINITION_SHAPE ( 'NONE', 'NONE',  #3859 ) ;
#1945 = FILL_AREA_STYLE_COLOUR ( '', #720 ) ;
#1946 = ADVANCED_BREP_SHAPE_REPRESENTATION ( '', ( #1651, #1796 ), #1222 ) ;
#1947 = CARTESIAN_POINT ( 'NONE',  ( -0.09958993075600405809, 0.7906488244603937510, 0.005306961323852213940 ) ) ;
#1948 = MECHANICAL_DESIGN_GEOMETRIC_PRESENTATION_REPRESENTATION (  '', ( #509 ), #2068 ) ;
#1949 = EDGE_CURVE ( 'NONE', #1193, #3484, #1034, .T. ) ;
#1950 = FILL_AREA_STYLE ('',( #178 ) ) ;
#1951 = AXIS2_PLACEMENT_3D ( 'NONE', #938, #3296, #1139 ) ;
#1952 = ORIENTED_EDGE ( 'NONE', *, *, #960, .F. ) ;
#1953 = SHAPE_REPRESENTATION ( 'User Library-RESCAXS80P160X320X60-8N', ( #1350, #1532, #2654, #1001, #101, #554, #746, #3545, #939, #624, #2340 ), #421 ) ;
#1954 = MECHANICAL_DESIGN_GEOMETRIC_PRESENTATION_REPRESENTATION (  '', ( #3628 ), #3705 ) ;
#1955 = CIRCLE ( 'NONE', #770, 0.04999999999999999584 ) ;
#1956 = LINE ( 'NONE', #143, #18 ) ;
#1957 =( NAMED_UNIT ( * ) SI_UNIT ( $, .STERADIAN. ) SOLID_ANGLE_UNIT ( ) );
#1958 = STYLED_ITEM ( 'NONE', ( #3113 ), #1475 ) ;
#1959 = DIRECTION ( 'NONE',  ( 1.000000000000000000, -0.0000000000000000000, -0.0000000000000000000 ) ) ;
#1960 = COLOUR_RGB ( '',0.8196078431372548767, 0.8196078431372548767, 0.8196078431372548767 ) ;
#1961 = ORIENTED_EDGE ( 'NONE', *, *, #3657, .F. ) ;
#1962 = VECTOR ( 'NONE', #620, 1000.000000000000000 ) ;
#1963 = CARTESIAN_POINT ( 'NONE',  ( 0.07499999999999990008, 0.0000000000000000000, 0.02500000000000000139 ) ) ;
#1964 =( NAMED_UNIT ( * ) SI_UNIT ( $, .STERADIAN. ) SOLID_ANGLE_UNIT ( ) );
#1965 = VERTEX_POINT ( 'NONE', #694 ) ;
#1966 = FACE_OUTER_BOUND ( 'NONE', #428, .T. ) ;
#1967 =( GEOMETRIC_REPRESENTATION_CONTEXT ( 3 ) GLOBAL_UNCERTAINTY_ASSIGNED_CONTEXT ( ( #1604 ) ) GLOBAL_UNIT_ASSIGNED_CONTEXT ( ( #491, #534, #632 ) ) REPRESENTATION_CONTEXT ( 'NONE', 'WORKASPACE' ) );
#1968 =( GEOMETRIC_REPRESENTATION_CONTEXT ( 3 ) GLOBAL_UNCERTAINTY_ASSIGNED_CONTEXT ( ( #3681 ) ) GLOBAL_UNIT_ASSIGNED_CONTEXT ( ( #2013, #1120, #442 ) ) REPRESENTATION_CONTEXT ( 'NONE', 'WORKASPACE' ) );
#1969 = CARTESIAN_POINT ( 'NONE',  ( 5.422019422587969628E-16, 0.4500000000000000111, 0.05000000000000000278 ) ) ;
#1970 = UNCERTAINTY_MEASURE_WITH_UNIT (LENGTH_MEASURE( 1.000000000000000082E-05 ), #3650, 'distance_accuracy_value', 'NONE');
#1971 = PRESENTATION_LAYER_ASSIGNMENT (  '', '', ( #80 ) ) ;
#1972 = DIRECTION ( 'NONE',  ( 1.000000000000000000, 0.0000000000000000000, 0.0000000000000000000 ) ) ;
#1973 = DIRECTION ( 'NONE',  ( 1.000000000000000000, 0.0000000000000000000, -0.0000000000000000000 ) ) ;
#1974 = ADVANCED_FACE ( 'NONE', ( #650 ), #1241, .T. ) ;
#1975 = VECTOR ( 'NONE', #2491, 1000.000000000000000 ) ;
#1976 = CARTESIAN_POINT ( 'NONE',  ( 0.1500000000000000500, -0.5000000000000000000, 0.0000000000000000000 ) ) ;
#1977 = DIRECTION ( 'NONE',  ( 1.000000000000000000, 0.0000000000000000000, 0.0000000000000000000 ) ) ;
#1978 = CONTEXT_DEPENDENT_SHAPE_REPRESENTATION ( #687, #675 ) ;
#1979 = EDGE_LOOP ( 'NONE', ( #1085, #1159, #651, #1664 ) ) ;
#1980 = DIRECTION ( 'NONE',  ( 0.0000000000000000000, 0.0000000000000000000, 1.000000000000000000 ) ) ;
#1981 = CIRCLE ( 'NONE', #1214, 0.1000000000000000056 ) ;
#1982 = CARTESIAN_POINT ( 'NONE',  ( 1.600000000000000089, 0.5000000000000000000, 0.05000000000000000278 ) ) ;
#1983 = PRESENTATION_LAYER_ASSIGNMENT (  '', '', ( #3209 ) ) ;
#1984 = ORIENTED_EDGE ( 'NONE', *, *, #3562, .T. ) ;
#1985 = SURFACE_SIDE_STYLE ('',( #2301 ) ) ;
#1986 = CARTESIAN_POINT ( 'NONE',  ( 0.09997942516867090734, 0.7974722671958027753, 0.01370172025296035462 ) ) ;
#1987 = FILL_AREA_STYLE ('',( #796 ) ) ;
#1988 = ORIENTED_EDGE ( 'NONE', *, *, #1000, .F. ) ;
#1989 = DIRECTION ( 'NONE',  ( 0.0000000000000000000, 0.0000000000000000000, 1.000000000000000000 ) ) ;
#1990 =( NAMED_UNIT ( * ) PLANE_ANGLE_UNIT ( ) SI_UNIT ( $, .RADIAN. ) );
#1991 = COLOUR_RGB ( '',0.7921568627450980005, 0.8196078431372548767, 0.9333333333333333481 ) ;
#1992 = CARTESIAN_POINT ( 'NONE',  ( -0.1499999999999999944, 0.7750000000000000222, 0.2000000000000000389 ) ) ;
#1993 = CARTESIAN_POINT ( 'NONE',  ( -0.1000031161009223846, 0.7995174496488293148, 0.01936838395980692434 ) ) ;
#1994 = DIRECTION ( 'NONE',  ( 0.0000000000000000000, 0.0000000000000000000, 1.000000000000000000 ) ) ;
#1995 = PLANE ( 'NONE',  #2690 ) ;
#1996 = ORIENTED_EDGE ( 'NONE', *, *, #3353, .F. ) ;
#1997 = EDGE_CURVE ( 'NONE', #1919, #246, #1295, .T. ) ;
#1998 = FILL_AREA_STYLE_COLOUR ( '', #2445 ) ;
#1999 = SURFACE_STYLE_USAGE ( .BOTH. , #183 ) ;
#2000 = VERTEX_POINT ( 'NONE', #2173 ) ;
#2001 = FACE_OUTER_BOUND ( 'NONE', #2544, .T. ) ;
#2002 = CARTESIAN_POINT ( 'NONE',  ( 0.1000008652692899042, 0.7997526465136034490, 0.02095409088292119609 ) ) ;
#2003 = ORIENTED_EDGE ( 'NONE', *, *, #1200, .F. ) ;
#2004 = CARTESIAN_POINT ( 'NONE',  ( -0.1499999999999999944, -3.608224830031760334E-15, 0.0000000000000000000 ) ) ;
#2005 =( LENGTH_UNIT ( ) NAMED_UNIT ( * ) SI_UNIT ( .MILLI., .METRE. ) );
#2006 = FACE_OUTER_BOUND ( 'NONE', #3444, .T. ) ;
#2007 = CARTESIAN_POINT ( 'NONE',  ( -1.273937552670470175E-16, -0.7750000000000000222, 0.2000000000000000111 ) ) ;
#2008 = FILL_AREA_STYLE ('',( #900 ) ) ;
#2009 =( GEOMETRIC_REPRESENTATION_CONTEXT ( 3 ) GLOBAL_UNCERTAINTY_ASSIGNED_CONTEXT ( ( #761 ) ) GLOBAL_UNIT_ASSIGNED_CONTEXT ( ( #1289, #1845, #2221 ) ) REPRESENTATION_CONTEXT ( 'NONE', 'WORKASPACE' ) );
#2010 = PRODUCT_DEFINITION_SHAPE ( 'NONE', 'NONE',  #3857 ) ;
#2011 = LINE ( 'NONE', #3463, #1046 ) ;
#2012 = STYLED_ITEM ( 'NONE', ( #3288 ), #292 ) ;
#2013 =( LENGTH_UNIT ( ) NAMED_UNIT ( * ) SI_UNIT ( .MILLI., .METRE. ) );
#2014 = DIRECTION ( 'NONE',  ( 1.000000000000000000, -3.139641946841839978E-18, -6.938893903907229918E-18 ) ) ;
#2015 = FILL_AREA_STYLE_COLOUR ( '', #3816 ) ;
#2016 = ORIENTED_EDGE ( 'NONE', *, *, #1774, .F. ) ;
#2017 = STYLED_ITEM ( 'NONE', ( #1128 ), #568 ) ;
#2018 = ADVANCED_FACE ( 'NONE', ( #3361 ), #1023, .T. ) ;
#2019 = CARTESIAN_POINT ( 'NONE',  ( 1.649999999999999911, -0.4499999999999999556, 0.1792893218813451650 ) ) ;
#2020 = CARTESIAN_POINT ( 'NONE',  ( 0.1000000000016943863, -0.8000000000004322542, 0.1770156642923218782 ) ) ;
#2021 = FILL_AREA_STYLE_COLOUR ( '', #2144 ) ;
#2022 = PRESENTATION_LAYER_ASSIGNMENT (  '', '', ( #1373 ) ) ;
#2023 = ADVANCED_FACE ( 'NONE', ( #3501 ), #1995, .T. ) ;
#2024 = AXIS2_PLACEMENT_3D ( 'NONE', #109, #2136, #1860 ) ;
#2025 = AXIS2_PLACEMENT_3D ( 'NONE', #122, #1027, #1047 ) ;
#2026 = CARTESIAN_POINT ( 'NONE',  ( -1.600000000000000089, 0.5000000000000000000, 0.0000000000000000000 ) ) ;
#2027 = COLOUR_RGB ( '',0.8196078431372548767, 0.8196078431372548767, 0.8196078431372548767 ) ;
#2028 = FACE_OUTER_BOUND ( 'NONE', #3002, .T. ) ;
#2029 = MECHANICAL_DESIGN_GEOMETRIC_PRESENTATION_REPRESENTATION (  '', ( #1710 ), #1834 ) ;
#2030 = DIRECTION ( 'NONE',  ( 0.0000000000000000000, 0.0000000000000000000, 1.000000000000000000 ) ) ;
#2031 = PRESENTATION_STYLE_ASSIGNMENT (( #2322 ) ) ;
#2032 = CARTESIAN_POINT ( 'NONE',  ( 0.03333333333333350634, 0.5000000000000009992, 0.0000000000000000000 ) ) ;
#2033 = VECTOR ( 'NONE', #1457, 1000.000000000000000 ) ;
#2034 = CARTESIAN_POINT ( 'NONE',  ( 0.09999999999999989453, 0.7750000000000001332, 0.02500000000000000139 ) ) ;
#2035 = ORIENTED_EDGE ( 'NONE', *, *, #1154, .F. ) ;
#2036 = AXIS2_PLACEMENT_3D ( 'NONE', #1334, #3185, #3747 ) ;
#2037 = CARTESIAN_POINT ( 'NONE',  ( -0.1000000000000000056, 0.8000000000000000444, 0.1750000000000000167 ) ) ;
#2038 = PRESENTATION_STYLE_ASSIGNMENT (( #2179 ) ) ;
#2039 = PRODUCT_DEFINITION ( 'UNKNOWN', '', #365, #1408 ) ;
#2040 = SURFACE_SIDE_STYLE ('',( #1378 ) ) ;
#2041 = VERTEX_POINT ( 'NONE', #1310 ) ;
#2042 = FILL_AREA_STYLE_COLOUR ( '', #1817 ) ;
#2043 = VECTOR ( 'NONE', #691, 1000.000000000000000 ) ;
#2044 = CARTESIAN_POINT ( 'NONE',  ( 0.2300000000000000100, 0.5000000000000009992, 0.5000000000000000000 ) ) ;
#2045 = DIRECTION ( 'NONE',  ( 0.0000000000000000000, 0.0000000000000000000, 1.000000000000000000 ) ) ;
#2046 = COLOUR_RGB ( '',0.7921568627450980005, 0.8196078431372548767, 0.9333333333333333481 ) ;
#2047 = UNCERTAINTY_MEASURE_WITH_UNIT (LENGTH_MEASURE( 1.000000000000000082E-05 ), #3416, 'distance_accuracy_value', 'NONE');
#2048 = LINE ( 'NONE', #3222, #1374 ) ;
#2049 = FACE_OUTER_BOUND ( 'NONE', #2955, .T. ) ;
#2050 = LINE ( 'NONE', #924, #1656 ) ;
#2051 = PLANE ( 'NONE',  #1148 ) ;
#2052 = CARTESIAN_POINT ( 'NONE',  ( -0.6500000000000020206, -9.714451465470119729E-16, -0.05000000000000019706 ) ) ;
#2053 =( NAMED_UNIT ( * ) SI_UNIT ( $, .STERADIAN. ) SOLID_ANGLE_UNIT ( ) );
#2054 = VERTEX_POINT ( 'NONE', #1097 ) ;
#2055 = UNCERTAINTY_MEASURE_WITH_UNIT (LENGTH_MEASURE( 1.000000000000000082E-05 ), #2716, 'distance_accuracy_value', 'NONE');
#2056 = CARTESIAN_POINT ( 'NONE',  ( -0.1000000000000000056, 0.8000000000000000444, 0.0000000000000000000 ) ) ;
#2057 = CARTESIAN_POINT ( 'NONE',  ( 0.09974641517981203132, -0.7925596367727878455, 0.1930048225781045013 ) ) ;
#2058 = SURFACE_SIDE_STYLE ('',( #871 ) ) ;
#2059 = VERTEX_POINT ( 'NONE', #3184 ) ;
#2060 =( LENGTH_UNIT ( ) NAMED_UNIT ( * ) SI_UNIT ( .MILLI., .METRE. ) );
#2061 = CARTESIAN_POINT ( 'NONE',  ( -0.1499999999999999944, 0.7999999999999999334, 0.02500000000000000139 ) ) ;
#2062 = ORIENTED_EDGE ( 'NONE', *, *, #692, .T. ) ;
#2063 = EDGE_CURVE ( 'NONE', #1333, #2000, #1390, .T. ) ;
#2064 = FILL_AREA_STYLE ('',( #280 ) ) ;
#2065 = LINE ( 'NONE', #3239, #3124 ) ;
#2066 = CARTESIAN_POINT ( 'NONE',  ( 0.1499999999999999944, -0.7999999999999999334, 0.02500000000000000486 ) ) ;
#2067 = ADVANCED_FACE ( 'NONE', ( #465 ), #437, .T. ) ;
#2068 =( GEOMETRIC_REPRESENTATION_CONTEXT ( 3 ) GLOBAL_UNCERTAINTY_ASSIGNED_CONTEXT ( ( #2857 ) ) GLOBAL_UNIT_ASSIGNED_CONTEXT ( ( #1327, #2794, #666 ) ) REPRESENTATION_CONTEXT ( 'NONE', 'WORKASPACE' ) );
#2069 = FACE_OUTER_BOUND ( 'NONE', #643, .T. ) ;
#2070 = FILL_AREA_STYLE ('',( #3783 ) ) ;
#2071 = ORIENTED_EDGE ( 'NONE', *, *, #3027, .T. ) ;
#2072 = DIRECTION ( 'NONE',  ( 6.505213034913059884E-17, -1.000000000000000000, 0.0000000000000000000 ) ) ;
#2073 = SURFACE_SIDE_STYLE ('',( #3275 ) ) ;
#2074 = CARTESIAN_POINT ( 'NONE',  ( 0.09900636079140953671, -0.7856908952531153068, 0.1977663925876767537 ) ) ;
#2075 = DIRECTION ( 'NONE',  ( -1.000000000000000000, -0.0000000000000000000, -0.0000000000000000000 ) ) ;
#2076 =( GEOMETRIC_REPRESENTATION_CONTEXT ( 3 ) GLOBAL_UNCERTAINTY_ASSIGNED_CONTEXT ( ( #1113 ) ) GLOBAL_UNIT_ASSIGNED_CONTEXT ( ( #2608, #1703, #1067 ) ) REPRESENTATION_CONTEXT ( 'NONE', 'WORKASPACE' ) );
#2077 = ORIENTED_EDGE ( 'NONE', *, *, #788, .T. ) ;
#2078 = LINE ( 'NONE', #1163, #2033 ) ;
#2079 = FACE_OUTER_BOUND ( 'NONE', #17, .T. ) ;
#2080 = UNCERTAINTY_MEASURE_WITH_UNIT (LENGTH_MEASURE( 1.000000000000000082E-05 ), #944, 'distance_accuracy_value', 'NONE');
#2081 = VECTOR ( 'NONE', #2247, 1000.000000000000000 ) ;
#2082 =( NAMED_UNIT ( * ) PLANE_ANGLE_UNIT ( ) SI_UNIT ( $, .RADIAN. ) );
#2083 = EDGE_CURVE ( 'NONE', #2041, #487, #2228, .T. ) ;
#2084 = CARTESIAN_POINT ( 'NONE',  ( -0.09731840647930146970, -0.7769125675736880954, 0.2000000000000209666 ) ) ;
#2085 = AXIS2_PLACEMENT_3D ( 'NONE', #3531, #1197, #1181 ) ;
#2086 = UNCERTAINTY_MEASURE_WITH_UNIT (LENGTH_MEASURE( 1.000000000000000082E-05 ), #3767, 'distance_accuracy_value', 'NONE');
#2087 = AXIS2_PLACEMENT_3D ( 'NONE', #3526, #215, #603 ) ;
#2088 = SURFACE_STYLE_USAGE ( .BOTH. , #3554 ) ;
#2089 =( NAMED_UNIT ( * ) PLANE_ANGLE_UNIT ( ) SI_UNIT ( $, .RADIAN. ) );
#2090 = EDGE_CURVE ( 'NONE', #851, #3517, #845, .T. ) ;
#2091 = CARTESIAN_POINT ( 'NONE',  ( -0.1299999999999999767, -0.7999999999999999334, 0.0000000000000000000 ) ) ;
#2092 = VERTEX_POINT ( 'NONE', #860 ) ;
#2093 = DIRECTION ( 'NONE',  ( 1.000000000000000000, 0.0000000000000000000, 0.0000000000000000000 ) ) ;
#2094 = DIRECTION ( 'NONE',  ( 0.0000000000000000000, -1.000000000000000000, 0.0000000000000000000 ) ) ;
#2095 = DIRECTION ( 'NONE',  ( -0.0000000000000000000, -0.0000000000000000000, -1.000000000000000000 ) ) ;
#2096 = AXIS2_PLACEMENT_3D ( 'NONE', #1076, #1980, #1391 ) ;
#2097 = CARTESIAN_POINT ( 'NONE',  ( -8.673617379884040402E-17, 0.8000000000000000444, 0.1750000000000000167 ) ) ;
#2098 = ORIENTED_EDGE ( 'NONE', *, *, #3200, .T. ) ;
#2099 = CARTESIAN_POINT ( 'NONE',  ( 1.650000000000000133, 0.4792893218813452649, 0.03284271247461901383 ) ) ;
#2100 = COLOUR_RGB ( '',0.0000000000000000000, 0.0000000000000000000, 0.0000000000000000000 ) ;
#2101 = DIRECTION ( 'NONE',  ( -1.000000000000000000, -0.0000000000000000000, -0.0000000000000000000 ) ) ;
#2102 = ORIENTED_EDGE ( 'NONE', *, *, #3403, .F. ) ;
#2103 = DIRECTION ( 'NONE',  ( -1.804112415015880009E-14, 1.000000000000000000, 0.0000000000000000000 ) ) ;
#2104 = CARTESIAN_POINT ( 'NONE',  ( -1.649999999999999911, -0.4671572875253808821, 0.02071067811865474201 ) ) ;
#2105 = FILL_AREA_STYLE ('',( #3663 ) ) ;
#2106 = DIRECTION ( 'NONE',  ( 1.000000000000000000, 0.0000000000000000000, 0.0000000000000000000 ) ) ;
#2107 = PRESENTATION_LAYER_ASSIGNMENT (  '', '', ( #3781 ) ) ;
#2108 = SURFACE_STYLE_FILL_AREA ( #926 ) ;
#2109 = APPLICATION_PROTOCOL_DEFINITION ( 'draft international standard', 'automotive_design', 1998, #1742 ) ;
#2110 = ORIENTED_EDGE ( 'NONE', *, *, #346, .T. ) ;
#2111 = LINE ( 'NONE', #10, #1846 ) ;
#2112 = ADVANCED_FACE ( 'NONE', ( #2049 ), #880, .T. ) ;
#2113 = PRESENTATION_STYLE_ASSIGNMENT (( #2407 ) ) ;
#2114 = CARTESIAN_POINT ( 'NONE',  ( 5.292923722050170360E-16, 0.0000000000000000000, 0.2000000000000000111 ) ) ;
#2115 = ORIENTED_EDGE ( 'NONE', *, *, #2335, .T. ) ;
#2116 =( NAMED_UNIT ( * ) PLANE_ANGLE_UNIT ( ) SI_UNIT ( $, .RADIAN. ) );
#2117 = ADVANCED_FACE ( 'NONE', ( #2599 ), #2916, .T. ) ;
#2118 = VERTEX_POINT ( 'NONE', #2066 ) ;
#2119 = UNCERTAINTY_MEASURE_WITH_UNIT (LENGTH_MEASURE( 1.000000000000000082E-05 ), #759, 'distance_accuracy_value', 'NONE');
#2120 =( NAMED_UNIT ( * ) SI_UNIT ( $, .STERADIAN. ) SOLID_ANGLE_UNIT ( ) );
#2121 = CARTESIAN_POINT ( 'NONE',  ( -1.649999999999999911, -0.4499999999999999556, 0.04999999999999998890 ) ) ;
#2122 =( LENGTH_UNIT ( ) NAMED_UNIT ( * ) SI_UNIT ( .MILLI., .METRE. ) );
#2123 = PRESENTATION_STYLE_ASSIGNMENT (( #946 ) ) ;
#2124 = CARTESIAN_POINT ( 'NONE',  ( 0.2299999999999990108, 0.7999999999999992673, 0.0000000000000000000 ) ) ;
#2125 = APPLICATION_PROTOCOL_DEFINITION ( 'draft international standard', 'automotive_design', 1998, #877 ) ;
#2126 = DIRECTION ( 'NONE',  ( -1.000000000000000000, -0.0000000000000000000, -0.0000000000000000000 ) ) ;
#2127 = EDGE_LOOP ( 'NONE', ( #895, #2548, #3842, #2284, #1104, #2801, #3094, #3258 ) ) ;
#2128 = DIRECTION ( 'NONE',  ( 1.000000000000000000, 0.0000000000000000000, 0.0000000000000000000 ) ) ;
#2129 = CYLINDRICAL_SURFACE ( 'NONE', #1402, 0.01999999999999999695 ) ;
#2130 = LINE ( 'NONE', #3310, #1668 ) ;
#2131 = EDGE_LOOP ( 'NONE', ( #2414, #572, #3158, #658 ) ) ;
#2132 = EDGE_CURVE ( 'NONE', #2430, #2847, #1387, .T. ) ;
#2133 = COLOUR_RGB ( '',0.6235294117647058876, 0.6235294117647058876, 0.6235294117647058876 ) ;
#2134 = FILL_AREA_STYLE_COLOUR ( '', #2556 ) ;
#2135 = CARTESIAN_POINT ( 'NONE',  ( -0.09997942516867090734, 0.7974722671958027753, 0.1862982797470396357 ) ) ;
#2136 = DIRECTION ( 'NONE',  ( 0.0000000000000000000, 0.0000000000000000000, 1.000000000000000000 ) ) ;
#2137 = ORIENTED_EDGE ( 'NONE', *, *, #3004, .T. ) ;
#2138 = CYLINDRICAL_SURFACE ( 'NONE', #850, 0.02500000000000000833 ) ;
#2139 = EDGE_CURVE ( 'NONE', #1466, #2539, #1096, .T. ) ;
#2140 = FILL_AREA_STYLE_COLOUR ( '', #1756 ) ;
#2141 = MECHANICAL_DESIGN_GEOMETRIC_PRESENTATION_REPRESENTATION (  '', ( #2313 ), #2618 ) ;
#2142 = AXIS2_PLACEMENT_3D ( 'NONE', #1166, #2103, #2632 ) ;
#2143 = DIRECTION ( 'NONE',  ( 0.0000000000000000000, 0.0000000000000000000, 1.000000000000000000 ) ) ;
#2144 = COLOUR_RGB ( '',0.8196078431372548767, 0.8196078431372548767, 0.8196078431372548767 ) ;
#2145 = VECTOR ( 'NONE', #3042, 1000.000000000000000 ) ;
#2146 = CARTESIAN_POINT ( 'NONE',  ( 1.600000000000000089, 0.5000000000000000000, 0.1499999999999999944 ) ) ;
#2147 =( LENGTH_UNIT ( ) NAMED_UNIT ( * ) SI_UNIT ( .MILLI., .METRE. ) );
#2148 = CARTESIAN_POINT ( 'NONE',  ( 0.09999999999999989453, -0.7750000000000000222, 0.02499999999999995628 ) ) ;
#2149 = STYLED_ITEM ( 'NONE', ( #241 ), #1179 ) ;
#2150 = ORIENTED_EDGE ( 'NONE', *, *, #623, .T. ) ;
#2151 =( GEOMETRIC_REPRESENTATION_CONTEXT ( 3 ) GLOBAL_UNCERTAINTY_ASSIGNED_CONTEXT ( ( #3677 ) ) GLOBAL_UNIT_ASSIGNED_CONTEXT ( ( #2244, #1059, #2859 ) ) REPRESENTATION_CONTEXT ( 'NONE', 'WORKASPACE' ) );
#2152 =( NAMED_UNIT ( * ) PLANE_ANGLE_UNIT ( ) SI_UNIT ( $, .RADIAN. ) );
#2153 = DIRECTION ( 'NONE',  ( 1.000000000000000000, 0.0000000000000000000, -0.0000000000000000000 ) ) ;
#2154 = DIRECTION ( 'NONE',  ( 0.0000000000000000000, 0.0000000000000000000, 1.000000000000000000 ) ) ;
#2155 = ORIENTED_EDGE ( 'NONE', *, *, #2478, .T. ) ;
#2156 = VECTOR ( 'NONE', #1973, 1000.000000000000000 ) ;
#2157 = CYLINDRICAL_SURFACE ( 'NONE', #321, 0.05000000000000000971 ) ;
#2158 = CARTESIAN_POINT ( 'NONE',  ( -0.09900636079140953671, 0.7856908952531153068, 0.1977663925876767537 ) ) ;
#2159 = FACE_OUTER_BOUND ( 'NONE', #2676, .T. ) ;
#2160 = CARTESIAN_POINT ( 'NONE',  ( 0.2500000000000000000, -0.5199999999999999067, 0.5000000000000000000 ) ) ;
#2161 = DIRECTION ( 'NONE',  ( -0.0000000000000000000, -0.0000000000000000000, -1.000000000000000000 ) ) ;
#2162 = AXIS2_PLACEMENT_3D ( 'NONE', #3838, #1173, #931 ) ;
#2163 = COLOUR_RGB ( '',0.0000000000000000000, 0.0000000000000000000, 0.0000000000000000000 ) ;
#2164 =( NAMED_UNIT ( * ) PLANE_ANGLE_UNIT ( ) SI_UNIT ( $, .RADIAN. ) );
#2165 = PRESENTATION_STYLE_ASSIGNMENT (( #1248 ) ) ;
#2166 = CARTESIAN_POINT ( 'NONE',  ( 0.1499999999999999944, -0.7750000000000000222, 0.02500000000000000139 ) ) ;
#2167 = AXIS2_PLACEMENT_3D ( 'NONE', #1684, #3437, #2855 ) ;
#2168 = EDGE_CURVE ( 'NONE', #3561, #1778, #923, .T. ) ;
#2169 = DIRECTION ( 'NONE',  ( 0.0000000000000000000, 0.0000000000000000000, 1.000000000000000000 ) ) ;
#2170 = LINE ( 'NONE', #2442, #3195 ) ;
#2171 = PRODUCT_CONTEXT ( 'NONE', #472, 'mechanical' ) ;
#2172 = VECTOR ( 'NONE', #1156, 1000.000000000000000 ) ;
#2173 = CARTESIAN_POINT ( 'NONE',  ( 0.09682458365518539778, 0.7750000000000000222, 0.2000000000000000111 ) ) ;
#2174 = ORIENTED_EDGE ( 'NONE', *, *, #1702, .T. ) ;
#2175 =( NAMED_UNIT ( * ) SI_UNIT ( $, .STERADIAN. ) SOLID_ANGLE_UNIT ( ) );
#2176 = PRESENTATION_STYLE_ASSIGNMENT (( #635 ) ) ;
#2177 = DIRECTION ( 'NONE',  ( 0.0000000000000000000, 0.0000000000000000000, -1.000000000000000000 ) ) ;
#2178 = VERTEX_POINT ( 'NONE', #2611 ) ;
#2179 = SURFACE_STYLE_USAGE ( .BOTH. , #245 ) ;
#2180 = SURFACE_SIDE_STYLE ('',( #34 ) ) ;
#2181 = SURFACE_SIDE_STYLE ('',( #2216 ) ) ;
#2182 =( NAMED_UNIT ( * ) PLANE_ANGLE_UNIT ( ) SI_UNIT ( $, .RADIAN. ) );
#2183 = DIRECTION ( 'NONE',  ( 1.000000000000000000, 0.0000000000000000000, 0.0000000000000000000 ) ) ;
#2184 = CYLINDRICAL_SURFACE ( 'NONE', #2370, 0.02500000000000000833 ) ;
#2185 = SURFACE_STYLE_FILL_AREA ( #3640 ) ;
#2186 =( LENGTH_UNIT ( ) NAMED_UNIT ( * ) SI_UNIT ( .MILLI., .METRE. ) );
#2187 = ADVANCED_FACE ( 'NONE', ( #2635 ), #1644, .T. ) ;
#2188 = CARTESIAN_POINT ( 'NONE',  ( 0.2500000000000000000, -0.5199999999999999067, 0.0000000000000000000 ) ) ;
#2189 = CARTESIAN_POINT ( 'NONE',  ( 0.07499999999999990008, 0.8000000000000000444, 0.01035533905932746815 ) ) ;
#2190 = ORIENTED_EDGE ( 'NONE', *, *, #1215, .F. ) ;
#2191 = PRESENTATION_STYLE_ASSIGNMENT (( #353 ) ) ;
#2192 = EDGE_CURVE ( 'NONE', #9, #1816, #707, .T. ) ;
#2193 = DIRECTION ( 'NONE',  ( 0.0000000000000000000, 0.0000000000000000000, 1.000000000000000000 ) ) ;
#2194 = DIRECTION ( 'NONE',  ( 0.0000000000000000000, 1.000000000000000000, 0.0000000000000000000 ) ) ;
#2195 = ORIENTED_EDGE ( 'NONE', *, *, #902, .F. ) ;
#2196 = PRODUCT_DEFINITION_SHAPE ( 'NONE', 'NONE',  #1569 ) ;
#2197 = CARTESIAN_POINT ( 'NONE',  ( -1.650000000000000133, 0.4792893218813452649, 0.03284271247461901383 ) ) ;
#2198 = CARTESIAN_POINT ( 'NONE',  ( -1.649999999999999911, -0.4792893218813452094, 0.1499999999999999944 ) ) ;
#2199 = DIRECTION ( 'NONE',  ( 1.000000000000000000, 0.0000000000000000000, -0.0000000000000000000 ) ) ;
#2200 = UNCERTAINTY_MEASURE_WITH_UNIT (LENGTH_MEASURE( 1.000000000000000082E-05 ), #2584, 'distance_accuracy_value', 'NONE');
#2201 = DIRECTION ( 'NONE',  ( 0.0000000000000000000, 0.0000000000000000000, 1.000000000000000000 ) ) ;
#2202 =( GEOMETRIC_REPRESENTATION_CONTEXT ( 3 ) GLOBAL_UNCERTAINTY_ASSIGNED_CONTEXT ( ( #1369 ) ) GLOBAL_UNIT_ASSIGNED_CONTEXT ( ( #2656, #609, #260 ) ) REPRESENTATION_CONTEXT ( 'NONE', 'WORKASPACE' ) );
#2203 = FILL_AREA_STYLE_COLOUR ( '', #1341 ) ;
#2204 = PRESENTATION_LAYER_ASSIGNMENT (  '', '', ( #455 ) ) ;
#2205 = CARTESIAN_POINT ( 'NONE',  ( 1.649999999999999911, 0.4792893218813452649, 0.1671572875253809487 ) ) ;
#2206 = SURFACE_SIDE_STYLE ('',( #1610 ) ) ;
#2207 = ORIENTED_EDGE ( 'NONE', *, *, #3409, .F. ) ;
#2208 = CIRCLE ( 'NONE', #2024, 0.01999999999999999695 ) ;
#2209 = STYLED_ITEM ( 'NONE', ( #3039 ), #1649 ) ;
#2210 = MECHANICAL_DESIGN_GEOMETRIC_PRESENTATION_REPRESENTATION (  '', ( #1895 ), #1968 ) ;
#2211 = DIRECTION ( 'NONE',  ( 0.0000000000000000000, 1.000000000000000000, -0.0000000000000000000 ) ) ;
#2212 = SURFACE_STYLE_FILL_AREA ( #3405 ) ;
#2213 = LINE ( 'NONE', #2472, #1706 ) ;
#2214 = ORIENTED_EDGE ( 'NONE', *, *, #1022, .T. ) ;
#2215 = COLOUR_RGB ( '',0.8196078431372548767, 0.8196078431372548767, 0.8196078431372548767 ) ;
#2216 = SURFACE_STYLE_FILL_AREA ( #700 ) ;
#2217 = VECTOR ( 'NONE', #255, 1000.000000000000000 ) ;
#2218 = CARTESIAN_POINT ( 'NONE',  ( 0.2500000000000000000, 0.7799999999999990274, 0.5000000000000000000 ) ) ;
#2219 = ORIENTED_EDGE ( 'NONE', *, *, #3268, .T. ) ;
#2220 = CARTESIAN_POINT ( 'NONE',  ( -0.09932652750762149818, -0.7882058961676146058, 0.003590561807831365530 ) ) ;
#2221 =( NAMED_UNIT ( * ) SI_UNIT ( $, .STERADIAN. ) SOLID_ANGLE_UNIT ( ) );
#2222 = AXIS2_PLACEMENT_3D ( 'NONE', #3000, #2431, #3656 ) ;
#2223 = LINE ( 'NONE', #689, #329 ) ;
#2224 = STYLED_ITEM ( 'NONE', ( #3432 ), #2683 ) ;
#2225 = FILL_AREA_STYLE_COLOUR ( '', #3822 ) ;
#2226 = MECHANICAL_DESIGN_GEOMETRIC_PRESENTATION_REPRESENTATION (  '', ( #2283 ), #2586 ) ;
#2227 = DIRECTION ( 'NONE',  ( -1.000000000000000000, 0.0000000000000000000, 0.0000000000000000000 ) ) ;
#2228 = LINE ( 'NONE', #2818, #2509 ) ;
#2229 = ORIENTED_EDGE ( 'NONE', *, *, #2663, .T. ) ;
#2230 =( BOUNDED_SURFACE ( )  B_SPLINE_SURFACE ( 3, 3, ( 
 ( #827, #1634, #771, #206 ),
 ( #2019, #3196, #1082, #2830 ),
 ( #511, #3139, #149, #3471 ),
 ( #3174, #3769, #2908, #1101 ) ),
 .UNSPECIFIED., .F., .F., .F. ) 
 B_SPLINE_SURFACE_WITH_KNOTS ( ( 4, 4 ),
 ( 4, 4 ),
 ( 0.0000000000000000000, 1.000000000000000000 ),
 ( 0.0000000000000000000, 1.000000000000000000 ),
 .UNSPECIFIED. ) 
 GEOMETRIC_REPRESENTATION_ITEM ( )  RATIONAL_B_SPLINE_SURFACE ( (
 ( 1.000000000000000000, 0.8047378541243649375, 0.8047378541243649375, 1.000000000000000000),
 ( 0.8047378541243650485, 0.6476030138606877484, 0.6476030138606877484, 0.8047378541243650485),
 ( 0.8047378541243650485, 0.6476030138606877484, 0.6476030138606877484, 0.8047378541243650485),
 ( 1.000000000000000000, 0.8047378541243649375, 0.8047378541243649375, 1.000000000000000000) ) ) 
 REPRESENTATION_ITEM ( '' )  SURFACE ( )  );
#2231 = STYLED_ITEM ( 'NONE', ( #1661 ), #3449 ) ;
#2232 =( GEOMETRIC_REPRESENTATION_CONTEXT ( 3 ) GLOBAL_UNCERTAINTY_ASSIGNED_CONTEXT ( ( #1934 ) ) GLOBAL_UNIT_ASSIGNED_CONTEXT ( ( #2717, #3072, #2784 ) ) REPRESENTATION_CONTEXT ( 'NONE', 'WORKASPACE' ) );
#2233 = ORIENTED_EDGE ( 'NONE', *, *, #1749, .F. ) ;
#2234 = DIRECTION ( 'NONE',  ( -0.0000000000000000000, -0.0000000000000000000, -1.000000000000000000 ) ) ;
#2235 = CARTESIAN_POINT ( 'NONE',  ( 0.09682458365518539778, 0.7750000000000000222, -1.185846126156011423E-18 ) ) ;
#2236 = ORIENTED_EDGE ( 'NONE', *, *, #1131, .T. ) ;
#2237 = SURFACE_STYLE_USAGE ( .BOTH. , #1054 ) ;
#2238 = CARTESIAN_POINT ( 'NONE',  ( -0.06250000000000009714, -0.7750000000000000222, 0.1750000000000000167 ) ) ;
#2239 = ADVANCED_FACE ( 'NONE', ( #962 ), #1019, .T. ) ;
#2240 = CARTESIAN_POINT ( 'NONE',  ( 0.09775752414749580566, -0.7788536133195917976, 0.0002227100069895574929 ) ) ;
#2241 = CARTESIAN_POINT ( 'NONE',  ( -0.1000000000000000056, 0.7999999999999999334, 0.02500000000000000139 ) ) ;
#2242 = LINE ( 'NONE', #3166, #3806 ) ;
#2243 =( LENGTH_UNIT ( ) NAMED_UNIT ( * ) SI_UNIT ( .MILLI., .METRE. ) );
#2244 =( LENGTH_UNIT ( ) NAMED_UNIT ( * ) SI_UNIT ( .MILLI., .METRE. ) );
#2245 = ORIENTED_EDGE ( 'NONE', *, *, #902, .T. ) ;
#2246 = UNCERTAINTY_MEASURE_WITH_UNIT (LENGTH_MEASURE( 1.000000000000000082E-05 ), #3255, 'distance_accuracy_value', 'NONE');
#2247 = DIRECTION ( 'NONE',  ( -1.000000000000000000, -0.0000000000000000000, -0.0000000000000000000 ) ) ;
#2248 =( LENGTH_UNIT ( ) NAMED_UNIT ( * ) SI_UNIT ( .MILLI., .METRE. ) );
#2249 = ORIENTED_EDGE ( 'NONE', *, *, #1709, .F. ) ;
#2250 = FILL_AREA_STYLE_COLOUR ( '', #3415 ) ;
#2251 = EDGE_CURVE ( 'NONE', #1876, #752, #1216, .T. ) ;
#2252 = FACE_OUTER_BOUND ( 'NONE', #1531, .T. ) ;
#2253 = ORIENTED_EDGE ( 'NONE', *, *, #2478, .F. ) ;
#2254 = DIRECTION ( 'NONE',  ( 0.0000000000000000000, -0.0000000000000000000, -1.000000000000000000 ) ) ;
#2255 = DIRECTION ( 'NONE',  ( -1.000000000000000000, -6.505213034913059884E-17, 0.0000000000000000000 ) ) ;
#2256 = CARTESIAN_POINT ( 'NONE',  ( 0.2300000000000000100, 0.5000000000000009992, 0.0000000000000000000 ) ) ;
#2257 = SURFACE_STYLE_FILL_AREA ( #1385 ) ;
#2258 = DIRECTION ( 'NONE',  ( -0.0000000000000000000, 1.000000000000000000, 0.0000000000000000000 ) ) ;
#2259 = AXIS2_PLACEMENT_3D ( 'NONE', #2550, #2255, #174 ) ;
#2260 = CONTEXT_DEPENDENT_SHAPE_REPRESENTATION ( #1077, #2010 ) ;
#2261 = VERTEX_POINT ( 'NONE', #644 ) ;
#2262 =( GEOMETRIC_REPRESENTATION_CONTEXT ( 3 ) GLOBAL_UNCERTAINTY_ASSIGNED_CONTEXT ( ( #2815 ) ) GLOBAL_UNIT_ASSIGNED_CONTEXT ( ( #1648, #160, #3762 ) ) REPRESENTATION_CONTEXT ( 'NONE', 'WORKASPACE' ) );
#2263 = SURFACE_STYLE_FILL_AREA ( #167 ) ;
#2264 = PRESENTATION_STYLE_ASSIGNMENT (( #1936 ) ) ;
#2265 = PRESENTATION_LAYER_ASSIGNMENT (  '', '', ( #522 ) ) ;
#2266 = EDGE_LOOP ( 'NONE', ( #2819, #3192, #810, #942 ) ) ;
#2267 = STYLED_ITEM ( 'NONE', ( #2394 ), #925 ) ;
#2268 = SURFACE_SIDE_STYLE ('',( #1083 ) ) ;
#2269 = ORIENTED_EDGE ( 'NONE', *, *, #3562, .F. ) ;
#2270 = CARTESIAN_POINT ( 'NONE',  ( 0.0000000000000000000, 0.8000000000000000444, 0.2000000000000000111 ) ) ;
#2271 = COLOUR_RGB ( '',0.0000000000000000000, 0.0000000000000000000, 0.0000000000000000000 ) ;
#2272 = SURFACE_STYLE_FILL_AREA ( #1087 ) ;
#2273 = PRODUCT_DEFINITION ( 'UNKNOWN', '', #3606, #2587 ) ;
#2274 = STYLED_ITEM ( 'NONE', ( #2031 ), #2117 ) ;
#2275 = DIRECTION ( 'NONE',  ( 1.000000000000000000, 0.0000000000000000000, 0.0000000000000000000 ) ) ;
#2276 = AXIS2_PLACEMENT_3D ( 'NONE', #3435, #581, #3181 ) ;
#2277 = EDGE_CURVE ( 'NONE', #2367, #1778, #3025, .T. ) ;
#2278 = DIRECTION ( 'NONE',  ( -0.0000000000000000000, 0.0000000000000000000, -1.000000000000000000 ) ) ;
#2279 = ORIENTED_EDGE ( 'NONE', *, *, #1547, .T. ) ;
#2280 = DIRECTION ( 'NONE',  ( 0.0000000000000000000, 0.0000000000000000000, 1.000000000000000000 ) ) ;
#2281 = VECTOR ( 'NONE', #2072, 1000.000000000000000 ) ;
#2282 = LINE ( 'NONE', #2505, #2081 ) ;
#2283 = STYLED_ITEM ( 'NONE', ( #368 ), #3157 ) ;
#2284 = ORIENTED_EDGE ( 'NONE', *, *, #239, .T. ) ;
#2285 = AXIS2_PLACEMENT_3D ( 'NONE', #760, #2876, #1092 ) ;
#2286 = CARTESIAN_POINT ( 'NONE',  ( 0.0000000000000000000, -0.8000000000000000444, 0.2000000000000000111 ) ) ;
#2287 = SURFACE_STYLE_FILL_AREA ( #1102 ) ;
#2288 = ORIENTED_EDGE ( 'NONE', *, *, #667, .F. ) ;
#2289 = DIRECTION ( 'NONE',  ( 0.0000000000000000000, -1.000000000000000000, 0.0000000000000000000 ) ) ;
#2290 = MECHANICAL_DESIGN_GEOMETRIC_PRESENTATION_REPRESENTATION (  '', ( #3283 ), #621 ) ;
#2291 = LINE ( 'NONE', #3496, #1436 ) ;
#2292 = SURFACE_STYLE_FILL_AREA ( #1625 ) ;
#2293 = EDGE_CURVE ( 'NONE', #1919, #3407, #744, .T. ) ;
#2294 = DIRECTION ( 'NONE',  ( 1.000000000000000000, 0.0000000000000000000, 0.0000000000000000000 ) ) ;
#2295 = DIRECTION ( 'NONE',  ( 1.000000000000000000, -0.0000000000000000000, -0.0000000000000000000 ) ) ;
#2296 = FILL_AREA_STYLE ('',( #1614 ) ) ;
#2297 = DIRECTION ( 'NONE',  ( -1.000000000000000000, -3.546160472599047688E-19, -1.214306433183782321E-15 ) ) ;
#2298 = CARTESIAN_POINT ( 'NONE',  ( -1.600000000000000089, -0.4500000000000000111, 0.05000000000000000278 ) ) ;
#2299 = EDGE_CURVE ( 'NONE', #492, #3110, #23, .T. ) ;
#2300 = ORIENTED_EDGE ( 'NONE', *, *, #1419, .T. ) ;
#2301 = SURFACE_STYLE_FILL_AREA ( #1720 ) ;
#2302 = ORIENTED_EDGE ( 'NONE', *, *, #3843, .T. ) ;
#2303 = CARTESIAN_POINT ( 'NONE',  ( 0.2500000000000000000, -0.7800000000000000266, 0.5000000000000000000 ) ) ;
#2304 = CARTESIAN_POINT ( 'NONE',  ( 0.07499999999999990008, -0.7999999999999999334, 0.1750000000000000167 ) ) ;
#2305 = B_SPLINE_CURVE_WITH_KNOTS ( 'NONE', 3,
 ( #2241, #3148, #1993, #196, #459, #3726, #3454, #1642, #1947, #1927, #2516, #3123, #1071, #2536, #3417, #1386 ),
 .UNSPECIFIED., .F., .F.,
 ( 4, 3, 3, 3, 3, 4 ),
 ( 0.0000000000000000000, 8.389604005521183739E-06, 1.678031143638397747E-05, 2.514879151679472424E-05, 3.342532614329512283E-05, 3.930787751357956984E-05 ),
 .UNSPECIFIED. ) ;
#2306 = VECTOR ( 'NONE', #2808, 1000.000000000000000 ) ;
#2307 = SURFACE_STYLE_USAGE ( .BOTH. , #2562 ) ;
#2308 =( GEOMETRIC_REPRESENTATION_CONTEXT ( 3 ) GLOBAL_UNCERTAINTY_ASSIGNED_CONTEXT ( ( #3497 ) ) GLOBAL_UNIT_ASSIGNED_CONTEXT ( ( #3523, #559, #1210 ) ) REPRESENTATION_CONTEXT ( 'NONE', 'WORKASPACE' ) );
#2309 = DIRECTION ( 'NONE',  ( 1.000000000000000000, 0.0000000000000000000, 0.0000000000000000000 ) ) ;
#2310 = DIRECTION ( 'NONE',  ( -6.938893903907229918E-18, -6.591468140074329765E-17, -1.000000000000000000 ) ) ;
#2311 = ORIENTED_EDGE ( 'NONE', *, *, #2083, .T. ) ;
#2312 = ADVANCED_FACE ( 'NONE', ( #3702 ), #3086, .T. ) ;
#2313 = STYLED_ITEM ( 'NONE', ( #2915 ), #1423 ) ;
#2314 = MECHANICAL_DESIGN_GEOMETRIC_PRESENTATION_REPRESENTATION (  '', ( #11 ), #3191 ) ;
#2315 = DIRECTION ( 'NONE',  ( -0.0000000000000000000, -0.0000000000000000000, -1.000000000000000000 ) ) ;
#2316 = ORIENTED_EDGE ( 'NONE', *, *, #2139, .T. ) ;
#2317 =( GEOMETRIC_REPRESENTATION_CONTEXT ( 3 ) GLOBAL_UNCERTAINTY_ASSIGNED_CONTEXT ( ( #3639 ) ) GLOBAL_UNIT_ASSIGNED_CONTEXT ( ( #3216, #2410, #599 ) ) REPRESENTATION_CONTEXT ( 'NONE', 'WORKASPACE' ) );
#2318 = CIRCLE ( 'NONE', #3580, 0.04999999999999991257 ) ;
#2319 = PRESENTATION_STYLE_ASSIGNMENT (( #3804 ) ) ;
#2320 = FACE_OUTER_BOUND ( 'NONE', #1323, .T. ) ;
#2321 = MECHANICAL_DESIGN_GEOMETRIC_PRESENTATION_REPRESENTATION (  '', ( #1038 ), #1578 ) ;
#2322 = SURFACE_STYLE_USAGE ( .BOTH. , #3565 ) ;
#2323 = CARTESIAN_POINT ( 'NONE',  ( 0.0000000000000000000, 0.0000000000000000000, 0.0000000000000000000 ) ) ;
#2324 = CARTESIAN_POINT ( 'NONE',  ( 0.09931306210615926944, 0.7882989019704067513, 0.1961692986747674561 ) ) ;
#2325 = VERTEX_POINT ( 'NONE', #3451 ) ;
#2326 = COLOUR_RGB ( '',0.8196078431372548767, 0.8196078431372548767, 0.8196078431372548767 ) ;
#2327 = FILL_AREA_STYLE_COLOUR ( '', #35 ) ;
#2328 = FILL_AREA_STYLE ('',( #912 ) ) ;
#2329 = ORIENTED_EDGE ( 'NONE', *, *, #43, .F. ) ;
#2330 = EDGE_CURVE ( 'NONE', #2054, #2178, #1155, .T. ) ;
#2331 = FACE_OUTER_BOUND ( 'NONE', #2336, .T. ) ;
#2332 = AXIS2_PLACEMENT_3D ( 'NONE', #1599, #2789, #978 ) ;
#2333 = CIRCLE ( 'NONE', #863, 0.05000000000000000971 ) ;
#2334 = CYLINDRICAL_SURFACE ( 'NONE', #1029, 0.04999999999999991257 ) ;
#2335 = EDGE_CURVE ( 'NONE', #1236, #1429, #2839, .T. ) ;
#2336 = EDGE_LOOP ( 'NONE', ( #1007, #1209, #2174 ) ) ;
#2337 = UNCERTAINTY_MEASURE_WITH_UNIT (LENGTH_MEASURE( 1.000000000000000082E-05 ), #1006, 'distance_accuracy_value', 'NONE');
#2338 = SURFACE_SIDE_STYLE ('',( #3238 ) ) ;
#2339 = DIRECTION ( 'NONE',  ( 0.0000000000000000000, -1.000000000000000000, -0.0000000000000000000 ) ) ;
#2340 = AXIS2_PLACEMENT_3D ( 'NONE', #3305, #2381, #3032 ) ;
#2341 = SURFACE_STYLE_USAGE ( .BOTH. , #548 ) ;
#2342 = DIRECTION ( 'NONE',  ( 1.000000000000000000, 0.0000000000000000000, 0.0000000000000000000 ) ) ;
#2343 = CARTESIAN_POINT ( 'NONE',  ( -0.09682458365518542553, -0.7750000000000001332, -1.185846126156140845E-18 ) ) ;
#2344 =( LENGTH_UNIT ( ) NAMED_UNIT ( * ) SI_UNIT ( .MILLI., .METRE. ) );
#2345 = SURFACE_STYLE_FILL_AREA ( #3248 ) ;
#2346 = EDGE_LOOP ( 'NONE', ( #786, #2115, #1134, #2302 ) ) ;
#2347 = CARTESIAN_POINT ( 'NONE',  ( 0.07499999999999990008, -0.7750000000000000222, 0.02500000000000000139 ) ) ;
#2348 = UNCERTAINTY_MEASURE_WITH_UNIT (LENGTH_MEASURE( 1.000000000000000082E-05 ), #2991, 'distance_accuracy_value', 'NONE');
#2349 = PLANE ( 'NONE',  #420 ) ;
#2350 = VERTEX_POINT ( 'NONE', #3478 ) ;
#2351 = CARTESIAN_POINT ( 'NONE',  ( 1.600000000000000311, 0.4999999999999999445, 0.02071067811865482874 ) ) ;
#2352 = EDGE_CURVE ( 'NONE', #3295, #246, #602, .T. ) ;
#2353 = FACE_OUTER_BOUND ( 'NONE', #3213, .T. ) ;
#2354 = ORIENTED_EDGE ( 'NONE', *, *, #692, .F. ) ;
#2355 = ADVANCED_FACE ( 'NONE', ( #1367 ), #2553, .T. ) ;
#2356 = SURFACE_SIDE_STYLE ('',( #1731 ) ) ;
#2357 = CARTESIAN_POINT ( 'NONE',  ( -0.09999009131207675649, -0.7985922928562529943, 0.1832706540119142802 ) ) ;
#2358 = PRESENTATION_LAYER_ASSIGNMENT (  '', '', ( #185 ) ) ;
#2359 = CARTESIAN_POINT ( 'NONE',  ( 0.09999999999999990841, 0.0000000000000000000, 0.02500000000000000139 ) ) ;
#2360 = DIRECTION ( 'NONE',  ( 1.000000000000000000, -3.139641946841839978E-18, -6.938893903907229918E-18 ) ) ;
#2361 = ORIENTED_EDGE ( 'NONE', *, *, #3007, .T. ) ;
#2362 = DIRECTION ( 'NONE',  ( -1.000000000000000000, -0.0000000000000000000, -0.0000000000000000000 ) ) ;
#2363 = COLOUR_RGB ( '',0.6235294117647058876, 0.6235294117647058876, 0.6235294117647058876 ) ;
#2364 = LINE ( 'NONE', #3576, #2402 ) ;
#2365 = DIRECTION ( 'NONE',  ( 0.0000000000000000000, 0.0000000000000000000, 1.000000000000000000 ) ) ;
#2366 = AXIS2_PLACEMENT_3D ( 'NONE', #3420, #2227, #747 ) ;
#2367 = VERTEX_POINT ( 'NONE', #3547 ) ;
#2368 = CARTESIAN_POINT ( 'NONE',  ( 1.649999999999999911, 0.4499999999999999556, 0.05000000000000002359 ) ) ;
#2369 = AXIS2_PLACEMENT_3D ( 'NONE', #138, #1977, #3482 ) ;
#2370 = AXIS2_PLACEMENT_3D ( 'NONE', #1303, #1270, #2201 ) ;
#2371 = FACE_OUTER_BOUND ( 'NONE', #721, .T. ) ;
#2372 = ORIENTED_EDGE ( 'NONE', *, *, #508, .F. ) ;
#2373 = UNCERTAINTY_MEASURE_WITH_UNIT (LENGTH_MEASURE( 1.000000000000000082E-05 ), #894, 'distance_accuracy_value', 'NONE');
#2374 = AXIS2_PLACEMENT_3D ( 'NONE', #1298, #2786, #1260 ) ;
#2375 = PRESENTATION_LAYER_ASSIGNMENT (  '', '', ( #3628 ) ) ;
#2376 =( LENGTH_UNIT ( ) NAMED_UNIT ( * ) SI_UNIT ( .MILLI., .METRE. ) );
#2377 =( NAMED_UNIT ( * ) PLANE_ANGLE_UNIT ( ) SI_UNIT ( $, .RADIAN. ) );
#2378 = DIRECTION ( 'NONE',  ( 0.0000000000000000000, -1.000000000000000000, -0.0000000000000000000 ) ) ;
#2379 = EDGE_CURVE ( 'NONE', #129, #3040, #1400, .T. ) ;
#2380 = CARTESIAN_POINT ( 'NONE',  ( 0.09999999999999989453, 0.0000000000000000000, 0.0000000000000000000 ) ) ;
#2381 = DIRECTION ( 'NONE',  ( 0.0000000000000000000, 0.0000000000000000000, 1.000000000000000000 ) ) ;
#2382 = CARTESIAN_POINT ( 'NONE',  ( 0.2300000000000000100, -0.5000000000000000000, 0.5000000000000000000 ) ) ;
#2383 = VERTEX_POINT ( 'NONE', #2061 ) ;
#2384 =( NAMED_UNIT ( * ) SI_UNIT ( $, .STERADIAN. ) SOLID_ANGLE_UNIT ( ) );
#2385 = EDGE_CURVE ( 'NONE', #949, #748, #3262, .T. ) ;
#2386 = MECHANICAL_DESIGN_GEOMETRIC_PRESENTATION_REPRESENTATION (  '', ( #1392 ), #3588 ) ;
#2387 = SURFACE_STYLE_FILL_AREA ( #14 ) ;
#2388 = CARTESIAN_POINT ( 'NONE',  ( 0.09999246658245433683, -0.7986042524228642581, 0.1836888932264651997 ) ) ;
#2389 =( GEOMETRIC_REPRESENTATION_CONTEXT ( 3 ) GLOBAL_UNCERTAINTY_ASSIGNED_CONTEXT ( ( #1365 ) ) GLOBAL_UNIT_ASSIGNED_CONTEXT ( ( #1312, #3669, #2175 ) ) REPRESENTATION_CONTEXT ( 'NONE', 'WORKASPACE' ) );
#2390 = DIRECTION ( 'NONE',  ( 0.0000000000000000000, 0.0000000000000000000, 1.000000000000000000 ) ) ;
#2391 = ORIENTED_EDGE ( 'NONE', *, *, #3518, .T. ) ;
#2392 = DIRECTION ( 'NONE',  ( 0.0000000000000000000, 0.0000000000000000000, 1.000000000000000000 ) ) ;
#2393 = CIRCLE ( 'NONE', #733, 0.02500000000000000486 ) ;
#2394 = PRESENTATION_STYLE_ASSIGNMENT (( #2743 ) ) ;
#2395 = CIRCLE ( 'NONE', #2167, 0.02500000000000001180 ) ;
#2396 =( NAMED_UNIT ( * ) SI_UNIT ( $, .STERADIAN. ) SOLID_ANGLE_UNIT ( ) );
#2397 = VERTEX_POINT ( 'NONE', #1434 ) ;
#2398 = CIRCLE ( 'NONE', #1795, 0.01999999999999999695 ) ;
#2399 = DIRECTION ( 'NONE',  ( 1.000000000000000000, 0.0000000000000000000, 0.0000000000000000000 ) ) ;
#2400 = CARTESIAN_POINT ( 'NONE',  ( -1.629289321881344899, -0.4999999999999998890, 0.02071067811865474201 ) ) ;
#2401 = CARTESIAN_POINT ( 'NONE',  ( -0.1299999999999999767, -0.7999999999999999334, 0.0000000000000000000 ) ) ;
#2402 = VECTOR ( 'NONE', #3559, 1000.000000000000000 ) ;
#2403 = ADVANCED_FACE ( 'NONE', ( #2028 ), #2925, .F. ) ;
#2404 = FACE_OUTER_BOUND ( 'NONE', #1153, .T. ) ;
#2405 =( NAMED_UNIT ( * ) PLANE_ANGLE_UNIT ( ) SI_UNIT ( $, .RADIAN. ) );
#2406 = ORIENTED_EDGE ( 'NONE', *, *, #3568, .T. ) ;
#2407 = SURFACE_STYLE_USAGE ( .BOTH. , #2073 ) ;
#2408 = EDGE_CURVE ( 'NONE', #297, #1611, #2898, .T. ) ;
#2409 = CARTESIAN_POINT ( 'NONE',  ( -0.09682458365518541166, 0.7750000000000001332, -1.861233927124696127E-18 ) ) ;
#2410 =( NAMED_UNIT ( * ) PLANE_ANGLE_UNIT ( ) SI_UNIT ( $, .RADIAN. ) );
#2411 = ORIENTED_EDGE ( 'NONE', *, *, #65, .T. ) ;
#2412 = FACE_OUTER_BOUND ( 'NONE', #1138, .T. ) ;
#2413 =( NAMED_UNIT ( * ) SI_UNIT ( $, .STERADIAN. ) SOLID_ANGLE_UNIT ( ) );
#2414 = ORIENTED_EDGE ( 'NONE', *, *, #2713, .T. ) ;
#2415 = ORIENTED_EDGE ( 'NONE', *, *, #3778, .T. ) ;
#2416 = CARTESIAN_POINT ( 'NONE',  ( 0.07499999999999990008, 0.7896446609406725381, 0.1999999999999999833 ) ) ;
#2417 = CARTESIAN_POINT ( 'NONE',  ( -0.1000000000000000056, 0.8000000000000000444, 0.0000000000000000000 ) ) ;
#2418 = DIRECTION ( 'NONE',  ( 0.0000000000000000000, 0.0000000000000000000, 1.000000000000000000 ) ) ;
#2419 = CARTESIAN_POINT ( 'NONE',  ( -1.649999999999999911, 0.4792893218813452649, 0.1499999999999999944 ) ) ;
#2420 =( NAMED_UNIT ( * ) PLANE_ANGLE_UNIT ( ) SI_UNIT ( $, .RADIAN. ) );
#2421 =( LENGTH_UNIT ( ) NAMED_UNIT ( * ) SI_UNIT ( .MILLI., .METRE. ) );
#2422 = ORIENTED_EDGE ( 'NONE', *, *, #2982, .F. ) ;
#2423 = FILL_AREA_STYLE ('',( #3363 ) ) ;
#2424 = EDGE_CURVE ( 'NONE', #2866, #2847, #2078, .T. ) ;
#2425 = CARTESIAN_POINT ( 'NONE',  ( -0.1499999999999999944, 0.7750000000000000222, 0.0000000000000000000 ) ) ;
#2426 = CARTESIAN_POINT ( 'NONE',  ( 0.07499999999999990008, 0.7750000000000000222, 0.02500000000000000139 ) ) ;
#2427 = ORIENTED_EDGE ( 'NONE', *, *, #623, .F. ) ;
#2428 = AXIS2_PLACEMENT_3D ( 'NONE', #742, #2183, #1922 ) ;
#2429 = CARTESIAN_POINT ( 'NONE',  ( 0.2300000000000000100, -0.5000000000000000000, 0.0000000000000000000 ) ) ;
#2430 = VERTEX_POINT ( 'NONE', #2304 ) ;
#2431 = DIRECTION ( 'NONE',  ( 0.0000000000000000000, 0.0000000000000000000, 1.000000000000000000 ) ) ;
#2432 = FACE_OUTER_BOUND ( 'NONE', #476, .T. ) ;
#2433 = PRESENTATION_LAYER_ASSIGNMENT (  '', '', ( #3453 ) ) ;
#2434 =( BOUNDED_SURFACE ( )  B_SPLINE_SURFACE ( 3, 3, ( 
 ( #1265, #2721, #1551, #2769 ),
 ( #3716, #1859, #392, #429 ),
 ( #3695, #2804, #2197, #1286 ),
 ( #2742, #1618, #724, #3654 ) ),
 .UNSPECIFIED., .F., .F., .F. ) 
 B_SPLINE_SURFACE_WITH_KNOTS ( ( 4, 4 ),
 ( 4, 4 ),
 ( 0.0000000000000000000, 1.000000000000000000 ),
 ( 0.0000000000000000000, 1.000000000000000000 ),
 .UNSPECIFIED. ) 
 GEOMETRIC_REPRESENTATION_ITEM ( )  RATIONAL_B_SPLINE_SURFACE ( (
 ( 1.000000000000000000, 0.8047378541243649375, 0.8047378541243649375, 1.000000000000000000),
 ( 0.8047378541243650485, 0.6476030138606877484, 0.6476030138606877484, 0.8047378541243650485),
 ( 0.8047378541243650485, 0.6476030138606877484, 0.6476030138606877484, 0.8047378541243650485),
 ( 1.000000000000000000, 0.8047378541243649375, 0.8047378541243649375, 1.000000000000000000) ) ) 
 REPRESENTATION_ITEM ( '' )  SURFACE ( )  );
#2435 = PRESENTATION_LAYER_ASSIGNMENT (  '', '', ( #1958 ) ) ;
#2436 = VECTOR ( 'NONE', #2275, 1000.000000000000000 ) ;
#2437 = CARTESIAN_POINT ( 'NONE',  ( 0.08964466094067251312, 0.7999999999999999334, 0.1896446609406726436 ) ) ;
#2438 = DIRECTION ( 'NONE',  ( 0.0000000000000000000, -1.000000000000000000, 0.0000000000000000000 ) ) ;
#2439 = AXIS2_PLACEMENT_3D ( 'NONE', #2992, #334, #3312 ) ;
#2440 = STYLED_ITEM ( 'NONE', ( #3175 ), #983 ) ;
#2441 = CARTESIAN_POINT ( 'NONE',  ( -0.1000000000000000056, -0.8000000000000000444, 0.0000000000000000000 ) ) ;
#2442 = CARTESIAN_POINT ( 'NONE',  ( -0.1000000000000000056, 0.0000000000000000000, 0.2000000000000000111 ) ) ;
#2443 = CIRCLE ( 'NONE', #135, 0.04999999999999991257 ) ;
#2444 = CARTESIAN_POINT ( 'NONE',  ( 1.600000000000000089, 0.4500000000000000111, 0.1499999999999999944 ) ) ;
#2445 = COLOUR_RGB ( '',0.0000000000000000000, 0.0000000000000000000, 0.0000000000000000000 ) ;
#2446 = ORIENTED_EDGE ( 'NONE', *, *, #2385, .T. ) ;
#2447 = SURFACE_SIDE_STYLE ('',( #1526 ) ) ;
#2448 = MECHANICAL_DESIGN_GEOMETRIC_PRESENTATION_REPRESENTATION (  '', ( #80 ), #1266 ) ;
#2449 = FACE_OUTER_BOUND ( 'NONE', #68, .T. ) ;
#2450 = DIRECTION ( 'NONE',  ( -6.505213034913059884E-17, 1.000000000000000000, -0.0000000000000000000 ) ) ;
#2451 = ORIENTED_EDGE ( 'NONE', *, *, #1527, .F. ) ;
#2452 = COLOUR_RGB ( '',0.8196078431372548767, 0.8196078431372548767, 0.8196078431372548767 ) ;
#2453 = AXIS2_PLACEMENT_3D ( 'NONE', #562, #1764, #1142 ) ;
#2454 =( LENGTH_UNIT ( ) NAMED_UNIT ( * ) SI_UNIT ( .MILLI., .METRE. ) );
#2455 = ORIENTED_EDGE ( 'NONE', *, *, #1376, .T. ) ;
#2456 = SURFACE_STYLE_FILL_AREA ( #3637 ) ;
#2457 = SURFACE_STYLE_USAGE ( .BOTH. , #2774 ) ;
#2458 = UNCERTAINTY_MEASURE_WITH_UNIT (LENGTH_MEASURE( 1.000000000000000082E-05 ), #2376, 'distance_accuracy_value', 'NONE');
#2459 = CIRCLE ( 'NONE', #800, 0.05000000000000000971 ) ;
#2460 = CARTESIAN_POINT ( 'NONE',  ( -1.273937552670470175E-16, -0.7750000000000000222, 0.2000000000000000111 ) ) ;
#2461 = ADVANCED_FACE ( 'NONE', ( #2320 ), #1743, .T. ) ;
#2462 =( NAMED_UNIT ( * ) PLANE_ANGLE_UNIT ( ) SI_UNIT ( $, .RADIAN. ) );
#2463 = CYLINDRICAL_SURFACE ( 'NONE', #2285, 0.02500000000000001180 ) ;
#2464 =( GEOMETRIC_REPRESENTATION_CONTEXT ( 3 ) GLOBAL_UNCERTAINTY_ASSIGNED_CONTEXT ( ( #844 ) ) GLOBAL_UNIT_ASSIGNED_CONTEXT ( ( #433, #3165, #1056 ) ) REPRESENTATION_CONTEXT ( 'NONE', 'WORKASPACE' ) );
#2465 = LINE ( 'NONE', #2799, #2558 ) ;
#2466 = DIRECTION ( 'NONE',  ( 1.000000000000000000, -1.301042606982605479E-14, 0.0000000000000000000 ) ) ;
#2467 = APPLICATION_PROTOCOL_DEFINITION ( 'draft international standard', 'automotive_design', 1998, #3132 ) ;
#2468 = PRESENTATION_LAYER_ASSIGNMENT (  '', '', ( #221 ) ) ;
#2469 = CARTESIAN_POINT ( 'NONE',  ( 0.08964466094067252699, -0.7896446609406725381, 0.0000000000000000000 ) ) ;
#2470 = EDGE_LOOP ( 'NONE', ( #3521, #954, #1545, #2965 ) ) ;
#2471 = CARTESIAN_POINT ( 'NONE',  ( -0.1499999999999999944, 0.8000000000000000444, 0.1750000000000000167 ) ) ;
#2472 = CARTESIAN_POINT ( 'NONE',  ( -1.650000000000000133, -0.4500000000000000111, 0.0000000000000000000 ) ) ;
#2473 = EDGE_LOOP ( 'NONE', ( #541, #769, #1652 ) ) ;
#2474 = CARTESIAN_POINT ( 'NONE',  ( -0.09682458365518542553, 0.7750000000000001332, 0.2000000000000000389 ) ) ;
#2475 = CARTESIAN_POINT ( 'NONE',  ( -1.650000000000000133, -0.4792893218813452649, 0.1671572875253809765 ) ) ;
#2476 =( LENGTH_UNIT ( ) NAMED_UNIT ( * ) SI_UNIT ( .MILLI., .METRE. ) );
#2477 = SURFACE_STYLE_USAGE ( .BOTH. , #1921 ) ;
#2478 = EDGE_CURVE ( 'NONE', #764, #1175, #55, .T. ) ;
#2479 =( NAMED_UNIT ( * ) SI_UNIT ( $, .STERADIAN. ) SOLID_ANGLE_UNIT ( ) );
#2480 = SURFACE_STYLE_USAGE ( .BOTH. , #1004 ) ;
#2481 = FILL_AREA_STYLE ('',( #3623 ) ) ;
#2482 = CARTESIAN_POINT ( 'NONE',  ( 0.2300000000000000100, -0.5000000000000000000, 0.0000000000000000000 ) ) ;
#2483 = ORIENTED_EDGE ( 'NONE', *, *, #2379, .F. ) ;
#2484 = DIRECTION ( 'NONE',  ( -1.000000000000000000, 0.0000000000000000000, 0.0000000000000000000 ) ) ;
#2485 = CARTESIAN_POINT ( 'NONE',  ( -1.600000000000000089, 0.4500000000000000111, 0.1999999999999999833 ) ) ;
#2486 = VERTEX_POINT ( 'NONE', #2160 ) ;
#2487 = PRODUCT_DEFINITION_SHAPE ( 'NONE', 'NONE',  #2039 ) ;
#2488 = CARTESIAN_POINT ( 'NONE',  ( -0.09985811188524051918, 0.7944680255264698898, 0.1909232590287373299 ) ) ;
#2489 = FILL_AREA_STYLE_COLOUR ( '', #897 ) ;
#2490 = CLOSED_SHELL ( 'NONE', ( #2403, #983, #2683, #1540, #568, #642, #1364, #2112, #2979, #2023, #1475, #1489, #2461, #139, #3504, #1195, #1500, #299 ) ) ;
#2491 = DIRECTION ( 'NONE',  ( -1.000000000000000000, -0.0000000000000000000, 0.0000000000000000000 ) ) ;
#2492 = CARTESIAN_POINT ( 'NONE',  ( 0.09999999999999989453, -0.7835786437626903744, 0.1896446609406726713 ) ) ;
#2493 =( LENGTH_UNIT ( ) NAMED_UNIT ( * ) SI_UNIT ( .MILLI., .METRE. ) );
#2494 =( GEOMETRIC_REPRESENTATION_CONTEXT ( 3 ) GLOBAL_UNCERTAINTY_ASSIGNED_CONTEXT ( ( #236 ) ) GLOBAL_UNIT_ASSIGNED_CONTEXT ( ( #1202, #285, #1462 ) ) REPRESENTATION_CONTEXT ( 'NONE', 'WORKASPACE' ) );
#2495 = DIRECTION ( 'NONE',  ( 1.000000000000000000, 0.0000000000000000000, 0.0000000000000000000 ) ) ;
#2496 = COLOUR_RGB ( '',0.8196078431372548767, 0.8196078431372548767, 0.8196078431372548767 ) ;
#2497 = AXIS2_PLACEMENT_3D ( 'NONE', #3823, #229, #854 ) ;
#2498 = CARTESIAN_POINT ( 'NONE',  ( 0.07499999999999990008, 0.7750000000000000222, 0.02500000000000000139 ) ) ;
#2499 = EDGE_CURVE ( 'NONE', #90, #3556, #1039, .T. ) ;
#2500 = EDGE_LOOP ( 'NONE', ( #3707, #872, #1760, #2451 ) ) ;
#2501 = SURFACE_STYLE_USAGE ( .BOTH. , #2802 ) ;
#2502 = PRESENTATION_LAYER_ASSIGNMENT (  '', '', ( #2267 ) ) ;
#2503 = VECTOR ( 'NONE', #3156, 1000.000000000000000 ) ;
#2504 = AXIS2_PLACEMENT_3D ( 'NONE', #1218, #2711, #2466 ) ;
#2505 = CARTESIAN_POINT ( 'NONE',  ( -0.1250000000000000000, -0.8000000000000000444, 0.1750000000000000167 ) ) ;
#2506 =( NAMED_UNIT ( * ) SI_UNIT ( $, .STERADIAN. ) SOLID_ANGLE_UNIT ( ) );
#2507 = EDGE_CURVE ( 'NONE', #1066, #1876, #984, .T. ) ;
#2508 = ORIENTED_EDGE ( 'NONE', *, *, #3479, .F. ) ;
#2509 = VECTOR ( 'NONE', #140, 1000.000000000000000 ) ;
#2510 = LINE ( 'NONE', #494, #2823 ) ;
#2511 =( NAMED_UNIT ( * ) PLANE_ANGLE_UNIT ( ) SI_UNIT ( $, .RADIAN. ) );
#2512 = ORIENTED_EDGE ( 'NONE', *, *, #2643, .T. ) ;
#2513 = FILL_AREA_STYLE ('',( #1302 ) ) ;
#2514 = AXIS2_PLACEMENT_3D ( 'NONE', #3676, #2532, #3739 ) ;
#2515 = DIRECTION ( 'NONE',  ( 0.0000000000000000000, 0.0000000000000000000, -1.000000000000000000 ) ) ;
#2516 = CARTESIAN_POINT ( 'NONE',  ( -0.09903915823966119580, 0.7859741430771949311, 0.002370249512414271658 ) ) ;
#2517 = CIRCLE ( 'NONE', #3831, 0.04999999999999991257 ) ;
#2518 = FACE_OUTER_BOUND ( 'NONE', #1447, .T. ) ;
#2519 = FILL_AREA_STYLE_COLOUR ( '', #3316 ) ;
#2520 = FILL_AREA_STYLE_COLOUR ( '', #3332 ) ;
#2521 = ORIENTED_EDGE ( 'NONE', *, *, #1527, .T. ) ;
#2522 = ADVANCED_FACE ( 'NONE', ( #2723 ), #1537, .T. ) ;
#2523 = MECHANICAL_DESIGN_GEOMETRIC_PRESENTATION_REPRESENTATION (  '', ( #32 ), #1284 ) ;
#2524 = CARTESIAN_POINT ( 'NONE',  ( 0.0000000000000000000, 0.0000000000000000000, 0.0000000000000000000 ) ) ;
#2525 = DIRECTION ( 'NONE',  ( 0.0000000000000000000, 0.0000000000000000000, 1.000000000000000000 ) ) ;
#2526 = ORIENTED_EDGE ( 'NONE', *, *, #2277, .T. ) ;
#2527 = ADVANCED_FACE ( 'NONE', ( #3021 ), #2138, .T. ) ;
#2528 = VERTEX_POINT ( 'NONE', #2471 ) ;
#2529 =( NAMED_UNIT ( * ) SI_UNIT ( $, .STERADIAN. ) SOLID_ANGLE_UNIT ( ) );
#2530 = FILL_AREA_STYLE ('',( #816 ) ) ;
#2531 = ORIENTED_EDGE ( 'NONE', *, *, #2192, .T. ) ;
#2532 = DIRECTION ( 'NONE',  ( 0.0000000000000000000, 0.0000000000000000000, 1.000000000000000000 ) ) ;
#2533 = DIRECTION ( 'NONE',  ( -0.0000000000000000000, 0.0000000000000000000, -1.000000000000000000 ) ) ;
#2534 = CARTESIAN_POINT ( 'NONE',  ( 0.09994581673678208655, -0.7962732649878038194, 0.01157387897021406285 ) ) ;
#2535 =( NAMED_UNIT ( * ) PLANE_ANGLE_UNIT ( ) SI_UNIT ( $, .RADIAN. ) );
#2536 = CARTESIAN_POINT ( 'NONE',  ( -0.09775752414749580566, 0.7788536133195917976, 0.0002227100069895574929 ) ) ;
#2537 = CARTESIAN_POINT ( 'NONE',  ( -1.600000000000000089, -0.5000000000000000000, 0.05000000000000000971 ) ) ;
#2538 = DIRECTION ( 'NONE',  ( 0.0000000000000000000, 0.0000000000000000000, 1.000000000000000000 ) ) ;
#2539 = VERTEX_POINT ( 'NONE', #97 ) ;
#2540 = SURFACE_STYLE_USAGE ( .BOTH. , #1354 ) ;
#2541 = DIRECTION ( 'NONE',  ( 0.0000000000000000000, 0.0000000000000000000, 1.000000000000000000 ) ) ;
#2542 = SURFACE_SIDE_STYLE ('',( #2263 ) ) ;
#2543 = CARTESIAN_POINT ( 'NONE',  ( 0.2500000000000000000, 0.6500000000000001332, 0.0000000000000000000 ) ) ;
#2544 = EDGE_LOOP ( 'NONE', ( #2077, #2311, #2573, #2521 ) ) ;
#2545 = EDGE_CURVE ( 'NONE', #3625, #755, #3584, .T. ) ;
#2546 = CYLINDRICAL_SURFACE ( 'NONE', #3260, 0.02500000000000000486 ) ;
#2547 =( NAMED_UNIT ( * ) PLANE_ANGLE_UNIT ( ) SI_UNIT ( $, .RADIAN. ) );
#2548 = ORIENTED_EDGE ( 'NONE', *, *, #2740, .T. ) ;
#2549 = LINE ( 'NONE', #756, #1906 ) ;
#2550 = CARTESIAN_POINT ( 'NONE',  ( -0.1499999999999999944, -3.608224830031760334E-15, 0.0000000000000000000 ) ) ;
#2551 = CLOSED_SHELL ( 'NONE', ( #3741, #1519, #2527, #807, #217, #27, #2355, #2822, #1313, #951, #1920, #1094, #2187, #3236, #696, #3157, #1974, #1179 ) ) ;
#2552 = CARTESIAN_POINT ( 'NONE',  ( 0.09864576389856834215, -0.7833795825189212580, 0.001290780515849258327 ) ) ;
#2553 = CYLINDRICAL_SURFACE ( 'NONE', #2276, 0.02500000000000001180 ) ;
#2554 = EDGE_CURVE ( 'NONE', #297, #3625, #3760, .T. ) ;
#2555 = FILL_AREA_STYLE_COLOUR ( '', #858 ) ;
#2556 = COLOUR_RGB ( '',0.6235294117647058876, 0.6235294117647058876, 0.6235294117647058876 ) ;
#2557 = CARTESIAN_POINT ( 'NONE',  ( 1.649999999999999911, -0.4499999999999999556, 0.05000000000000002359 ) ) ;
#2558 = VECTOR ( 'NONE', #3664, 1000.000000000000000 ) ;
#2559 =( NAMED_UNIT ( * ) SI_UNIT ( $, .STERADIAN. ) SOLID_ANGLE_UNIT ( ) );
#2560 = DIRECTION ( 'NONE',  ( 0.0000000000000000000, -0.0000000000000000000, -1.000000000000000000 ) ) ;
#2561 = ORIENTED_EDGE ( 'NONE', *, *, #3436, .F. ) ;
#2562 = SURFACE_SIDE_STYLE ('',( #1371 ) ) ;
#2563 = VECTOR ( 'NONE', #2339, 1000.000000000000000 ) ;
#2564 = MECHANICAL_DESIGN_GEOMETRIC_PRESENTATION_REPRESENTATION (  '', ( #1561 ), #2494 ) ;
#2565 = FILL_AREA_STYLE ('',( #1998 ) ) ;
#2566 = MECHANICAL_DESIGN_GEOMETRIC_PRESENTATION_REPRESENTATION (  '', ( #1827 ), #2317 ) ;
#2567 = CARTESIAN_POINT ( 'NONE',  ( -0.09682458365518539778, -0.7750000000000000222, 0.2000000000000000111 ) ) ;
#2568 = ORIENTED_EDGE ( 'NONE', *, *, #2090, .T. ) ;
#2569 = MECHANICAL_DESIGN_GEOMETRIC_PRESENTATION_REPRESENTATION (  '', ( #74 ), #396 ) ;
#2570 =( LENGTH_UNIT ( ) NAMED_UNIT ( * ) SI_UNIT ( .MILLI., .METRE. ) );
#2571 = FILL_AREA_STYLE_COLOUR ( '', #1499 ) ;
#2572 = PRESENTATION_STYLE_ASSIGNMENT (( #3176 ) ) ;
#2573 = ORIENTED_EDGE ( 'NONE', *, *, #3843, .F. ) ;
#2574 =( GEOMETRIC_REPRESENTATION_CONTEXT ( 3 ) GLOBAL_UNCERTAINTY_ASSIGNED_CONTEXT ( ( #3563 ) ) GLOBAL_UNIT_ASSIGNED_CONTEXT ( ( #3285, #2377, #1460 ) ) REPRESENTATION_CONTEXT ( 'NONE', 'WORKASPACE' ) );
#2575 = FACE_OUTER_BOUND ( 'NONE', #1221, .T. ) ;
#2576 = EDGE_CURVE ( 'NONE', #2092, #1437, #1621, .T. ) ;
#2577 = MECHANICAL_DESIGN_GEOMETRIC_PRESENTATION_REPRESENTATION (  '', ( #2766 ), #3642 ) ;
#2578 = CARTESIAN_POINT ( 'NONE',  ( 0.09958993075600405809, -0.7906488244603937510, 0.005306961323852213940 ) ) ;
#2579 = CARTESIAN_POINT ( 'NONE',  ( 0.07499999999999990008, -0.7750000000000000222, 0.1750000000000000167 ) ) ;
#2580 = UNCERTAINTY_MEASURE_WITH_UNIT (LENGTH_MEASURE( 1.000000000000000082E-05 ), #2005, 'distance_accuracy_value', 'NONE');
#2581 = EDGE_CURVE ( 'NONE', #3110, #173, #1682, .T. ) ;
#2582 = CARTESIAN_POINT ( 'NONE',  ( 1.649999999999999911, -0.4500000000000000111, 0.04999999999999999584 ) ) ;
#2583 =( NAMED_UNIT ( * ) PLANE_ANGLE_UNIT ( ) SI_UNIT ( $, .RADIAN. ) );
#2584 =( LENGTH_UNIT ( ) NAMED_UNIT ( * ) SI_UNIT ( .MILLI., .METRE. ) );
#2585 = ADVANCED_BREP_SHAPE_REPRESENTATION ( '', ( #233, #1796 ), #2848 ) ;
#2586 =( GEOMETRIC_REPRESENTATION_CONTEXT ( 3 ) GLOBAL_UNCERTAINTY_ASSIGNED_CONTEXT ( ( #3170 ) ) GLOBAL_UNIT_ASSIGNED_CONTEXT ( ( #2186, #964, #986 ) ) REPRESENTATION_CONTEXT ( 'NONE', 'WORKASPACE' ) );
#2587 = PRODUCT_DEFINITION_CONTEXT ( 'detailed design', #1335, 'design' ) ;
#2588 = CIRCLE ( 'NONE', #1108, 0.1000000000000000056 ) ;
#2589 = CARTESIAN_POINT ( 'NONE',  ( 0.07499999999999990008, -0.7750000000000000222, -2.541098841762901017E-18 ) ) ;
#2590 = EDGE_LOOP ( 'NONE', ( #2695, #3368, #1740, #1011 ) ) ;
#2591 = DIRECTION ( 'NONE',  ( -1.000000000000000000, -0.0000000000000000000, -0.0000000000000000000 ) ) ;
#2592 = FACE_OUTER_BOUND ( 'NONE', #352, .T. ) ;
#2593 = ORIENTED_EDGE ( 'NONE', *, *, #191, .T. ) ;
#2594 = PRESENTATION_STYLE_ASSIGNMENT (( #757 ) ) ;
#2595 = STYLED_ITEM ( 'NONE', ( #1915 ), #1897 ) ;
#2596 = PRESENTATION_STYLE_ASSIGNMENT (( #214 ) ) ;
#2597 = FILL_AREA_STYLE_COLOUR ( '', #3071 ) ;
#2598 = SURFACE_STYLE_FILL_AREA ( #1403 ) ;
#2599 = FACE_OUTER_BOUND ( 'NONE', #2500, .T. ) ;
#2600 =( NAMED_UNIT ( * ) PLANE_ANGLE_UNIT ( ) SI_UNIT ( $, .RADIAN. ) );
#2601 = EDGE_CURVE ( 'NONE', #2782, #2397, #497, .T. ) ;
#2602 =( LENGTH_UNIT ( ) NAMED_UNIT ( * ) SI_UNIT ( .MILLI., .METRE. ) );
#2603 = EDGE_CURVE ( 'NONE', #1778, #1659, #1841, .T. ) ;
#2604 =( NAMED_UNIT ( * ) PLANE_ANGLE_UNIT ( ) SI_UNIT ( $, .RADIAN. ) );
#2605 = SURFACE_STYLE_FILL_AREA ( #228 ) ;
#2606 = DIRECTION ( 'NONE',  ( 1.000000000000000000, 0.0000000000000000000, -0.0000000000000000000 ) ) ;
#2607 = ORIENTED_EDGE ( 'NONE', *, *, #1676, .F. ) ;
#2608 =( LENGTH_UNIT ( ) NAMED_UNIT ( * ) SI_UNIT ( .MILLI., .METRE. ) );
#2609 = DIRECTION ( 'NONE',  ( -1.000000000000000000, -0.0000000000000000000, -0.0000000000000000000 ) ) ;
#2610 = UNCERTAINTY_MEASURE_WITH_UNIT (LENGTH_MEASURE( 1.000000000000000082E-05 ), #1114, 'distance_accuracy_value', 'NONE');
#2611 = CARTESIAN_POINT ( 'NONE',  ( -1.600000000000000089, 0.5000000000000000000, 0.1499999999999999944 ) ) ;
#2612 = ADVANCED_FACE ( 'NONE', ( #1966 ), #1086, .T. ) ;
#2613 = SURFACE_STYLE_USAGE ( .BOTH. , #846 ) ;
#2614 = CARTESIAN_POINT ( 'NONE',  ( 0.1499999999999979960, -9.714451465470119729E-16, -0.05000000000000019706 ) ) ;
#2615 = CARTESIAN_POINT ( 'NONE',  ( 0.08964466094067254087, 0.7896446609406725381, 2.375023821783671145E-17 ) ) ;
#2616 = ORIENTED_EDGE ( 'NONE', *, *, #1050, .F. ) ;
#2617 = STYLED_ITEM ( 'NONE', ( #3665 ), #1262 ) ;
#2618 =( GEOMETRIC_REPRESENTATION_CONTEXT ( 3 ) GLOBAL_UNCERTAINTY_ASSIGNED_CONTEXT ( ( #3414 ) ) GLOBAL_UNIT_ASSIGNED_CONTEXT ( ( #3807, #527, #303 ) ) REPRESENTATION_CONTEXT ( 'NONE', 'WORKASPACE' ) );
#2619 = EDGE_CURVE ( 'NONE', #3034, #492, #2549, .T. ) ;
#2620 = MECHANICAL_DESIGN_GEOMETRIC_PRESENTATION_REPRESENTATION (  '', ( #455 ), #1568 ) ;
#2621 = CARTESIAN_POINT ( 'NONE',  ( 0.2500000000000000000, -1.647987302177969895E-15, 0.5000000000000000000 ) ) ;
#2622 = CARTESIAN_POINT ( 'NONE',  ( -0.1000000000000000056, 0.0000000000000000000, 0.0000000000000000000 ) ) ;
#2623 = CARTESIAN_POINT ( 'NONE',  ( 0.07499999999999990008, 0.0000000000000000000, 0.0000000000000000000 ) ) ;
#2624 = EDGE_LOOP ( 'NONE', ( #1813, #2269, #2411, #3598 ) ) ;
#2625 = CARTESIAN_POINT ( 'NONE',  ( 1.600000000000000089, 0.4500000000000000111, 2.710505431213761085E-17 ) ) ;
#2626 = PRESENTATION_LAYER_ASSIGNMENT (  '', '', ( #456 ) ) ;
#2627 = PRESENTATION_LAYER_ASSIGNMENT (  '', '', ( #461 ) ) ;
#2628 = FILL_AREA_STYLE ('',( #2964 ) ) ;
#2629 = SURFACE_SIDE_STYLE ('',( #1788 ) ) ;
#2630 = ORIENTED_EDGE ( 'NONE', *, *, #2379, .T. ) ;
#2631 = MECHANICAL_DESIGN_GEOMETRIC_PRESENTATION_REPRESENTATION (  '', ( #595 ), #203 ) ;
#2632 = DIRECTION ( 'NONE',  ( -1.000000000000000000, -1.804112415015880009E-14, 0.0000000000000000000 ) ) ;
#2633 = CARTESIAN_POINT ( 'NONE',  ( -1.600000000000000089, 0.0000000000000000000, 0.0000000000000000000 ) ) ;
#2634 = STYLED_ITEM ( 'NONE', ( #3758 ), #2355 ) ;
#2635 = FACE_OUTER_BOUND ( 'NONE', #2706, .T. ) ;
#2636 = CARTESIAN_POINT ( 'NONE',  ( -0.09931306210615926944, -0.7882989019704067513, 0.1961692986747674561 ) ) ;
#2637 = PRESENTATION_LAYER_ASSIGNMENT (  '', '', ( #3012 ) ) ;
#2638 = SURFACE_STYLE_FILL_AREA ( #569 ) ;
#2639 = PLANE ( 'NONE',  #266 ) ;
#2640 = DIRECTION ( 'NONE',  ( 1.000000000000000000, 0.0000000000000000000, 0.0000000000000000000 ) ) ;
#2641 = ORIENTED_EDGE ( 'NONE', *, *, #1658, .T. ) ;
#2642 = AXIS2_PLACEMENT_3D ( 'NONE', #3308, #1755, #2093 ) ;
#2643 = EDGE_CURVE ( 'NONE', #1429, #264, #3754, .T. ) ;
#2644 = STYLED_ITEM ( 'NONE', ( #881 ), #3051 ) ;
#2645 = CARTESIAN_POINT ( 'NONE',  ( 0.06249999999999990979, 0.7750000000000000222, 0.1750000000000000167 ) ) ;
#2646 =( NAMED_UNIT ( * ) SI_UNIT ( $, .STERADIAN. ) SOLID_ANGLE_UNIT ( ) );
#2647 = ORIENTED_EDGE ( 'NONE', *, *, #1749, .T. ) ;
#2648 = SURFACE_STYLE_FILL_AREA ( #3219 ) ;
#2649 = CIRCLE ( 'NONE', #550, 0.04999999999999999584 ) ;
#2650 = SURFACE_SIDE_STYLE ('',( #561 ) ) ;
#2651 = FILL_AREA_STYLE ('',( #275 ) ) ;
#2652 = PRESENTATION_STYLE_ASSIGNMENT (( #276 ) ) ;
#2653 = VECTOR ( 'NONE', #1510, 1000.000000000000000 ) ;
#2654 = AXIS2_PLACEMENT_3D ( 'NONE', #3796, #3226, #1735 ) ;
#2655 = CARTESIAN_POINT ( 'NONE',  ( -1.600000000000000089, -0.4500000000000000111, 0.05000000000000000278 ) ) ;
#2656 =( LENGTH_UNIT ( ) NAMED_UNIT ( * ) SI_UNIT ( .MILLI., .METRE. ) );
#2657 = CARTESIAN_POINT ( 'NONE',  ( 0.09985017791688656497, 0.7945280743822581426, 0.1906094301920663869 ) ) ;
#2658 = ORIENTED_EDGE ( 'NONE', *, *, #3078, .T. ) ;
#2659 = FILL_AREA_STYLE_COLOUR ( '', #1273 ) ;
#2660 = DIRECTION ( 'NONE',  ( 1.000000000000000000, -0.0000000000000000000, -0.0000000000000000000 ) ) ;
#2661 = LINE ( 'NONE', #1469, #3844 ) ;
#2662 = ORIENTED_EDGE ( 'NONE', *, *, #3524, .T. ) ;
#2663 = EDGE_CURVE ( 'NONE', #2000, #1175, #1981, .T. ) ;
#2664 = CARTESIAN_POINT ( 'NONE',  ( 0.07499999999999990008, 0.7750000000000000222, 0.1750000000000000167 ) ) ;
#2665 =( NAMED_UNIT ( * ) PLANE_ANGLE_UNIT ( ) SI_UNIT ( $, .RADIAN. ) );
#2666 = PRESENTATION_STYLE_ASSIGNMENT (( #2984 ) ) ;
#2667 = LINE ( 'NONE', #2032, #477 ) ;
#2668 = SURFACE_STYLE_USAGE ( .BOTH. , #1797 ) ;
#2669 = DIRECTION ( 'NONE',  ( 1.000000000000000000, -0.0000000000000000000, -0.0000000000000000000 ) ) ;
#2670 = CONTEXT_DEPENDENT_SHAPE_REPRESENTATION ( #3803, #1689 ) ;
#2671 = ORIENTED_EDGE ( 'NONE', *, *, #1893, .F. ) ;
#2672 = DIRECTION ( 'NONE',  ( -1.000000000000000000, 0.0000000000000000000, 0.0000000000000000000 ) ) ;
#2673 = FILL_AREA_STYLE_COLOUR ( '', #3089 ) ;
#2674 = DIRECTION ( 'NONE',  ( 1.000000000000000000, 0.0000000000000000000, 0.0000000000000000000 ) ) ;
#2675 = MECHANICAL_DESIGN_GEOMETRIC_PRESENTATION_REPRESENTATION (  '', ( #2017 ), #125 ) ;
#2676 = EDGE_LOOP ( 'NONE', ( #604, #2279, #3539, #1511 ) ) ;
#2677 = STYLED_ITEM ( 'NONE', ( #1686 ), #1313 ) ;
#2678 = COLOUR_RGB ( '',0.8196078431372548767, 0.8196078431372548767, 0.8196078431372548767 ) ;
#2679 = DIRECTION ( 'NONE',  ( 0.0000000000000000000, -0.0000000000000000000, 1.000000000000000000 ) ) ;
#2680 = CARTESIAN_POINT ( 'NONE',  ( -0.09855841932229510161, -0.7830814308911585586, 0.001342221686062132881 ) ) ;
#2681 = PRESENTATION_LAYER_ASSIGNMENT (  '', '', ( #655 ) ) ;
#2682 = ORIENTED_EDGE ( 'NONE', *, *, #2507, .F. ) ;
#2683 = ADVANCED_FACE ( 'NONE', ( #2793 ), #111, .T. ) ;
#2684 = PRESENTATION_LAYER_ASSIGNMENT (  '', '', ( #1204 ) ) ;
#2685 =( GEOMETRIC_REPRESENTATION_CONTEXT ( 3 ) GLOBAL_UNCERTAINTY_ASSIGNED_CONTEXT ( ( #434 ) ) GLOBAL_UNIT_ASSIGNED_CONTEXT ( ( #1589, #1542, #3335 ) ) REPRESENTATION_CONTEXT ( 'NONE', 'WORKASPACE' ) );
#2686 =( LENGTH_UNIT ( ) NAMED_UNIT ( * ) SI_UNIT ( .MILLI., .METRE. ) );
#2687 =( NAMED_UNIT ( * ) PLANE_ANGLE_UNIT ( ) SI_UNIT ( $, .RADIAN. ) );
#2688 = DIRECTION ( 'NONE',  ( 1.000000000000000000, 0.0000000000000000000, 0.0000000000000000000 ) ) ;
#2689 = SURFACE_SIDE_STYLE ('',( #1811 ) ) ;
#2690 = AXIS2_PLACEMENT_3D ( 'NONE', #3128, #3439, #2560 ) ;
#2691 = EDGE_CURVE ( 'NONE', #1633, #1193, #2111, .T. ) ;
#2692 = VECTOR ( 'NONE', #3005, 1000.000000000000000 ) ;
#2693 = CARTESIAN_POINT ( 'NONE',  ( -1.629289321881344899, 0.4999999999999998890, 0.1792893218813452483 ) ) ;
#2694 = SHAPE_DEFINITION_REPRESENTATION ( #2487, #884 ) ;
#2695 = ORIENTED_EDGE ( 'NONE', *, *, #736, .T. ) ;
#2696 = SURFACE_STYLE_USAGE ( .BOTH. , #3250 ) ;
#2697 =( GEOMETRIC_REPRESENTATION_CONTEXT ( 3 ) GLOBAL_UNCERTAINTY_ASSIGNED_CONTEXT ( ( #3326 ) ) GLOBAL_UNIT_ASSIGNED_CONTEXT ( ( #1554, #999, #3619 ) ) REPRESENTATION_CONTEXT ( 'NONE', 'WORKASPACE' ) );
#2698 = DIRECTION ( 'NONE',  ( -1.000000000000000000, -0.0000000000000000000, 0.0000000000000000000 ) ) ;
#2699 = FILL_AREA_STYLE_COLOUR ( '', #2938 ) ;
#2700 = ORIENTED_EDGE ( 'NONE', *, *, #1600, .F. ) ;
#2701 =( LENGTH_UNIT ( ) NAMED_UNIT ( * ) SI_UNIT ( .MILLI., .METRE. ) );
#2702 = CARTESIAN_POINT ( 'NONE',  ( -1.629289321881345121, -0.4999999999999999445, 0.1499999999999999944 ) ) ;
#2703 = ORIENTED_EDGE ( 'NONE', *, *, #2424, .F. ) ;
#2704 = PRESENTATION_LAYER_ASSIGNMENT (  '', '', ( #32 ) ) ;
#2705 = FILL_AREA_STYLE ('',( #641 ) ) ;
#2706 = EDGE_LOOP ( 'NONE', ( #729, #1596, #3277 ) ) ;
#2707 = MECHANICAL_DESIGN_GEOMETRIC_PRESENTATION_REPRESENTATION (  '', ( #3781 ), #3490 ) ;
#2708 =( LENGTH_UNIT ( ) NAMED_UNIT ( * ) SI_UNIT ( .MILLI., .METRE. ) );
#2709 = CARTESIAN_POINT ( 'NONE',  ( 0.09999999999999989453, 0.7750000000000000222, 0.1750000000000000167 ) ) ;
#2710 = DIRECTION ( 'NONE',  ( 1.000000000000000000, 0.0000000000000000000, -0.0000000000000000000 ) ) ;
#2711 = DIRECTION ( 'NONE',  ( -0.0000000000000000000, -0.0000000000000000000, -1.000000000000000000 ) ) ;
#2712 = DIRECTION ( 'NONE',  ( 1.000000000000000000, 0.0000000000000000000, 0.0000000000000000000 ) ) ;
#2713 = EDGE_CURVE ( 'NONE', #994, #507, #670, .T. ) ;
#2714 = CARTESIAN_POINT ( 'NONE',  ( 0.07499999999999990008, -0.7750000000000000222, 0.0000000000000000000 ) ) ;
#2715 = ORIENTED_EDGE ( 'NONE', *, *, #3299, .F. ) ;
#2716 =( LENGTH_UNIT ( ) NAMED_UNIT ( * ) SI_UNIT ( .MILLI., .METRE. ) );
#2717 =( LENGTH_UNIT ( ) NAMED_UNIT ( * ) SI_UNIT ( .MILLI., .METRE. ) );
#2718 = PRESENTATION_STYLE_ASSIGNMENT (( #1898 ) ) ;
#2719 = EDGE_LOOP ( 'NONE', ( #3075, #2943, #51, #1617 ) ) ;
#2720 = FILL_AREA_STYLE ('',( #107 ) ) ;
#2721 = CARTESIAN_POINT ( 'NONE',  ( -1.600000000000000311, 0.4792893218813452649, 2.710505431213761085E-17 ) ) ;
#2722 = ORIENTED_EDGE ( 'NONE', *, *, #3096, .F. ) ;
#2723 = FACE_OUTER_BOUND ( 'NONE', #2990, .T. ) ;
#2724 = PRESENTATION_STYLE_ASSIGNMENT (( #2457 ) ) ;
#2725 =( REPRESENTATION_RELATIONSHIP ('NONE','NONE', #1953, #3088 ) REPRESENTATION_RELATIONSHIP_WITH_TRANSFORMATION ( #3461 )SHAPE_REPRESENTATION_RELATIONSHIP( ) );
#2726 = LINE ( 'NONE', #2460, #1697 ) ;
#2727 = SURFACE_STYLE_USAGE ( .BOTH. , #3063 ) ;
#2728 = DIRECTION ( 'NONE',  ( 0.0000000000000000000, 0.0000000000000000000, -1.000000000000000000 ) ) ;
#2729 = DIRECTION ( 'NONE',  ( 0.0000000000000000000, 0.0000000000000000000, 1.000000000000000000 ) ) ;
#2730 = CARTESIAN_POINT ( 'NONE',  ( -1.649999999999999911, 0.4500000000000000111, 0.1499999999999999944 ) ) ;
#2731 = FILL_AREA_STYLE ('',( #3377 ) ) ;
#2732 = ORIENTED_EDGE ( 'NONE', *, *, #2663, .F. ) ;
#2733 =( NAMED_UNIT ( * ) PLANE_ANGLE_UNIT ( ) SI_UNIT ( $, .RADIAN. ) );
#2734 = EDGE_CURVE ( 'NONE', #1437, #3631, #987, .T. ) ;
#2735 =( LENGTH_UNIT ( ) NAMED_UNIT ( * ) SI_UNIT ( .MILLI., .METRE. ) );
#2736 =( NAMED_UNIT ( * ) PLANE_ANGLE_UNIT ( ) SI_UNIT ( $, .RADIAN. ) );
#2737 = FILL_AREA_STYLE ('',( #1010 ) ) ;
#2738 = ORIENTED_EDGE ( 'NONE', *, *, #2299, .F. ) ;
#2739 = SURFACE_STYLE_USAGE ( .BOTH. , #389 ) ;
#2740 = EDGE_CURVE ( 'NONE', #3820, #1353, #3292, .T. ) ;
#2741 = MECHANICAL_DESIGN_GEOMETRIC_PRESENTATION_REPRESENTATION (  '', ( #829 ), #2308 ) ;
#2742 = CARTESIAN_POINT ( 'NONE',  ( -1.649999999999999911, 0.4500000000000000111, 0.04999999999999999584 ) ) ;
#2743 = SURFACE_STYLE_USAGE ( .BOTH. , #1552 ) ;
#2744 = ORIENTED_EDGE ( 'NONE', *, *, #49, .F. ) ;
#2745 = CARTESIAN_POINT ( 'NONE',  ( -0.1499999999999999944, -0.7750000000000000222, 0.1750000000000000167 ) ) ;
#2746 =( GEOMETRIC_REPRESENTATION_CONTEXT ( 3 ) GLOBAL_UNCERTAINTY_ASSIGNED_CONTEXT ( ( #2458 ) ) GLOBAL_UNIT_ASSIGNED_CONTEXT ( ( #2376, #2687, #1322 ) ) REPRESENTATION_CONTEXT ( 'NONE', 'WORKASPACE' ) );
#2747 = MECHANICAL_DESIGN_GEOMETRIC_PRESENTATION_REPRESENTATION (  '', ( #386 ), #717 ) ;
#2748 =( GEOMETRIC_REPRESENTATION_CONTEXT ( 3 ) GLOBAL_UNCERTAINTY_ASSIGNED_CONTEXT ( ( #2810 ) ) GLOBAL_UNIT_ASSIGNED_CONTEXT ( ( #1174, #3257, #1530 ) ) REPRESENTATION_CONTEXT ( 'NONE', 'WORKASPACE' ) );
#2749 = FACE_OUTER_BOUND ( 'NONE', #2473, .T. ) ;
#2750 = PRESENTATION_LAYER_ASSIGNMENT (  '', '', ( #3187 ) ) ;
#2751 = CARTESIAN_POINT ( 'NONE',  ( 0.07499999999999990008, 0.7999999999999999334, 0.1896446609406726991 ) ) ;
#2752 = DIRECTION ( 'NONE',  ( 1.000000000000000000, 0.0000000000000000000, 0.0000000000000000000 ) ) ;
#2753 = AXIS2_PLACEMENT_3D ( 'NONE', #1465, #1777, #2934 ) ;
#2754 = PRESENTATION_LAYER_ASSIGNMENT (  '', '', ( #2440 ) ) ;
#2755 = CARTESIAN_POINT ( 'NONE',  ( 1.649999999999999911, 0.4500000000000000111, 0.1499999999999999944 ) ) ;
#2756 = DIRECTION ( 'NONE',  ( -1.000000000000000000, -0.0000000000000000000, -0.0000000000000000000 ) ) ;
#2757 = ITEM_DEFINED_TRANSFORMATION ( 'NONE', 'NONE', #1532,  #1796 ) ;
#2758 = VECTOR ( 'NONE', #3684, 1000.000000000000000 ) ;
#2759 = CARTESIAN_POINT ( 'NONE',  ( 0.09999999999999989453, -0.7749999999999999112, 0.01035533905932736060 ) ) ;
#2760 = ORIENTED_EDGE ( 'NONE', *, *, #1215, .T. ) ;
#2761 =( NAMED_UNIT ( * ) SI_UNIT ( $, .STERADIAN. ) SOLID_ANGLE_UNIT ( ) );
#2762 = VECTOR ( 'NONE', #2913, 1000.000000000000000 ) ;
#2763 = CARTESIAN_POINT ( 'NONE',  ( -1.600000000000000089, 0.5000000000000000000, 0.05000000000000000278 ) ) ;
#2764 = ORIENTED_EDGE ( 'NONE', *, *, #3371, .F. ) ;
#2765 = EDGE_CURVE ( 'NONE', #1659, #1066, #1799, .T. ) ;
#2766 = STYLED_ITEM ( 'NONE', ( #2165 ), #2187 ) ;
#2767 = LINE ( 'NONE', #681, #446 ) ;
#2768 =( GEOMETRIC_REPRESENTATION_CONTEXT ( 3 ) GLOBAL_UNCERTAINTY_ASSIGNED_CONTEXT ( ( #920 ) ) GLOBAL_UNIT_ASSIGNED_CONTEXT ( ( #1581, #686, #2396 ) ) REPRESENTATION_CONTEXT ( 'NONE', 'WORKASPACE' ) );
#2769 = CARTESIAN_POINT ( 'NONE',  ( -1.600000000000000089, 0.4999999999999998890, 0.05000000000000002359 ) ) ;
#2770 = PRESENTATION_STYLE_ASSIGNMENT (( #232 ) ) ;
#2771 = SURFACE_STYLE_FILL_AREA ( #1496 ) ;
#2772 = EDGE_CURVE ( 'NONE', #1821, #1340, #3775, .T. ) ;
#2773 = DIRECTION ( 'NONE',  ( 0.0000000000000000000, 0.0000000000000000000, 1.000000000000000000 ) ) ;
#2774 = SURFACE_SIDE_STYLE ('',( #3390 ) ) ;
#2775 = UNCERTAINTY_MEASURE_WITH_UNIT (LENGTH_MEASURE( 1.000000000000000082E-05 ), #1505, 'distance_accuracy_value', 'NONE');
#2776 = LINE ( 'NONE', #708, #3083 ) ;
#2777 = VECTOR ( 'NONE', #646, 1000.000000000000000 ) ;
#2778 = UNCERTAINTY_MEASURE_WITH_UNIT (LENGTH_MEASURE( 1.000000000000000082E-05 ), #1768, 'distance_accuracy_value', 'NONE');
#2779 = SURFACE_STYLE_USAGE ( .BOTH. , #81 ) ;
#2780 = CARTESIAN_POINT ( 'NONE',  ( -1.600000000000000089, -0.4500000000000000111, -8.470329472543003391E-19 ) ) ;
#2781 = CIRCLE ( 'NONE', #1112, 0.02500000000000001180 ) ;
#2782 = VERTEX_POINT ( 'NONE', #3557 ) ;
#2783 = CARTESIAN_POINT ( 'NONE',  ( 0.09999999999999990841, -0.7750000000000000222, 0.1750000000000000167 ) ) ;
#2784 =( NAMED_UNIT ( * ) SI_UNIT ( $, .STERADIAN. ) SOLID_ANGLE_UNIT ( ) );
#2785 =( NAMED_UNIT ( * ) PLANE_ANGLE_UNIT ( ) SI_UNIT ( $, .RADIAN. ) );
#2786 = DIRECTION ( 'NONE',  ( 1.000000000000000000, 0.0000000000000000000, 0.0000000000000000000 ) ) ;
#2787 = ORIENTED_EDGE ( 'NONE', *, *, #508, .T. ) ;
#2788 = CARTESIAN_POINT ( 'NONE',  ( 0.09975480566152314377, 0.7927877479722105214, 0.1927866540347465407 ) ) ;
#2789 = DIRECTION ( 'NONE',  ( 0.0000000000000000000, -1.000000000000000000, 0.0000000000000000000 ) ) ;
#2790 = FILL_AREA_STYLE_COLOUR ( '', #198 ) ;
#2791 = CARTESIAN_POINT ( 'NONE',  ( -1.649999999999999911, -0.4499999999999999556, 0.02071067811865476976 ) ) ;
#2792 = ORIENTED_EDGE ( 'NONE', *, *, #2601, .F. ) ;
#2793 = FACE_OUTER_BOUND ( 'NONE', #2127, .T. ) ;
#2794 =( NAMED_UNIT ( * ) PLANE_ANGLE_UNIT ( ) SI_UNIT ( $, .RADIAN. ) );
#2795 = CARTESIAN_POINT ( 'NONE',  ( 0.09999999999999989453, -0.7896446609406725381, 0.1750000000000000167 ) ) ;
#2796 = SURFACE_STYLE_USAGE ( .BOTH. , #780 ) ;
#2797 = SURFACE_SIDE_STYLE ('',( #1250 ) ) ;
#2798 = EDGE_CURVE ( 'NONE', #2828, #1965, #3207, .T. ) ;
#2799 = CARTESIAN_POINT ( 'NONE',  ( 0.2500000000000000000, 0.7799999999999990274, 0.0000000000000000000 ) ) ;
#2800 = FACE_OUTER_BOUND ( 'NONE', #1164, .T. ) ;
#2801 = ORIENTED_EDGE ( 'NONE', *, *, #1818, .T. ) ;
#2802 = SURFACE_SIDE_STYLE ('',( #3339 ) ) ;
#2803 = ORIENTED_EDGE ( 'NONE', *, *, #2734, .T. ) ;
#2804 = CARTESIAN_POINT ( 'NONE',  ( -1.650000000000000133, 0.4671572875253809931, 0.02071067811865473160 ) ) ;
#2805 = CARTESIAN_POINT ( 'NONE',  ( -0.06250000000000009714, -0.7750000000000000222, 0.02500000000000000139 ) ) ;
#2806 = CARTESIAN_POINT ( 'NONE',  ( -1.649999999999999911, -0.4792893218813452649, 0.05000000000000000971 ) ) ;
#2807 = VERTEX_POINT ( 'NONE', #3574 ) ;
#2808 = DIRECTION ( 'NONE',  ( 0.0000000000000000000, 0.0000000000000000000, -1.000000000000000000 ) ) ;
#2809 = MECHANICAL_DESIGN_GEOMETRIC_PRESENTATION_REPRESENTATION (  '', ( #645 ), #1081 ) ;
#2810 = UNCERTAINTY_MEASURE_WITH_UNIT (LENGTH_MEASURE( 1.000000000000000082E-05 ), #1174, 'distance_accuracy_value', 'NONE');
#2811 = SURFACE_STYLE_USAGE ( .BOTH. , #3103 ) ;
#2812 = CIRCLE ( 'NONE', #1630, 0.04999999999999991257 ) ;
#2813 = AXIS2_PLACEMENT_3D ( 'NONE', #3008, #2987, #323 ) ;
#2814 = ADVANCED_FACE ( 'NONE', ( #1833 ), #1483, .T. ) ;
#2815 = UNCERTAINTY_MEASURE_WITH_UNIT (LENGTH_MEASURE( 1.000000000000000082E-05 ), #1648, 'distance_accuracy_value', 'NONE');
#2816 = STYLED_ITEM ( 'NONE', ( #3791 ), #1364 ) ;
#2817 = SURFACE_SIDE_STYLE ('',( #3460 ) ) ;
#2818 = CARTESIAN_POINT ( 'NONE',  ( -1.600000000000000089, -0.5000000000000000000, 0.0000000000000000000 ) ) ;
#2819 = ORIENTED_EDGE ( 'NONE', *, *, #2601, .T. ) ;
#2820 = FILL_AREA_STYLE ('',( #3168 ) ) ;
#2821 = MECHANICAL_DESIGN_GEOMETRIC_PRESENTATION_REPRESENTATION (  '', ( #3253 ), #1199 ) ;
#2822 = ADVANCED_FACE ( 'NONE', ( #3178 ), #515, .T. ) ;
#2823 = VECTOR ( 'NONE', #2869, 1000.000000000000000 ) ;
#2824 = UNCERTAINTY_MEASURE_WITH_UNIT (LENGTH_MEASURE( 1.000000000000000082E-05 ), #2147, 'distance_accuracy_value', 'NONE');
#2825 = STYLED_ITEM ( 'NONE', ( #2718 ), #1651 ) ;
#2826 =( GEOMETRIC_REPRESENTATION_CONTEXT ( 3 ) GLOBAL_UNCERTAINTY_ASSIGNED_CONTEXT ( ( #1928 ) ) GLOBAL_UNIT_ASSIGNED_CONTEXT ( ( #2344, #2952, #286 ) ) REPRESENTATION_CONTEXT ( 'NONE', 'WORKASPACE' ) );
#2827 = DIRECTION ( 'NONE',  ( 1.000000000000000000, 0.0000000000000000000, 0.0000000000000000000 ) ) ;
#2828 = VERTEX_POINT ( 'NONE', #3402 ) ;
#2829 = PRESENTATION_LAYER_ASSIGNMENT (  '', '', ( #1150 ) ) ;
#2830 = CARTESIAN_POINT ( 'NONE',  ( 1.649999999999999911, -0.4792893218813452094, 0.1499999999999999944 ) ) ;
#2831 = VECTOR ( 'NONE', #803, 1000.000000000000000 ) ;
#2832 = SURFACE_STYLE_USAGE ( .BOTH. , #450 ) ;
#2833 = DIRECTION ( 'NONE',  ( 0.0000000000000000000, -0.0000000000000000000, -1.000000000000000000 ) ) ;
#2834 = EDGE_LOOP ( 'NONE', ( #2658, #2415, #1053, #163 ) ) ;
#2835 = CARTESIAN_POINT ( 'NONE',  ( -0.09997942516867090734, -0.7974722671958027753, 0.01370172025296039452 ) ) ;
#2836 = FILL_AREA_STYLE_COLOUR ( '', #1307 ) ;
#2837 = COLOUR_RGB ( '',0.8196078431372548767, 0.8196078431372548767, 0.8196078431372548767 ) ;
#2838 = COLOUR_RGB ( '',0.8196078431372548767, 0.8196078431372548767, 0.8196078431372548767 ) ;
#2839 = LINE ( 'NONE', #1641, #2156 ) ;
#2840 = LINE ( 'NONE', #3744, #3723 ) ;
#2841 = ORIENTED_EDGE ( 'NONE', *, *, #3798, .F. ) ;
#2842 = LINE ( 'NONE', #529, #992 ) ;
#2843 =( GEOMETRIC_REPRESENTATION_CONTEXT ( 3 ) GLOBAL_UNCERTAINTY_ASSIGNED_CONTEXT ( ( #882 ) ) GLOBAL_UNIT_ASSIGNED_CONTEXT ( ( #42, #669, #113 ) ) REPRESENTATION_CONTEXT ( 'NONE', 'WORKASPACE' ) );
#2844 =( NAMED_UNIT ( * ) SI_UNIT ( $, .STERADIAN. ) SOLID_ANGLE_UNIT ( ) );
#2845 =( NAMED_UNIT ( * ) PLANE_ANGLE_UNIT ( ) SI_UNIT ( $, .RADIAN. ) );
#2846 = SURFACE_STYLE_FILL_AREA ( #3190 ) ;
#2847 = VERTEX_POINT ( 'NONE', #2783 ) ;
#2848 =( GEOMETRIC_REPRESENTATION_CONTEXT ( 3 ) GLOBAL_UNCERTAINTY_ASSIGNED_CONTEXT ( ( #2086 ) ) GLOBAL_UNIT_ASSIGNED_CONTEXT ( ( #3767, #1655, #1337 ) ) REPRESENTATION_CONTEXT ( 'NONE', 'WORKASPACE' ) );
#2849 = SURFACE_STYLE_USAGE ( .BOTH. , #1985 ) ;
#2850 = PRODUCT_DEFINITION_FORMATION_WITH_SPECIFIED_SOURCE ( 'ANY', '', #510, .NOT_KNOWN. ) ;
#2851 = CYLINDRICAL_SURFACE ( 'NONE', #1892, 0.02500000000000000833 ) ;
#2852 = ORIENTED_EDGE ( 'NONE', *, *, #1401, .T. ) ;
#2853 = LINE ( 'NONE', #479, #2436 ) ;
#2854 = CARTESIAN_POINT ( 'NONE',  ( -1.600000000000000089, 0.4500000000000000111, 0.1499999999999999944 ) ) ;
#2855 = DIRECTION ( 'NONE',  ( 0.0000000000000000000, 0.0000000000000000000, 1.000000000000000000 ) ) ;
#2856 = MANIFOLD_SOLID_BREP ( 'Imported1', #2551 ) ;
#2857 = UNCERTAINTY_MEASURE_WITH_UNIT (LENGTH_MEASURE( 1.000000000000000082E-05 ), #1327, 'distance_accuracy_value', 'NONE');
#2858 = CYLINDRICAL_SURFACE ( 'NONE', #2369, 0.02500000000000000486 ) ;
#2859 =( NAMED_UNIT ( * ) SI_UNIT ( $, .STERADIAN. ) SOLID_ANGLE_UNIT ( ) );
#2860 = ORIENTED_EDGE ( 'NONE', *, *, #1358, .T. ) ;
#2861 = FACE_OUTER_BOUND ( 'NONE', #3718, .T. ) ;
#2862 =( REPRESENTATION_RELATIONSHIP ('NONE','NONE', #1953, #884 ) REPRESENTATION_RELATIONSHIP_WITH_TRANSFORMATION ( #2757 )SHAPE_REPRESENTATION_RELATIONSHIP( ) );
#2863 = UNCERTAINTY_MEASURE_WITH_UNIT (LENGTH_MEASURE( 1.000000000000000082E-05 ), #1356, 'distance_accuracy_value', 'NONE');
#2864 =( LENGTH_UNIT ( ) NAMED_UNIT ( * ) SI_UNIT ( .MILLI., .METRE. ) );
#2865 = DIRECTION ( 'NONE',  ( -0.0000000000000000000, -1.000000000000000000, -0.0000000000000000000 ) ) ;
#2866 = VERTEX_POINT ( 'NONE', #1546 ) ;
#2867 =( BOUNDED_SURFACE ( )  B_SPLINE_SURFACE ( 3, 3, ( 
 ( #2034, #306, #3212, #552 ),
 ( #1736, #2919, #242, #1422 ),
 ( #571, #2615, #3836, #3813 ),
 ( #1152, #1235, #2189, #3667 ) ),
 .UNSPECIFIED., .F., .F., .F. ) 
 B_SPLINE_SURFACE_WITH_KNOTS ( ( 4, 4 ),
 ( 4, 4 ),
 ( 0.0000000000000000000, 1.000000000000000000 ),
 ( 0.0000000000000000000, 1.000000000000000000 ),
 .UNSPECIFIED. ) 
 GEOMETRIC_REPRESENTATION_ITEM ( )  RATIONAL_B_SPLINE_SURFACE ( (
 ( 1.000000000000000000, 0.8047378541243649375, 0.8047378541243649375, 1.000000000000000000),
 ( 0.8047378541243646044, 0.6476030138606874154, 0.6476030138606874154, 0.8047378541243646044),
 ( 0.8047378541243646044, 0.6476030138606874154, 0.6476030138606874154, 0.8047378541243646044),
 ( 1.000000000000000000, 0.8047378541243649375, 0.8047378541243649375, 1.000000000000000000) ) ) 
 REPRESENTATION_ITEM ( '' )  SURFACE ( )  );
#2868 = DIRECTION ( 'NONE',  ( 1.000000000000000000, 0.0000000000000000000, -0.0000000000000000000 ) ) ;
#2869 = DIRECTION ( 'NONE',  ( -1.000000000000000000, 0.0000000000000000000, 0.0000000000000000000 ) ) ;
#2870 = CARTESIAN_POINT ( 'NONE',  ( -8.331929422494659597E-17, 0.0000000000000000000, 0.0000000000000000000 ) ) ;
#2871 = VERTEX_POINT ( 'NONE', #3069 ) ;
#2872 = FILL_AREA_STYLE_COLOUR ( '', #1784 ) ;
#2873 = CARTESIAN_POINT ( 'NONE',  ( 0.2300000000000000100, -0.8000000000000000444, 0.0000000000000000000 ) ) ;
#2874 = EDGE_CURVE ( 'NONE', #1611, #452, #1891, .T. ) ;
#2875 = DIRECTION ( 'NONE',  ( -0.0000000000000000000, -0.0000000000000000000, -1.000000000000000000 ) ) ;
#2876 = DIRECTION ( 'NONE',  ( 0.0000000000000000000, -1.000000000000000000, 0.0000000000000000000 ) ) ;
#2877 = VECTOR ( 'NONE', #1533, 1000.000000000000000 ) ;
#2878 = FACE_OUTER_BOUND ( 'NONE', #1189, .T. ) ;
#2879 = VECTOR ( 'NONE', #804, 1000.000000000000000 ) ;
#2880 = PRESENTATION_STYLE_ASSIGNMENT (( #1074 ) ) ;
#2881 = VERTEX_POINT ( 'NONE', #1025 ) ;
#2882 = CYLINDRICAL_SURFACE ( 'NONE', #608, 0.1000000000000000056 ) ;
#2883 = MECHANICAL_DESIGN_GEOMETRIC_PRESENTATION_REPRESENTATION (  '', ( #132 ), #1824 ) ;
#2884 = SURFACE_SIDE_STYLE ('',( #1693 ) ) ;
#2885 = FILL_AREA_STYLE_COLOUR ( '', #1727 ) ;
#2886 = CARTESIAN_POINT ( 'NONE',  ( -0.1250000000000000000, 0.8000000000000000444, 0.1750000000000000167 ) ) ;
#2887 = COLOUR_RGB ( '',0.8196078431372548767, 0.8196078431372548767, 0.8196078431372548767 ) ;
#2888 = VERTEX_POINT ( 'NONE', #3035 ) ;
#2889 = AXIS2_PLACEMENT_3D ( 'NONE', #2543, #3488, #825 ) ;
#2890 = FACE_OUTER_BOUND ( 'NONE', #3746, .T. ) ;
#2891 = ADVANCED_FACE ( 'NONE', ( #730 ), #3091, .T. ) ;
#2892 =( LENGTH_UNIT ( ) NAMED_UNIT ( * ) SI_UNIT ( .MILLI., .METRE. ) );
#2893 = ORIENTED_EDGE ( 'NONE', *, *, #753, .F. ) ;
#2894 =( BOUNDED_SURFACE ( )  B_SPLINE_SURFACE ( 3, 3, ( 
 ( #3682, #2755, #1929, #711 ),
 ( #3358, #2205, #3398, #728 ),
 ( #3087, #3622, #422, #1233 ),
 ( #2146, #1865, #3643, #967 ) ),
 .UNSPECIFIED., .F., .F., .F. ) 
 B_SPLINE_SURFACE_WITH_KNOTS ( ( 4, 4 ),
 ( 4, 4 ),
 ( 0.0000000000000000000, 1.000000000000000000 ),
 ( 0.0000000000000000000, 1.000000000000000000 ),
 .UNSPECIFIED. ) 
 GEOMETRIC_REPRESENTATION_ITEM ( )  RATIONAL_B_SPLINE_SURFACE ( (
 ( 1.000000000000000000, 0.8047378541243649375, 0.8047378541243649375, 1.000000000000000000),
 ( 0.8047378541243649375, 0.6476030138606876374, 0.6476030138606876374, 0.8047378541243649375),
 ( 0.8047378541243649375, 0.6476030138606876374, 0.6476030138606876374, 0.8047378541243649375),
 ( 1.000000000000000000, 0.8047378541243649375, 0.8047378541243649375, 1.000000000000000000) ) ) 
 REPRESENTATION_ITEM ( '' )  SURFACE ( )  );
#2895 = COLOUR_RGB ( '',0.6235294117647058876, 0.6235294117647058876, 0.6235294117647058876 ) ;
#2896 = SURFACE_SIDE_STYLE ('',( #1707 ) ) ;
#2897 = DIRECTION ( 'NONE',  ( 1.000000000000000000, 0.0000000000000000000, -0.0000000000000000000 ) ) ;
#2898 = CIRCLE ( 'NONE', #2453, 0.1000000000000000056 ) ;
#2899 = MECHANICAL_DESIGN_GEOMETRIC_PRESENTATION_REPRESENTATION (  '', ( #212 ), #2389 ) ;
#2900 = CYLINDRICAL_SURFACE ( 'NONE', #899, 0.1000000000000000056 ) ;
#2901 = LINE ( 'NONE', #3264, #3809 ) ;
#2902 = CARTESIAN_POINT ( 'NONE',  ( 1.600000000000000089, -0.4500000000000000111, 0.0000000000000000000 ) ) ;
#2903 = LINE ( 'NONE', #2973, #1431 ) ;
#2904 = PRESENTATION_LAYER_ASSIGNMENT (  '', '', ( #3537 ) ) ;
#2905 = SURFACE_STYLE_FILL_AREA ( #3426 ) ;
#2906 = ORIENTED_EDGE ( 'NONE', *, *, #3618, .T. ) ;
#2907 = VECTOR ( 'NONE', #1468, 1000.000000000000000 ) ;
#2908 = CARTESIAN_POINT ( 'NONE',  ( 1.600000000000000311, -0.4999999999999999445, 0.1792893218813451928 ) ) ;
#2909 = FILL_AREA_STYLE_COLOUR ( '', #864 ) ;
#2910 = SURFACE_SIDE_STYLE ('',( #172 ) ) ;
#2911 = ORIENTED_EDGE ( 'NONE', *, *, #1376, .F. ) ;
#2912 = SURFACE_SIDE_STYLE ('',( #544 ) ) ;
#2913 = DIRECTION ( 'NONE',  ( -0.0000000000000000000, 0.0000000000000000000, -1.000000000000000000 ) ) ;
#2914 =( NAMED_UNIT ( * ) SI_UNIT ( $, .STERADIAN. ) SOLID_ANGLE_UNIT ( ) );
#2915 = PRESENTATION_STYLE_ASSIGNMENT (( #3530 ) ) ;
#2916 = CYLINDRICAL_SURFACE ( 'NONE', #1839, 0.04999999999999991257 ) ;
#2917 = EDGE_CURVE ( 'NONE', #129, #335, #1587, .T. ) ;
#2918 = CARTESIAN_POINT ( 'NONE',  ( 0.06249999999999990979, 0.7999999999999999334, 0.02500000000000000139 ) ) ;
#2919 = CARTESIAN_POINT ( 'NONE',  ( 0.09999999999999990841, 0.7835786437626904855, 0.01035533905932742305 ) ) ;
#2920 = ORIENTED_EDGE ( 'NONE', *, *, #788, .F. ) ;
#2921 = CARTESIAN_POINT ( 'NONE',  ( -0.1000000000000000056, 0.7750000000000000222, 0.1750000000000000167 ) ) ;
#2922 = LINE ( 'NONE', #1738, #36 ) ;
#2923 = ORIENTED_EDGE ( 'NONE', *, *, #661, .F. ) ;
#2924 = PRESENTATION_STYLE_ASSIGNMENT (( #1192 ) ) ;
#2925 = PLANE ( 'NONE',  #1646 ) ;
#2926 = UNCERTAINTY_MEASURE_WITH_UNIT (LENGTH_MEASURE( 1.000000000000000082E-05 ), #1640, 'distance_accuracy_value', 'NONE');
#2927 = EDGE_CURVE ( 'NONE', #1282, #1412, #2842, .T. ) ;
#2928 = DIRECTION ( 'NONE',  ( 0.0000000000000000000, 0.0000000000000000000, 1.000000000000000000 ) ) ;
#2929 = PRESENTATION_LAYER_ASSIGNMENT (  '', '', ( #251 ) ) ;
#2930 = UNCERTAINTY_MEASURE_WITH_UNIT (LENGTH_MEASURE( 1.000000000000000082E-05 ), #1748, 'distance_accuracy_value', 'NONE');
#2931 = DIRECTION ( 'NONE',  ( 1.000000000000000000, 0.0000000000000000000, 0.0000000000000000000 ) ) ;
#2932 = SURFACE_STYLE_FILL_AREA ( #2070 ) ;
#2933 = EDGE_CURVE ( 'NONE', #2261, #3040, #2011, .T. ) ;
#2934 = DIRECTION ( 'NONE',  ( 0.0000000000000000000, 0.0000000000000000000, 1.000000000000000000 ) ) ;
#2935 = ORIENTED_EDGE ( 'NONE', *, *, #1398, .F. ) ;
#2936 = FILL_AREA_STYLE_COLOUR ( '', #2838 ) ;
#2937 = STYLED_ITEM ( 'NONE', ( #3031 ), #1306 ) ;
#2938 = COLOUR_RGB ( '',0.0000000000000000000, 0.0000000000000000000, 0.0000000000000000000 ) ;
#2939 = MECHANICAL_DESIGN_GEOMETRIC_PRESENTATION_REPRESENTATION (  '', ( #3187 ), #195 ) ;
#2940 = FACE_OUTER_BOUND ( 'NONE', #270, .T. ) ;
#2941 =( NAMED_UNIT ( * ) PLANE_ANGLE_UNIT ( ) SI_UNIT ( $, .RADIAN. ) );
#2942 = DIRECTION ( 'NONE',  ( -0.0000000000000000000, 1.000000000000000000, 0.0000000000000000000 ) ) ;
#2943 = ORIENTED_EDGE ( 'NONE', *, *, #3751, .F. ) ;
#2944 = CARTESIAN_POINT ( 'NONE',  ( 1.629289321881345121, 0.4999999999999999445, 0.04999999999999996114 ) ) ;
#2945 = AXIS2_PLACEMENT_3D ( 'NONE', #637, #2390, #1208 ) ;
#2946 = FILL_AREA_STYLE ('',( #1141 ) ) ;
#2947 = SURFACE_STYLE_USAGE ( .BOTH. , #2629 ) ;
#2948 = FILL_AREA_STYLE_COLOUR ( '', #3179 ) ;
#2949 =( NAMED_UNIT ( * ) PLANE_ANGLE_UNIT ( ) SI_UNIT ( $, .RADIAN. ) );
#2950 = DIRECTION ( 'NONE',  ( 1.000000000000000000, 0.0000000000000000000, 0.0000000000000000000 ) ) ;
#2951 = DIRECTION ( 'NONE',  ( 1.000000000000000000, 0.0000000000000000000, 0.0000000000000000000 ) ) ;
#2952 =( NAMED_UNIT ( * ) PLANE_ANGLE_UNIT ( ) SI_UNIT ( $, .RADIAN. ) );
#2953 = CARTESIAN_POINT ( 'NONE',  ( 0.0000000000000000000, 0.0000000000000000000, 0.0000000000000000000 ) ) ;
#2954 = CARTESIAN_POINT ( 'NONE',  ( 0.1000000000000000056, 0.7999999999999999334, 0.1777965346685068670 ) ) ;
#2955 = EDGE_LOOP ( 'NONE', ( #3050, #594, #1470, #22 ) ) ;
#2956 =( NAMED_UNIT ( * ) PLANE_ANGLE_UNIT ( ) SI_UNIT ( $, .RADIAN. ) );
#2957 = VECTOR ( 'NONE', #3686, 1000.000000000000000 ) ;
#2958 = EDGE_CURVE ( 'NONE', #2350, #3692, #3413, .T. ) ;
#2959 = VECTOR ( 'NONE', #2710, 1000.000000000000000 ) ;
#2960 = ORIENTED_EDGE ( 'NONE', *, *, #2933, .F. ) ;
#2961 = VECTOR ( 'NONE', #2495, 1000.000000000000000 ) ;
#2962 = ADVANCED_FACE ( 'NONE', ( #1099 ), #3780, .T. ) ;
#2963 =( GEOMETRIC_REPRESENTATION_CONTEXT ( 3 ) GLOBAL_UNCERTAINTY_ASSIGNED_CONTEXT ( ( #731 ) ) GLOBAL_UNIT_ASSIGNED_CONTEXT ( ( #2735, #2152, #1572 ) ) REPRESENTATION_CONTEXT ( 'NONE', 'WORKASPACE' ) );
#2964 = FILL_AREA_STYLE_COLOUR ( '', #3001 ) ;
#2965 = ORIENTED_EDGE ( 'NONE', *, *, #543, .F. ) ;
#2966 = UNCERTAINTY_MEASURE_WITH_UNIT (LENGTH_MEASURE( 1.000000000000000082E-05 ), #2476, 'distance_accuracy_value', 'NONE');
#2967 = SURFACE_SIDE_STYLE ('',( #605 ) ) ;
#2968 = FACE_OUTER_BOUND ( 'NONE', #123, .T. ) ;
#2969 = DIRECTION ( 'NONE',  ( 1.000000000000000000, -1.301042606982605479E-14, 0.0000000000000000000 ) ) ;
#2970 = DIRECTION ( 'NONE',  ( 0.0000000000000000000, 0.0000000000000000000, 1.000000000000000000 ) ) ;
#2971 = PRODUCT_DEFINITION_CONTEXT ( 'detailed design', #3132, 'design' ) ;
#2972 = SURFACE_SIDE_STYLE ('',( #2108 ) ) ;
#2973 = CARTESIAN_POINT ( 'NONE',  ( 0.1499999999999999944, -2.168404344971010024E-18, 0.0000000000000000000 ) ) ;
#2974 = CARTESIAN_POINT ( 'NONE',  ( 0.07499999999999990008, 0.7750000000000000222, -2.541098841762901017E-18 ) ) ;
#2975 = CARTESIAN_POINT ( 'NONE',  ( -0.1499999999999999944, -2.168404344971010024E-18, 0.0000000000000000000 ) ) ;
#2976 = CARTESIAN_POINT ( 'NONE',  ( 1.600000000000000089, 0.5000000000000000000, 0.1499999999999999944 ) ) ;
#2977 = CARTESIAN_POINT ( 'NONE',  ( 0.09997942516867090734, -0.7974722671958027753, 0.1862982797470396357 ) ) ;
#2978 = LINE ( 'NONE', #2623, #903 ) ;
#2979 = ADVANCED_FACE ( 'NONE', ( #2861 ), #2882, .F. ) ;
#2980 = DIRECTION ( 'NONE',  ( 0.0000000000000000000, 0.0000000000000000000, -1.000000000000000000 ) ) ;
#2981 = CARTESIAN_POINT ( 'NONE',  ( -0.09811087165636302176, -0.7804742606132302196, 0.0004516196124875589894 ) ) ;
#2982 = EDGE_CURVE ( 'NONE', #1633, #998, #283, .T. ) ;
#2983 = EDGE_LOOP ( 'NONE', ( #1205, #1566, #3142, #2062 ) ) ;
#2984 = SURFACE_STYLE_USAGE ( .BOTH. , #2338 ) ;
#2985 = CARTESIAN_POINT ( 'NONE',  ( -1.649999999999999911, -0.4500000000000000111, 0.05000000000000000971 ) ) ;
#2986 = CARTESIAN_POINT ( 'NONE',  ( 0.0000000000000000000, -0.8000000000000000444, 0.0000000000000000000 ) ) ;
#2987 = DIRECTION ( 'NONE',  ( -1.000000000000000000, 0.0000000000000000000, 0.0000000000000000000 ) ) ;
#2988 = SURFACE_STYLE_FILL_AREA ( #3289 ) ;
#2989 = FACE_OUTER_BOUND ( 'NONE', #1674, .T. ) ;
#2990 = EDGE_LOOP ( 'NONE', ( #614, #1370, #2446, #307, #445, #1525, #3321, #1172, #2568, #1984, #2316, #2852, #990, #3427 ) ) ;
#2991 =( LENGTH_UNIT ( ) NAMED_UNIT ( * ) SI_UNIT ( .MILLI., .METRE. ) );
#2992 = CARTESIAN_POINT ( 'NONE',  ( -1.600000000000000089, 0.4500000000000000111, 0.1499999999999999944 ) ) ;
#2993 = PRESENTATION_LAYER_ASSIGNMENT (  '', '', ( #386 ) ) ;
#2994 = ORIENTED_EDGE ( 'NONE', *, *, #3102, .T. ) ;
#2995 = PRESENTATION_STYLE_ASSIGNMENT (( #3845 ) ) ;
#2996 = PRESENTATION_LAYER_ASSIGNMENT (  '', '', ( #2677 ) ) ;
#2997 =( GEOMETRIC_REPRESENTATION_CONTEXT ( 3 ) GLOBAL_UNCERTAINTY_ASSIGNED_CONTEXT ( ( #1144 ) ) GLOBAL_UNIT_ASSIGNED_CONTEXT ( ( #878, #2082, #2120 ) ) REPRESENTATION_CONTEXT ( 'NONE', 'WORKASPACE' ) );
#2998 = EDGE_CURVE ( 'NONE', #1424, #2881, #3348, .T. ) ;
#2999 = CARTESIAN_POINT ( 'NONE',  ( 5.551115123125779744E-16, 0.5000000000000000000, 0.0000000000000000000 ) ) ;
#3000 = CARTESIAN_POINT ( 'NONE',  ( -0.1299999999999999767, -0.7800000000000000266, 0.0000000000000000000 ) ) ;
#3001 = COLOUR_RGB ( '',0.0000000000000000000, 0.0000000000000000000, 0.0000000000000000000 ) ;
#3002 = EDGE_LOOP ( 'NONE', ( #3227, #1098, #1514, #3055, #1458, #1854, #1754, #1361 ) ) ;
#3003 = UNCERTAINTY_MEASURE_WITH_UNIT (LENGTH_MEASURE( 1.000000000000000082E-05 ), #2493, 'distance_accuracy_value', 'NONE');
#3004 = EDGE_CURVE ( 'NONE', #1333, #3636, #1461, .T. ) ;
#3005 = DIRECTION ( 'NONE',  ( -1.000000000000000000, -0.0000000000000000000, -0.0000000000000000000 ) ) ;
#3006 = PRESENTATION_LAYER_ASSIGNMENT (  '', '', ( #2274 ) ) ;
#3007 = EDGE_CURVE ( 'NONE', #487, #2807, #2517, .T. ) ;
#3008 = CARTESIAN_POINT ( 'NONE',  ( 0.06249999999999990979, -0.7750000000000000222, 0.1750000000000000167 ) ) ;
#3009 = SURFACE_STYLE_USAGE ( .BOTH. , #947 ) ;
#3010 = SHAPE_DEFINITION_REPRESENTATION ( #378, #1907 ) ;
#3011 = VERTEX_POINT ( 'NONE', #1733 ) ;
#3012 = STYLED_ITEM ( 'NONE', ( #1474 ), #2461 ) ;
#3013 = DIRECTION ( 'NONE',  ( 0.0000000000000000000, 0.0000000000000000000, 1.000000000000000000 ) ) ;
#3014 =( NAMED_UNIT ( * ) SI_UNIT ( $, .STERADIAN. ) SOLID_ANGLE_UNIT ( ) );
#3015 = CARTESIAN_POINT ( 'NONE',  ( 1.600000000000000089, 0.4500000000000000111, 0.05000000000000000278 ) ) ;
#3016 = ORIENTED_EDGE ( 'NONE', *, *, #960, .T. ) ;
#3017 = DIRECTION ( 'NONE',  ( 0.0000000000000000000, 0.0000000000000000000, 1.000000000000000000 ) ) ;
#3018 =( LENGTH_UNIT ( ) NAMED_UNIT ( * ) SI_UNIT ( .MILLI., .METRE. ) );
#3019 = FACE_OUTER_BOUND ( 'NONE', #38, .T. ) ;
#3020 = ORIENTED_EDGE ( 'NONE', *, *, #410, .F. ) ;
#3021 = FACE_OUTER_BOUND ( 'NONE', #1789, .T. ) ;
#3022 = SURFACE_STYLE_USAGE ( .BOTH. , #1877 ) ;
#3023 =( GEOMETRIC_REPRESENTATION_CONTEXT ( 3 ) GLOBAL_UNCERTAINTY_ASSIGNED_CONTEXT ( ( #2246 ) ) GLOBAL_UNIT_ASSIGNED_CONTEXT ( ( #3255, #1448, #849 ) ) REPRESENTATION_CONTEXT ( 'NONE', 'WORKASPACE' ) );
#3024 = SURFACE_STYLE_USAGE ( .BOTH. , #344 ) ;
#3025 = LINE ( 'NONE', #3147, #2831 ) ;
#3026 = DIRECTION ( 'NONE',  ( 0.0000000000000000000, 0.0000000000000000000, -1.000000000000000000 ) ) ;
#3027 = EDGE_CURVE ( 'NONE', #3338, #1808, #3237, .T. ) ;
#3028 = STYLED_ITEM ( 'NONE', ( #3247 ), #1416 ) ;
#3029 = DIRECTION ( 'NONE',  ( -6.938893903907229918E-18, -6.591468140074329765E-17, -1.000000000000000000 ) ) ;
#3030 = CARTESIAN_POINT ( 'NONE',  ( 0.1499999999999999944, 0.7750000000000000222, 0.02500000000000000139 ) ) ;
#3031 = PRESENTATION_STYLE_ASSIGNMENT (( #3009 ) ) ;
#3032 = DIRECTION ( 'NONE',  ( 1.000000000000000000, 0.0000000000000000000, 0.0000000000000000000 ) ) ;
#3033 =( LENGTH_UNIT ( ) NAMED_UNIT ( * ) SI_UNIT ( .MILLI., .METRE. ) );
#3034 = VERTEX_POINT ( 'NONE', #1478 ) ;
#3035 = CARTESIAN_POINT ( 'NONE',  ( 0.1000000000000000056, -0.7999999999999999334, 0.02500000000000000486 ) ) ;
#3036 = EDGE_CURVE ( 'NONE', #2397, #994, #2667, .T. ) ;
#3037 = FILL_AREA_STYLE ('',( #3613 ) ) ;
#3038 = CARTESIAN_POINT ( 'NONE',  ( -0.1000000000000000056, 0.8000000000000000444, 0.1750000000000000167 ) ) ;
#3039 = PRESENTATION_STYLE_ASSIGNMENT (( #3074 ) ) ;
#3040 = VERTEX_POINT ( 'NONE', #1198 ) ;
#3041 = FACE_OUTER_BOUND ( 'NONE', #312, .T. ) ;
#3042 = DIRECTION ( 'NONE',  ( -0.0000000000000000000, 1.000000000000000000, 0.0000000000000000000 ) ) ;
#3043 = ORIENTED_EDGE ( 'NONE', *, *, #3376, .F. ) ;
#3044 = CARTESIAN_POINT ( 'NONE',  ( 0.03333333333333350634, -1.647987302177969895E-15, 0.5000000000000000000 ) ) ;
#3045 = CARTESIAN_POINT ( 'NONE',  ( 0.09999999999999989453, -0.7749999999999999112, 0.1750000000000000167 ) ) ;
#3046 = EDGE_CURVE ( 'NONE', #9, #2118, #2050, .T. ) ;
#3047 = DIRECTION ( 'NONE',  ( -1.000000000000000000, 0.0000000000000000000, 0.0000000000000000000 ) ) ;
#3048 = CARTESIAN_POINT ( 'NONE',  ( 0.1499999999999999944, -0.5000000000000000000, 0.0000000000000000000 ) ) ;
#3049 = SURFACE_SIDE_STYLE ('',( #948 ) ) ;
#3050 = ORIENTED_EDGE ( 'NONE', *, *, #753, .T. ) ;
#3051 = ADVANCED_FACE ( 'NONE', ( #3208 ), #567, .F. ) ;
#3052 = PRESENTATION_STYLE_ASSIGNMENT (( #952 ) ) ;
#3053 = DIRECTION ( 'NONE',  ( 1.000000000000000000, 0.0000000000000000000, 0.0000000000000000000 ) ) ;
#3054 =( NAMED_UNIT ( * ) SI_UNIT ( $, .STERADIAN. ) SOLID_ANGLE_UNIT ( ) );
#3055 = ORIENTED_EDGE ( 'NONE', *, *, #2576, .F. ) ;
#3056 = AXIS2_PLACEMENT_3D ( 'NONE', #60, #3706, #2418 ) ;
#3057 = CARTESIAN_POINT ( 'NONE',  ( -1.629289321881345343, -0.4792893218813452649, 0.1999999999999999833 ) ) ;
#3058 = CARTESIAN_POINT ( 'NONE',  ( -1.649999999999999911, -0.4792893218813452649, 0.03284271247461902077 ) ) ;
#3059 = FILL_AREA_STYLE ('',( #2140 ) ) ;
#3060 = VECTOR ( 'NONE', #2030, 1000.000000000000000 ) ;
#3061 = CIRCLE ( 'NONE', #1439, 0.02500000000000001180 ) ;
#3062 = FILL_AREA_STYLE ('',( #3085 ) ) ;
#3063 = SURFACE_SIDE_STYLE ('',( #1881 ) ) ;
#3064 = LINE ( 'NONE', #1850, #2959 ) ;
#3065 = PRESENTATION_LAYER_ASSIGNMENT (  '', '', ( #75 ) ) ;
#3066 = CARTESIAN_POINT ( 'NONE',  ( -1.649999999999999911, 0.4500000000000000111, 0.1792893218813451928 ) ) ;
#3067 =( NAMED_UNIT ( * ) SI_UNIT ( $, .STERADIAN. ) SOLID_ANGLE_UNIT ( ) );
#3068 = EDGE_LOOP ( 'NONE', ( #633, #3585, #958, #1357 ) ) ;
#3069 = CARTESIAN_POINT ( 'NONE',  ( -1.649999999999999911, 0.4500000000000000111, 0.05000000000000000971 ) ) ;
#3070 = PRODUCT_RELATED_PRODUCT_CATEGORY ( 'part', '', ( #510 ) ) ;
#3071 = COLOUR_RGB ( '',0.8196078431372548767, 0.8196078431372548767, 0.8196078431372548767 ) ;
#3072 =( NAMED_UNIT ( * ) PLANE_ANGLE_UNIT ( ) SI_UNIT ( $, .RADIAN. ) );
#3073 = FILL_AREA_STYLE_COLOUR ( '', #1991 ) ;
#3074 = SURFACE_STYLE_USAGE ( .BOTH. , #1595 ) ;
#3075 = ORIENTED_EDGE ( 'NONE', *, *, #3736, .F. ) ;
#3076 = VECTOR ( 'NONE', #1246, 1000.000000000000000 ) ;
#3077 = DIRECTION ( 'NONE',  ( 1.000000000000000000, 0.0000000000000000000, 0.0000000000000000000 ) ) ;
#3078 = EDGE_CURVE ( 'NONE', #1282, #1193, #2459, .T. ) ;
#3079 = VECTOR ( 'NONE', #3611, 1000.000000000000000 ) ;
#3080 = CARTESIAN_POINT ( 'NONE',  ( -1.629289321881345343, -0.4999999999999998890, 0.1792893218813452205 ) ) ;
#3081 = CARTESIAN_POINT ( 'NONE',  ( 0.09682458365518539778, 0.7750000000000000222, -1.185846126156011423E-18 ) ) ;
#3082 = DIRECTION ( 'NONE',  ( 1.000000000000000000, 1.084202172485504434E-15, 0.0000000000000000000 ) ) ;
#3083 = VECTOR ( 'NONE', #2752, 1000.000000000000000 ) ;
#3084 = PRODUCT_DEFINITION_SHAPE ( 'NONE', 'NONE',  #3855 ) ;
#3085 = FILL_AREA_STYLE_COLOUR ( '', #2678 ) ;
#3086 = PLANE ( 'NONE',  #3586 ) ;
#3087 = CARTESIAN_POINT ( 'NONE',  ( 1.629289321881344899, 0.5000000000000000000, 0.1499999999999999944 ) ) ;
#3088 = SHAPE_REPRESENTATION ( 'Concave_30x160x20_1', ( #1796 ), #3218 ) ;
#3089 = COLOUR_RGB ( '',0.0000000000000000000, 0.0000000000000000000, 0.0000000000000000000 ) ;
#3090 = ORIENTED_EDGE ( 'NONE', *, *, #933, .T. ) ;
#3091 = CYLINDRICAL_SURFACE ( 'NONE', #2096, 0.04999999999999991257 ) ;
#3092 = UNCERTAINTY_MEASURE_WITH_UNIT (LENGTH_MEASURE( 1.000000000000000082E-05 ), #1009, 'distance_accuracy_value', 'NONE');
#3093 = CARTESIAN_POINT ( 'NONE',  ( 5.422019422587969628E-16, 0.5000000000000000000, 0.05000000000000000278 ) ) ;
#3094 = ORIENTED_EDGE ( 'NONE', *, *, #1600, .T. ) ;
#3095 = DIRECTION ( 'NONE',  ( -0.0000000000000000000, 1.000000000000000000, -0.0000000000000000000 ) ) ;
#3096 = EDGE_CURVE ( 'NONE', #1876, #118, #3064, .T. ) ;
#3097 = CARTESIAN_POINT ( 'NONE',  ( -1.629289321881344899, -0.4792893218813452649, -3.175554641438173650E-17 ) ) ;
#3098 = ORIENTED_EDGE ( 'NONE', *, *, #1044, .T. ) ;
#3099 = CARTESIAN_POINT ( 'NONE',  ( -1.600000000000000089, 0.0000000000000000000, 0.1499999999999999944 ) ) ;
#3100 = FACE_OUTER_BOUND ( 'NONE', #339, .T. ) ;
#3101 =( NAMED_UNIT ( * ) PLANE_ANGLE_UNIT ( ) SI_UNIT ( $, .RADIAN. ) );
#3102 = EDGE_CURVE ( 'NONE', #3824, #2261, #380, .T. ) ;
#3103 = SURFACE_SIDE_STYLE ('',( #2292 ) ) ;
#3104 = LINE ( 'NONE', #1368, #1049 ) ;
#3105 = LINE ( 'NONE', #2441, #1696 ) ;
#3106 = FILL_AREA_STYLE ('',( #2519 ) ) ;
#3107 = DIRECTION ( 'NONE',  ( 0.0000000000000000000, 0.0000000000000000000, 1.000000000000000000 ) ) ;
#3108 = EDGE_LOOP ( 'NONE', ( #471, #3646, #2744, #2102 ) ) ;
#3109 = SURFACE_SIDE_STYLE ('',( #2212 ) ) ;
#3110 = VERTEX_POINT ( 'NONE', #59 ) ;
#3111 =( NAMED_UNIT ( * ) PLANE_ANGLE_UNIT ( ) SI_UNIT ( $, .RADIAN. ) );
#3112 = CARTESIAN_POINT ( 'NONE',  ( 0.09985811188524051918, 0.7944680255264698898, 0.009076740971262663854 ) ) ;
#3113 = PRESENTATION_STYLE_ASSIGNMENT (( #95 ) ) ;
#3114 = COLOUR_RGB ( '',0.0000000000000000000, 0.0000000000000000000, 0.0000000000000000000 ) ;
#3115 = ORIENTED_EDGE ( 'NONE', *, *, #1702, .F. ) ;
#3116 =( NAMED_UNIT ( * ) PLANE_ANGLE_UNIT ( ) SI_UNIT ( $, .RADIAN. ) );
#3117 = DIRECTION ( 'NONE',  ( -1.000000000000000000, -0.0000000000000000000, -0.0000000000000000000 ) ) ;
#3118 = EDGE_CURVE ( 'NONE', #3034, #1340, #2776, .T. ) ;
#3119 = UNCERTAINTY_MEASURE_WITH_UNIT (LENGTH_MEASURE( 1.000000000000000082E-05 ), #3691, 'distance_accuracy_value', 'NONE');
#3120 = DIRECTION ( 'NONE',  ( -0.0000000000000000000, 1.000000000000000000, -0.0000000000000000000 ) ) ;
#3121 = AXIS2_PLACEMENT_3D ( 'NONE', #3171, #3733, #3188 ) ;
#3122 = CIRCLE ( 'NONE', #3313, 0.02500000000000000833 ) ;
#3123 = CARTESIAN_POINT ( 'NONE',  ( -0.09864576389856834215, 0.7833795825189212580, 0.001290780515849258327 ) ) ;
#3124 = VECTOR ( 'NONE', #3849, 1000.000000000000000 ) ;
#3125 = CIRCLE ( 'NONE', #1495, 0.02500000000000001180 ) ;
#3126 = CARTESIAN_POINT ( 'NONE',  ( 1.649999999999999911, -0.4792893218813369938, 0.03284271247461149207 ) ) ;
#3127 = CARTESIAN_POINT ( 'NONE',  ( 0.03333333333333350634, -1.647987302177969895E-15, 0.0000000000000000000 ) ) ;
#3128 = CARTESIAN_POINT ( 'NONE',  ( -0.1250000000000000000, -0.8000000000000000444, 0.0000000000000000000 ) ) ;
#3129 = ORIENTED_EDGE ( 'NONE', *, *, #3792, .F. ) ;
#3130 = CIRCLE ( 'NONE', #2945, 0.01999999999999999695 ) ;
#3131 = MECHANICAL_DESIGN_GEOMETRIC_PRESENTATION_REPRESENTATION (  '', ( #75 ), #1382 ) ;
#3132 = APPLICATION_CONTEXT ( 'automotive_design' ) ;
#3133 = CIRCLE ( 'NONE', #3519, 0.02500000000000000833 ) ;
#3134 = AXIS2_PLACEMENT_3D ( 'NONE', #532, #1776, #1715 ) ;
#3135 = DIRECTION ( 'NONE',  ( -0.0000000000000000000, -0.0000000000000000000, -1.000000000000000000 ) ) ;
#3136 = CARTESIAN_POINT ( 'NONE',  ( -0.1300000000000005040, 0.7999999999999960476, 0.0000000000000000000 ) ) ;
#3137 = ORIENTED_EDGE ( 'NONE', *, *, #2063, .T. ) ;
#3138 = COLOUR_RGB ( '',0.6235294117647058876, 0.6235294117647058876, 0.6235294117647058876 ) ;
#3139 = CARTESIAN_POINT ( 'NONE',  ( 1.629289321881345343, -0.4792893218813452649, 0.1999999999999999833 ) ) ;
#3140 = MECHANICAL_DESIGN_GEOMETRIC_PRESENTATION_REPRESENTATION (  '', ( #2634 ), #1269 ) ;
#3141 = DIRECTION ( 'NONE',  ( 0.0000000000000000000, 1.000000000000000000, 0.0000000000000000000 ) ) ;
#3142 = ORIENTED_EDGE ( 'NONE', *, *, #1455, .F. ) ;
#3143 = DIRECTION ( 'NONE',  ( 0.0000000000000000000, 1.000000000000000000, 0.0000000000000000000 ) ) ;
#3144 =( NAMED_UNIT ( * ) SI_UNIT ( $, .STERADIAN. ) SOLID_ANGLE_UNIT ( ) );
#3145 = CARTESIAN_POINT ( 'NONE',  ( 0.1000000000000000056, -0.7999999999999999334, 0.02500000000000000486 ) ) ;
#3146 = AXIS2_PLACEMENT_3D ( 'NONE', #385, #48, #1237 ) ;
#3147 = CARTESIAN_POINT ( 'NONE',  ( -0.1300000000000010036, 0.7999999999999929390, 0.0000000000000000000 ) ) ;
#3148 = CARTESIAN_POINT ( 'NONE',  ( -0.1000000000000000056, 0.7999999999999999334, 0.02220346533149316140 ) ) ;
#3149 = MECHANICAL_DESIGN_GEOMETRIC_PRESENTATION_REPRESENTATION (  '', ( #2644 ), #3652 ) ;
#3150 = CARTESIAN_POINT ( 'NONE',  ( 1.649999999999999911, -0.4499999999999999556, 0.04999999999999998196 ) ) ;
#3151 = SURFACE_STYLE_FILL_AREA ( #3106 ) ;
#3152 = EDGE_LOOP ( 'NONE', ( #975, #1873, #2700, #2155 ) ) ;
#3153 = DIRECTION ( 'NONE',  ( 0.0000000000000000000, -1.000000000000000000, -0.0000000000000000000 ) ) ;
#3154 =( GEOMETRIC_REPRESENTATION_CONTEXT ( 3 ) GLOBAL_UNCERTAINTY_ASSIGNED_CONTEXT ( ( #3210 ) ) GLOBAL_UNIT_ASSIGNED_CONTEXT ( ( #3018, #53, #1243 ) ) REPRESENTATION_CONTEXT ( 'NONE', 'WORKASPACE' ) );
#3155 = MECHANICAL_DESIGN_GEOMETRIC_PRESENTATION_REPRESENTATION (  '', ( #221 ), #2963 ) ;
#3156 = DIRECTION ( 'NONE',  ( -0.0000000000000000000, 1.000000000000000000, 0.0000000000000000000 ) ) ;
#3157 = ADVANCED_FACE ( 'NONE', ( #3372 ), #1305, .T. ) ;
#3158 = ORIENTED_EDGE ( 'NONE', *, *, #2090, .F. ) ;
#3159 = SURFACE_SIDE_STYLE ('',( #794 ) ) ;
#3160 = CARTESIAN_POINT ( 'NONE',  ( -0.1000031161009223846, -0.7995174496488293148, 0.1806316160401930937 ) ) ;
#3161 =( LENGTH_UNIT ( ) NAMED_UNIT ( * ) SI_UNIT ( .MILLI., .METRE. ) );
#3162 = VERTEX_POINT ( 'NONE', #1883 ) ;
#3163 = CARTESIAN_POINT ( 'NONE',  ( -0.09999246658245433683, -0.7986042524228642581, 0.01631110677353484958 ) ) ;
#3164 = CARTESIAN_POINT ( 'NONE',  ( 0.07499999999999990008, -0.7749999999999999112, 0.2000000000000000389 ) ) ;
#3165 =( NAMED_UNIT ( * ) PLANE_ANGLE_UNIT ( ) SI_UNIT ( $, .RADIAN. ) );
#3166 = CARTESIAN_POINT ( 'NONE',  ( 5.292923722050170360E-16, 0.4500000000000000111, 0.0000000000000000000 ) ) ;
#3167 = ORIENTED_EDGE ( 'NONE', *, *, #1725, .T. ) ;
#3168 = FILL_AREA_STYLE_COLOUR ( '', #2100 ) ;
#3169 = EDGE_CURVE ( 'NONE', #2118, #452, #2393, .T. ) ;
#3170 = UNCERTAINTY_MEASURE_WITH_UNIT (LENGTH_MEASURE( 1.000000000000000082E-05 ), #2186, 'distance_accuracy_value', 'NONE');
#3171 = CARTESIAN_POINT ( 'NONE',  ( -1.600000000000000089, 0.4500000000000000111, 0.1499999999999999944 ) ) ;
#3172 = DIRECTION ( 'NONE',  ( 1.000000000000000000, 0.0000000000000000000, 0.0000000000000000000 ) ) ;
#3173 = ORIENTED_EDGE ( 'NONE', *, *, #145, .F. ) ;
#3174 = CARTESIAN_POINT ( 'NONE',  ( 1.600000000000000089, -0.4499999999999999556, 0.1999999999999999556 ) ) ;
#3175 = PRESENTATION_STYLE_ASSIGNMENT (( #2832 ) ) ;
#3176 = SURFACE_STYLE_USAGE ( .BOTH. , #2910 ) ;
#3177 = EDGE_LOOP ( 'NONE', ( #2593, #792, #1476, #326, #1482, #1301, #2662, #2994 ) ) ;
#3178 = FACE_OUTER_BOUND ( 'NONE', #1261, .T. ) ;
#3179 = COLOUR_RGB ( '',0.8196078431372548767, 0.8196078431372548767, 0.8196078431372548767 ) ;
#3180 = PLANE ( 'NONE',  #2497 ) ;
#3181 = DIRECTION ( 'NONE',  ( 0.0000000000000000000, 0.0000000000000000000, 1.000000000000000000 ) ) ;
#3182 = MECHANICAL_DESIGN_GEOMETRIC_PRESENTATION_REPRESENTATION (  '', ( #3453 ), #2202 ) ;
#3183 = SURFACE_SIDE_STYLE ('',( #840 ) ) ;
#3184 = CARTESIAN_POINT ( 'NONE',  ( -0.1000000000000000056, 0.7750000000000000222, 0.2000000000000000389 ) ) ;
#3185 = DIRECTION ( 'NONE',  ( -0.0000000000000000000, -0.0000000000000000000, -1.000000000000000000 ) ) ;
#3186 = PRESENTATION_LAYER_ASSIGNMENT (  '', '', ( #2313 ) ) ;
#3187 = STYLED_ITEM ( 'NONE', ( #3354 ), #642 ) ;
#3188 = DIRECTION ( 'NONE',  ( 0.0000000000000000000, 0.0000000000000000000, 1.000000000000000000 ) ) ;
#3189 = AXIS2_PLACEMENT_3D ( 'NONE', #3493, #3198, #3508 ) ;
#3190 = FILL_AREA_STYLE ('',( #2015 ) ) ;
#3191 =( GEOMETRIC_REPRESENTATION_CONTEXT ( 3 ) GLOBAL_UNCERTAINTY_ASSIGNED_CONTEXT ( ( #1438 ) ) GLOBAL_UNIT_ASSIGNED_CONTEXT ( ( #2060, #1473, #248 ) ) REPRESENTATION_CONTEXT ( 'NONE', 'WORKASPACE' ) );
#3192 = ORIENTED_EDGE ( 'NONE', *, *, #3036, .T. ) ;
#3193 = B_SPLINE_CURVE_WITH_KNOTS ( 'NONE', 3,
 ( #2474, #1013, #1534, #662, #2158, #93, #997, #126, #2488, #3673, #2135, #1030, #72, #3318, #1300, #1842 ),
 .UNSPECIFIED., .F., .F.,
 ( 4, 3, 3, 3, 3, 4 ),
 ( 0.0000000000000000000, 8.373605580862399062E-06, 1.675850579264810851E-05, 2.500466926416711617E-05, 3.330517279573248248E-05, 3.931127940239101122E-05 ),
 .UNSPECIFIED. ) ;
#3194 = AXIS2_PLACEMENT_3D ( 'NONE', #3749, #2865, #2525 ) ;
#3195 = VECTOR ( 'NONE', #631, 1000.000000000000000 ) ;
#3196 = CARTESIAN_POINT ( 'NONE',  ( 1.650000000000000133, -0.4671572875253808821, 0.1792893218813452483 ) ) ;
#3197 = CARTESIAN_POINT ( 'NONE',  ( 0.1000000000000000056, -0.8000000000000000444, 0.1750000000000000167 ) ) ;
#3198 = DIRECTION ( 'NONE',  ( 1.000000000000000000, 0.0000000000000000000, 0.0000000000000000000 ) ) ;
#3199 = ORIENTED_EDGE ( 'NONE', *, *, #3027, .F. ) ;
#3200 = EDGE_CURVE ( 'NONE', #3631, #3820, #3355, .T. ) ;
#3201 = PRESENTATION_LAYER_ASSIGNMENT (  '', '', ( #3641 ) ) ;
#3202 = PRESENTATION_LAYER_ASSIGNMENT (  '', '', ( #1038 ) ) ;
#3203 = FILL_AREA_STYLE ('',( #3233 ) ) ;
#3204 = PRESENTATION_STYLE_ASSIGNMENT (( #2947 ) ) ;
#3205 = COLOUR_RGB ( '',0.6235294117647058876, 0.6235294117647058876, 0.6235294117647058876 ) ;
#3206 = UNCERTAINTY_MEASURE_WITH_UNIT (LENGTH_MEASURE( 1.000000000000000082E-05 ), #364, 'distance_accuracy_value', 'NONE');
#3207 = CIRCLE ( 'NONE', #3714, 0.04999999999999999584 ) ;
#3208 = FACE_OUTER_BOUND ( 'NONE', #1857, .T. ) ;
#3209 = STYLED_ITEM ( 'NONE', ( #822 ), #2979 ) ;
#3210 = UNCERTAINTY_MEASURE_WITH_UNIT (LENGTH_MEASURE( 1.000000000000000082E-05 ), #3018, 'distance_accuracy_value', 'NONE');
#3211 = MECHANICAL_DESIGN_GEOMETRIC_PRESENTATION_REPRESENTATION (  '', ( #1913 ), #3154 ) ;
#3212 = CARTESIAN_POINT ( 'NONE',  ( 0.09999999999999989453, 0.7749999999999999112, 0.02500000000000012976 ) ) ;
#3213 = EDGE_LOOP ( 'NONE', ( #1396, #47, #869, #702 ) ) ;
#3214 = DIRECTION ( 'NONE',  ( 0.0000000000000000000, 0.0000000000000000000, 1.000000000000000000 ) ) ;
#3215 = DIRECTION ( 'NONE',  ( -1.000000000000000000, 0.0000000000000000000, 0.0000000000000000000 ) ) ;
#3216 =( LENGTH_UNIT ( ) NAMED_UNIT ( * ) SI_UNIT ( .MILLI., .METRE. ) );
#3217 = ORIENTED_EDGE ( 'NONE', *, *, #3036, .F. ) ;
#3218 =( GEOMETRIC_REPRESENTATION_CONTEXT ( 3 ) GLOBAL_UNCERTAINTY_ASSIGNED_CONTEXT ( ( #3832 ) ) GLOBAL_UNIT_ASSIGNED_CONTEXT ( ( #1132, #3505, #3834 ) ) REPRESENTATION_CONTEXT ( 'NONE', 'WORKASPACE' ) );
#3219 = FILL_AREA_STYLE ('',( #2042 ) ) ;
#3220 = EDGE_CURVE ( 'NONE', #507, #1941, #419, .T. ) ;
#3221 =( NAMED_UNIT ( * ) SI_UNIT ( $, .STERADIAN. ) SOLID_ANGLE_UNIT ( ) );
#3222 = CARTESIAN_POINT ( 'NONE',  ( -0.1500000000000000500, 0.7799999999999930322, 0.0000000000000000000 ) ) ;
#3223 = CARTESIAN_POINT ( 'NONE',  ( -1.600000000000000089, -0.5000000000000000000, 0.05000000000000000971 ) ) ;
#3224 = CARTESIAN_POINT ( 'NONE',  ( -0.09997706563243216604, -0.7976670727898140800, 0.1859098724742591635 ) ) ;
#3225 = DIRECTION ( 'NONE',  ( -0.0000000000000000000, 1.000000000000000000, 0.0000000000000000000 ) ) ;
#3226 = DIRECTION ( 'NONE',  ( 0.0000000000000000000, 0.0000000000000000000, 1.000000000000000000 ) ) ;
#3227 = ORIENTED_EDGE ( 'NONE', *, *, #2740, .F. ) ;
#3228 = LINE ( 'NONE', #1136, #2907 ) ;
#3229 = CARTESIAN_POINT ( 'NONE',  ( 0.1000008652692899042, -0.7997526465136034490, 0.1790459091170788219 ) ) ;
#3230 = SURFACE_STYLE_USAGE ( .BOTH. , #2058 ) ;
#3231 = EDGE_LOOP ( 'NONE', ( #2923, #3401, #1296, #1961 ) ) ;
#3232 = CARTESIAN_POINT ( 'NONE',  ( 1.649999999999999911, 0.4499999999999999556, 0.05000000000000005829 ) ) ;
#3233 = FILL_AREA_STYLE_COLOUR ( '', #1320 ) ;
#3234 =( NAMED_UNIT ( * ) PLANE_ANGLE_UNIT ( ) SI_UNIT ( $, .RADIAN. ) );
#3235 = CARTESIAN_POINT ( 'NONE',  ( 0.1499999999999999944, -0.8000000000000000444, 0.1750000000000000167 ) ) ;
#3236 = ADVANCED_FACE ( 'NONE', ( #1518 ), #2463, .T. ) ;
#3237 = B_SPLINE_CURVE_WITH_KNOTS ( 'NONE', 3,
 ( #5, #841, #3160, #2357, #3224, #3552, #256, #3567, #901, #2636, #861, #1794, #607, #322, #2084, #305 ),
 .UNSPECIFIED., .F., .F.,
 ( 4, 3, 3, 3, 3, 4 ),
 ( 0.0000000000000000000, 8.389604005521204068E-06, 1.678031143638403168E-05, 2.514879151679491736E-05, 3.342532614329510250E-05, 3.930787751357967149E-05 ),
 .UNSPECIFIED. ) ;
#3238 = SURFACE_STYLE_FILL_AREA ( #2064 ) ;
#3239 = CARTESIAN_POINT ( 'NONE',  ( 0.03333333333333350634, 0.7999999999999990452, 0.5000000000000000000 ) ) ;
#3240 =( NAMED_UNIT ( * ) PLANE_ANGLE_UNIT ( ) SI_UNIT ( $, .RADIAN. ) );
#3241 = DIRECTION ( 'NONE',  ( 0.0000000000000000000, 4.790497927483028025E-13, -1.000000000000000000 ) ) ;
#3242 = EDGE_CURVE ( 'NONE', #3636, #9, #2395, .T. ) ;
#3243 = AXIS2_PLACEMENT_3D ( 'NONE', #153, #3740, #2392 ) ;
#3244 = UNCERTAINTY_MEASURE_WITH_UNIT (LENGTH_MEASURE( 1.000000000000000082E-05 ), #1549, 'distance_accuracy_value', 'NONE');
#3245 =( NAMED_UNIT ( * ) SI_UNIT ( $, .STERADIAN. ) SOLID_ANGLE_UNIT ( ) );
#3246 =( NAMED_UNIT ( * ) SI_UNIT ( $, .STERADIAN. ) SOLID_ANGLE_UNIT ( ) );
#3247 = PRESENTATION_STYLE_ASSIGNMENT (( #1752 ) ) ;
#3248 = FILL_AREA_STYLE ('',( #1446 ) ) ;
#3249 = ORIENTED_EDGE ( 'NONE', *, *, #1818, .F. ) ;
#3250 = SURFACE_SIDE_STYLE ('',( #1779 ) ) ;
#3251 =( GEOMETRIC_REPRESENTATION_CONTEXT ( 3 ) GLOBAL_UNCERTAINTY_ASSIGNED_CONTEXT ( ( #688 ) ) GLOBAL_UNIT_ASSIGNED_CONTEXT ( ( #1459, #3550, #1418 ) ) REPRESENTATION_CONTEXT ( 'NONE', 'WORKASPACE' ) );
#3252 = EDGE_CURVE ( 'NONE', #685, #3631, #2305, .T. ) ;
#3253 = STYLED_ITEM ( 'NONE', ( #953 ), #1556 ) ;
#3254 = COLOUR_RGB ( '',0.0000000000000000000, 0.0000000000000000000, 0.0000000000000000000 ) ;
#3255 =( LENGTH_UNIT ( ) NAMED_UNIT ( * ) SI_UNIT ( .MILLI., .METRE. ) );
#3256 = CARTESIAN_POINT ( 'NONE',  ( 0.09932652750762149818, -0.7882058961676146058, 0.1964094381921686616 ) ) ;
#3257 =( NAMED_UNIT ( * ) PLANE_ANGLE_UNIT ( ) SI_UNIT ( $, .RADIAN. ) );
#3258 = ORIENTED_EDGE ( 'NONE', *, *, #1064, .T. ) ;
#3259 = PRESENTATION_STYLE_ASSIGNMENT (( #3802 ) ) ;
#3260 = AXIS2_PLACEMENT_3D ( 'NONE', #2805, #127, #619 ) ;
#3261 = EDGE_LOOP ( 'NONE', ( #3507, #2512, #3351, #3473 ) ) ;
#3262 = CIRCLE ( 'NONE', #2087, 0.01999999999999999695 ) ;
#3263 = SHAPE_REPRESENTATION ( 'End_20x160x20_1', ( #1796 ), #161 ) ;
#3264 = CARTESIAN_POINT ( 'NONE',  ( -1.649999999999999911, 0.0000000000000000000, 0.05000000000000000971 ) ) ;
#3265 = DIRECTION ( 'NONE',  ( 0.0000000000000000000, 0.0000000000000000000, 1.000000000000000000 ) ) ;
#3266 = CARTESIAN_POINT ( 'NONE',  ( 0.1499999999999999944, 0.0000000000000000000, 0.2000000000000000111 ) ) ;
#3267 = STYLED_ITEM ( 'NONE', ( #1229 ), #2527 ) ;
#3268 = EDGE_CURVE ( 'NONE', #3011, #3786, #2840, .T. ) ;
#3269 =( LENGTH_UNIT ( ) NAMED_UNIT ( * ) SI_UNIT ( .MILLI., .METRE. ) );
#3270 = DIRECTION ( 'NONE',  ( -6.938893903907229918E-18, -6.591468140074329765E-17, -1.000000000000000000 ) ) ;
#3271 = CARTESIAN_POINT ( 'NONE',  ( 0.09903915823966119580, 0.7859741430771949311, 0.1976297504875857702 ) ) ;
#3272 = ORIENTED_EDGE ( 'NONE', *, *, #2335, .F. ) ;
#3273 = AXIS2_PLACEMENT_3D ( 'NONE', #3765, #164, #2280 ) ;
#3274 = EDGE_CURVE ( 'NONE', #2178, #3484, #3777, .T. ) ;
#3275 = SURFACE_STYLE_FILL_AREA ( #3540 ) ;
#3276 = SURFACE_SIDE_STYLE ('',( #3577 ) ) ;
#3277 = ORIENTED_EDGE ( 'NONE', *, *, #1893, .T. ) ;
#3278 = CYLINDRICAL_SURFACE ( 'NONE', #1951, 0.02500000000000001180 ) ;
#3279 = COLOUR_RGB ( '',0.0000000000000000000, 0.0000000000000000000, 0.0000000000000000000 ) ;
#3280 = VECTOR ( 'NONE', #2211, 1000.000000000000000 ) ;
#3281 = CARTESIAN_POINT ( 'NONE',  ( -0.09682458365518542553, -0.7750000000000001332, -1.185846126156140845E-18 ) ) ;
#3282 = ORIENTED_EDGE ( 'NONE', *, *, #3709, .F. ) ;
#3283 = STYLED_ITEM ( 'NONE', ( #1281 ), #1946 ) ;
#3284 = CARTESIAN_POINT ( 'NONE',  ( 1.600000000000000089, -0.4500000000000000111, -8.470329472543003391E-19 ) ) ;
#3285 =( LENGTH_UNIT ( ) NAMED_UNIT ( * ) SI_UNIT ( .MILLI., .METRE. ) );
#3286 = DIRECTION ( 'NONE',  ( 0.0000000000000000000, 0.0000000000000000000, -1.000000000000000000 ) ) ;
#3287 =( BOUNDED_SURFACE ( )  B_SPLINE_SURFACE ( 3, 3, ( 
 ( #1513, #664, #375, #956 ),
 ( #1843, #3057, #3080, #2702 ),
 ( #412, #1579, #2475, #2198 ),
 ( #3297, #3388, #54, #3635 ) ),
 .UNSPECIFIED., .F., .F., .F. ) 
 B_SPLINE_SURFACE_WITH_KNOTS ( ( 4, 4 ),
 ( 4, 4 ),
 ( 0.0000000000000000000, 1.000000000000000000 ),
 ( 0.0000000000000000000, 1.000000000000000000 ),
 .UNSPECIFIED. ) 
 GEOMETRIC_REPRESENTATION_ITEM ( )  RATIONAL_B_SPLINE_SURFACE ( (
 ( 1.000000000000000000, 0.8047378541243649375, 0.8047378541243649375, 1.000000000000000000),
 ( 0.8047378541243650485, 0.6476030138606877484, 0.6476030138606877484, 0.8047378541243650485),
 ( 0.8047378541243650485, 0.6476030138606877484, 0.6476030138606877484, 0.8047378541243650485),
 ( 1.000000000000000000, 0.8047378541243649375, 0.8047378541243649375, 1.000000000000000000) ) ) 
 REPRESENTATION_ITEM ( '' )  SURFACE ( )  );
#3288 = PRESENTATION_STYLE_ASSIGNMENT (( #1501 ) ) ;
#3289 = FILL_AREA_STYLE ('',( #1021 ) ) ;
#3290 = ITEM_DEFINED_TRANSFORMATION ( 'NONE', 'NONE', #554,  #1796 ) ;
#3291 = ORIENTED_EDGE ( 'NONE', *, *, #2554, .T. ) ;
#3292 = LINE ( 'NONE', #2975, #3079 ) ;
#3293 = SURFACE_SIDE_STYLE ('',( #2387 ) ) ;
#3294 = LINE ( 'NONE', #356, #2653 ) ;
#3295 = VERTEX_POINT ( 'NONE', #1329 ) ;
#3296 = DIRECTION ( 'NONE',  ( 1.000000000000000000, 0.0000000000000000000, 0.0000000000000000000 ) ) ;
#3297 = CARTESIAN_POINT ( 'NONE',  ( -1.649999999999999911, -0.4499999999999999556, 0.1499999999999999944 ) ) ;
#3298 = ORIENTED_EDGE ( 'NONE', *, *, #3778, .F. ) ;
#3299 = EDGE_CURVE ( 'NONE', #1255, #2397, #3104, .T. ) ;
#3300 = PLANE ( 'NONE',  #2142 ) ;
#3301 = FACE_OUTER_BOUND ( 'NONE', #981, .T. ) ;
#3302 = DIRECTION ( 'NONE',  ( 0.0000000000000000000, 0.0000000000000000000, 1.000000000000000000 ) ) ;
#3303 = CLOSED_SHELL ( 'NONE', ( #3051, #1649, #120, #3612, #1631, #3330, #1867, #1423, #213, #873, #517, #616, #3457, #2962, #2612, #2891, #852, #292, #2117, #3357, #1070, #1262, #925, #318, #3811, #3449 ) ) ;
#3304 = CARTESIAN_POINT ( 'NONE',  ( -1.600000000000000311, 0.4792893218813452649, 0.2000000000000000111 ) ) ;
#3305 = CARTESIAN_POINT ( 'NONE',  ( 0.7999999999999979350, -6.232704323682999576E-15, -0.1999999999999990119 ) ) ;
#3306 = DIRECTION ( 'NONE',  ( 0.0000000000000000000, 0.0000000000000000000, -1.000000000000000000 ) ) ;
#3307 = ORIENTED_EDGE ( 'NONE', *, *, #2581, .T. ) ;
#3308 = CARTESIAN_POINT ( 'NONE',  ( 0.2300000000000000100, 0.5200000000000010170, 0.0000000000000000000 ) ) ;
#3309 = DIRECTION ( 'NONE',  ( 0.0000000000000000000, 0.0000000000000000000, -1.000000000000000000 ) ) ;
#3310 = CARTESIAN_POINT ( 'NONE',  ( -0.1499999999999999944, -3.608224830031760334E-15, 0.5000000000000000000 ) ) ;
#3311 = PRESENTATION_LAYER_ASSIGNMENT (  '', '', ( #1140 ) ) ;
#3312 = DIRECTION ( 'NONE',  ( 0.0000000000000000000, 0.0000000000000000000, -1.000000000000000000 ) ) ;
#3313 = AXIS2_PLACEMENT_3D ( 'NONE', #2498, #435, #2729 ) ;
#3314 = VERTEX_POINT ( 'NONE', #781 ) ;
#3315 =( NAMED_UNIT ( * ) PLANE_ANGLE_UNIT ( ) SI_UNIT ( $, .RADIAN. ) );
#3316 = COLOUR_RGB ( '',0.6235294117647058876, 0.6235294117647058876, 0.6235294117647058876 ) ;
#3317 = STYLED_ITEM ( 'NONE', ( #1880 ), #696 ) ;
#3318 = CARTESIAN_POINT ( 'NONE',  ( -0.1000008652692899042, 0.7997526465136034490, 0.1790459091170788219 ) ) ;
#3319 = EDGE_CURVE ( 'NONE', #173, #2847, #1660, .T. ) ;
#3320 =( NAMED_UNIT ( * ) SI_UNIT ( $, .STERADIAN. ) SOLID_ANGLE_UNIT ( ) );
#3321 = ORIENTED_EDGE ( 'NONE', *, *, #909, .T. ) ;
#3322 = CARTESIAN_POINT ( 'NONE',  ( -8.502773401189348767E-17, 0.7750000000000000222, 0.02500000000000000139 ) ) ;
#3323 = AXIS2_PLACEMENT_3D ( 'NONE', #2870, #188, #2606 ) ;
#3324 = MECHANICAL_DESIGN_GEOMETRIC_PRESENTATION_REPRESENTATION (  '', ( #3701 ), #13 ) ;
#3325 = PRESENTATION_STYLE_ASSIGNMENT (( #3022 ) ) ;
#3326 = UNCERTAINTY_MEASURE_WITH_UNIT (LENGTH_MEASURE( 1.000000000000000082E-05 ), #1554, 'distance_accuracy_value', 'NONE');
#3327 = VECTOR ( 'NONE', #3734, 1000.000000000000000 ) ;
#3328 = VECTOR ( 'NONE', #648, 1000.000000000000000 ) ;
#3329 = FACE_OUTER_BOUND ( 'NONE', #1681, .T. ) ;
#3330 = ADVANCED_FACE ( 'NONE', ( #1349 ), #2434, .T. ) ;
#3331 = DIRECTION ( 'NONE',  ( 1.000000000000000000, 0.0000000000000000000, 0.0000000000000000000 ) ) ;
#3332 = COLOUR_RGB ( '',0.8196078431372548767, 0.8196078431372548767, 0.8196078431372548767 ) ;
#3333 = AXIS2_PLACEMENT_3D ( 'NONE', #2854, #176, #458 ) ;
#3334 = DIRECTION ( 'NONE',  ( 0.0000000000000000000, -0.0000000000000000000, 1.000000000000000000 ) ) ;
#3335 =( NAMED_UNIT ( * ) SI_UNIT ( $, .STERADIAN. ) SOLID_ANGLE_UNIT ( ) );
#3336 =( NAMED_UNIT ( * ) SI_UNIT ( $, .STERADIAN. ) SOLID_ANGLE_UNIT ( ) );
#3337 = CARTESIAN_POINT ( 'NONE',  ( 0.09999999999999989453, -0.7896446609406725381, 0.02500000000000000486 ) ) ;
#3338 = VERTEX_POINT ( 'NONE', #1577 ) ;
#3339 = SURFACE_STYLE_FILL_AREA ( #3626 ) ;
#3340 = COLOUR_RGB ( '',0.8196078431372548767, 0.8196078431372548767, 0.8196078431372548767 ) ;
#3341 =( NAMED_UNIT ( * ) SI_UNIT ( $, .STERADIAN. ) SOLID_ANGLE_UNIT ( ) );
#3342 = APPLICATION_CONTEXT ( 'automotive_design' ) ;
#3343 = PRESENTATION_LAYER_ASSIGNMENT (  '', '', ( #212 ) ) ;
#3344 = LINE ( 'NONE', #768, #2503 ) ;
#3345 = ORIENTED_EDGE ( 'NONE', *, *, #1358, .F. ) ;
#3346 = FILL_AREA_STYLE ('',( #2134 ) ) ;
#3347 = PRODUCT_DEFINITION_SHAPE ( 'NONE', 'NONE',  #2273 ) ;
#3348 = CIRCLE ( 'NONE', #154, 0.04999999999999991257 ) ;
#3349 = PRESENTATION_STYLE_ASSIGNMENT (( #3367 ) ) ;
#3350 = CYLINDRICAL_SURFACE ( 'NONE', #1705, 0.02500000000000000833 ) ;
#3351 = ORIENTED_EDGE ( 'NONE', *, *, #1814, .T. ) ;
#3352 = CARTESIAN_POINT ( 'NONE',  ( 0.2300000000000000100, -0.8000000000000000444, 0.0000000000000000000 ) ) ;
#3353 = EDGE_CURVE ( 'NONE', #1175, #3470, #3193, .T. ) ;
#3354 = PRESENTATION_STYLE_ASSIGNMENT (( #1863 ) ) ;
#3355 = LINE ( 'NONE', #401, #2777 ) ;
#3356 =( GEOMETRIC_REPRESENTATION_CONTEXT ( 3 ) GLOBAL_UNCERTAINTY_ASSIGNED_CONTEXT ( ( #1443 ) ) GLOBAL_UNIT_ASSIGNED_CONTEXT ( ( #427, #3442, #1957 ) ) REPRESENTATION_CONTEXT ( 'NONE', 'WORKASPACE' ) );
#3357 = ADVANCED_FACE ( 'NONE', ( #3387 ), #1874, .T. ) ;
#3358 = CARTESIAN_POINT ( 'NONE',  ( 1.649999999999999911, 0.4792893218813452649, 0.1499999999999999944 ) ) ;
#3359 = FACE_OUTER_BOUND ( 'NONE', #1979, .T. ) ;
#3360 = PRODUCT_CONTEXT ( 'NONE', #959, 'mechanical' ) ;
#3361 = FACE_OUTER_BOUND ( 'NONE', #405, .T. ) ;
#3362 = EDGE_LOOP ( 'NONE', ( #3814, #826, #2738, #695 ) ) ;
#3363 = FILL_AREA_STYLE_COLOUR ( '', #3528 ) ;
#3364 = DIRECTION ( 'NONE',  ( 1.000000000000000000, 0.0000000000000000000, 0.0000000000000000000 ) ) ;
#3365 = ORIENTED_EDGE ( 'NONE', *, *, #758, .F. ) ;
#3366 =( NAMED_UNIT ( * ) SI_UNIT ( $, .STERADIAN. ) SOLID_ANGLE_UNIT ( ) );
#3367 = SURFACE_STYLE_USAGE ( .BOTH. , #2181 ) ;
#3368 = ORIENTED_EDGE ( 'NONE', *, *, #2424, .T. ) ;
#3369 = UNCERTAINTY_MEASURE_WITH_UNIT (LENGTH_MEASURE( 1.000000000000000082E-05 ), #2243, 'distance_accuracy_value', 'NONE');
#3370 = FILL_AREA_STYLE_COLOUR ( '', #1960 ) ;
#3371 = EDGE_CURVE ( 'NONE', #358, #752, #678, .T. ) ;
#3372 = FACE_OUTER_BOUND ( 'NONE', #2590, .T. ) ;
#3373 = UNCERTAINTY_MEASURE_WITH_UNIT (LENGTH_MEASURE( 1.000000000000000082E-05 ), #3161, 'distance_accuracy_value', 'NONE');
#3374 = DIRECTION ( 'NONE',  ( -0.0000000000000000000, 1.000000000000000000, 0.0000000000000000000 ) ) ;
#3375 = CARTESIAN_POINT ( 'NONE',  ( -1.600000000000000089, 0.4500000000000000111, 0.1999999999999999833 ) ) ;
#3376 = EDGE_CURVE ( 'NONE', #1236, #2807, #1724, .T. ) ;
#3377 = FILL_AREA_STYLE_COLOUR ( '', #663 ) ;
#3378 = PRODUCT ( 'Contact_50x160x40_1', 'Contact_50x160x40_1', '', ( #2171 ) ) ;
#3379 = ORIENTED_EDGE ( 'NONE', *, *, #1949, .F. ) ;
#3380 = PRESENTATION_LAYER_ASSIGNMENT (  '', '', ( #891 ) ) ;
#3381 = CARTESIAN_POINT ( 'NONE',  ( -8.331929422494659597E-17, 0.7750000000000000222, 0.0000000000000000000 ) ) ;
#3382 =( NAMED_UNIT ( * ) PLANE_ANGLE_UNIT ( ) SI_UNIT ( $, .RADIAN. ) );
#3383 = ORIENTED_EDGE ( 'NONE', *, *, #373, .F. ) ;
#3384 = COLOUR_RGB ( '',0.0000000000000000000, 0.0000000000000000000, 0.0000000000000000000 ) ;
#3385 = CARTESIAN_POINT ( 'NONE',  ( -0.1299999999999999767, 0.7799999999999930322, 0.0000000000000000000 ) ) ;
#3386 = COLOUR_RGB ( '',0.8196078431372548767, 0.8196078431372548767, 0.8196078431372548767 ) ;
#3387 = FACE_OUTER_BOUND ( 'NONE', #2834, .T. ) ;
#3388 = CARTESIAN_POINT ( 'NONE',  ( -1.649999999999999911, -0.4499999999999999556, 0.1500000000000000222 ) ) ;
#3389 = CARTESIAN_POINT ( 'NONE',  ( -0.1000000000000000056, -0.7999999999999999334, 0.02500000000000000486 ) ) ;
#3390 = SURFACE_STYLE_FILL_AREA ( #1268 ) ;
#3391 = COLOUR_RGB ( '',0.8196078431372548767, 0.8196078431372548767, 0.8196078431372548767 ) ;
#3392 = COLOUR_RGB ( '',0.6235294117647058876, 0.6235294117647058876, 0.6235294117647058876 ) ;
#3393 = CIRCLE ( 'NONE', #2439, 0.05000000000000000971 ) ;
#3394 = CARTESIAN_POINT ( 'NONE',  ( 0.09999999999999989453, -0.7749999999999996891, 0.1750000000000000999 ) ) ;
#3395 =( GEOMETRIC_REPRESENTATION_CONTEXT ( 3 ) GLOBAL_UNCERTAINTY_ASSIGNED_CONTEXT ( ( #3373 ) ) GLOBAL_UNIT_ASSIGNED_CONTEXT ( ( #3161, #171, #2529 ) ) REPRESENTATION_CONTEXT ( 'NONE', 'WORKASPACE' ) );
#3396 = CARTESIAN_POINT ( 'NONE',  ( 0.2300000000000000100, 0.5200000000000010170, 0.0000000000000000000 ) ) ;
#3397 = MECHANICAL_DESIGN_GEOMETRIC_PRESENTATION_REPRESENTATION (  '', ( #2209 ), #3704 ) ;
#3398 = CARTESIAN_POINT ( 'NONE',  ( 1.649999999999999911, 0.4671572875253809931, 0.1792893218813451928 ) ) ;
#3399 = FILL_AREA_STYLE_COLOUR ( '', #2496 ) ;
#3400 = PRESENTATION_STYLE_ASSIGNMENT (( #674 ) ) ;
#3401 = ORIENTED_EDGE ( 'NONE', *, *, #3618, .F. ) ;
#3402 = CARTESIAN_POINT ( 'NONE',  ( 1.600000000000000089, -0.5000000000000000000, 0.1499999999999999944 ) ) ;
#3403 = EDGE_CURVE ( 'NONE', #752, #949, #3428, .T. ) ;
#3404 = LINE ( 'NONE', #3093, #360 ) ;
#3405 = FILL_AREA_STYLE ('',( #2885 ) ) ;
#3406 = FILL_AREA_STYLE_COLOUR ( '', #659 ) ;
#3407 = VERTEX_POINT ( 'NONE', #1679 ) ;
#3408 = AXIS2_PLACEMENT_3D ( 'NONE', #520, #1708, #2897 ) ;
#3409 = EDGE_CURVE ( 'NONE', #1060, #3034, #96, .T. ) ;
#3410 = FILL_AREA_STYLE_COLOUR ( '', #3835 ) ;
#3411 = CARTESIAN_POINT ( 'NONE',  ( 0.09900636079140953671, 0.7856908952531151957, 0.002233607412323233583 ) ) ;
#3412 = CARTESIAN_POINT ( 'NONE',  ( -0.09974641517981203132, -0.7925596367727878455, 0.006995177421895531523 ) ) ;
#3413 = CIRCLE ( 'NONE', #3273, 0.05000000000000001665 ) ;
#3414 = UNCERTAINTY_MEASURE_WITH_UNIT (LENGTH_MEASURE( 1.000000000000000082E-05 ), #3807, 'distance_accuracy_value', 'NONE');
#3415 = COLOUR_RGB ( '',0.0000000000000000000, 0.0000000000000000000, 0.0000000000000000000 ) ;
#3416 =( LENGTH_UNIT ( ) NAMED_UNIT ( * ) SI_UNIT ( .MILLI., .METRE. ) );
#3417 = CARTESIAN_POINT ( 'NONE',  ( -0.09731840647930145582, 0.7769125675736880954, -2.091597542886253945E-14 ) ) ;
#3418 = VECTOR ( 'NONE', #2698, 1000.000000000000000 ) ;
#3419 = UNCERTAINTY_MEASURE_WITH_UNIT (LENGTH_MEASURE( 1.000000000000000082E-05 ), #3269, 'distance_accuracy_value', 'NONE');
#3420 = CARTESIAN_POINT ( 'NONE',  ( -0.1499999999999999944, 0.7750000000000000222, 0.02500000000000000139 ) ) ;
#3421 = ITEM_DEFINED_TRANSFORMATION ( 'NONE', 'NONE', #2340,  #1796 ) ;
#3422 = PRESENTATION_LAYER_ASSIGNMENT (  '', '', ( #2595 ) ) ;
#3423 = ORIENTED_EDGE ( 'NONE', *, *, #342, .T. ) ;
#3424 =( NAMED_UNIT ( * ) PLANE_ANGLE_UNIT ( ) SI_UNIT ( $, .RADIAN. ) );
#3425 = SHAPE_REPRESENTATION_RELATIONSHIP ( 'NONE' , 'NONE' ,  #884, #1946 ) ;
#3426 = FILL_AREA_STYLE ('',( #168 ) ) ;
#3427 = ORIENTED_EDGE ( 'NONE', *, *, #1118, .F. ) ;
#3428 = LINE ( 'NONE', #493, #1790 ) ;
#3429 = FILL_AREA_STYLE ('',( #1662 ) ) ;
#3430 =( NAMED_UNIT ( * ) SI_UNIT ( $, .STERADIAN. ) SOLID_ANGLE_UNIT ( ) );
#3431 = ORIENTED_EDGE ( 'NONE', *, *, #3102, .F. ) ;
#3432 = PRESENTATION_STYLE_ASSIGNMENT (( #2237 ) ) ;
#3433 = DIRECTION ( 'NONE',  ( 0.0000000000000000000, 0.0000000000000000000, 1.000000000000000000 ) ) ;
#3434 = CARTESIAN_POINT ( 'NONE',  ( 1.600000000000000089, -0.4500000000000000111, 0.1499999999999999944 ) ) ;
#3435 = CARTESIAN_POINT ( 'NONE',  ( -8.502773401189348767E-17, -0.7750000000000000222, 0.1750000000000000167 ) ) ;
#3436 = EDGE_CURVE ( 'NONE', #1808, #3314, #2588, .T. ) ;
#3437 = DIRECTION ( 'NONE',  ( 1.000000000000000000, -0.0000000000000000000, -0.0000000000000000000 ) ) ;
#3438 = CONTEXT_DEPENDENT_SHAPE_REPRESENTATION ( #398, #117 ) ;
#3439 = DIRECTION ( 'NONE',  ( 0.0000000000000000000, -1.000000000000000000, 0.0000000000000000000 ) ) ;
#3440 = ORIENTED_EDGE ( 'NONE', *, *, #1044, .F. ) ;
#3441 =( LENGTH_UNIT ( ) NAMED_UNIT ( * ) SI_UNIT ( .MILLI., .METRE. ) );
#3442 =( NAMED_UNIT ( * ) PLANE_ANGLE_UNIT ( ) SI_UNIT ( $, .RADIAN. ) );
#3443 = DIRECTION ( 'NONE',  ( 1.000000000000000000, 0.0000000000000000000, 0.0000000000000000000 ) ) ;
#3444 = EDGE_LOOP ( 'NONE', ( #388, #2630, #2960, #3431 ) ) ;
#3445 =( NAMED_UNIT ( * ) SI_UNIT ( $, .STERADIAN. ) SOLID_ANGLE_UNIT ( ) );
#3446 = VERTEX_POINT ( 'NONE', #1395 ) ;
#3447 = CARTESIAN_POINT ( 'NONE',  ( -0.09991856965690928960, -0.7959652214785235547, 0.01138164883855417343 ) ) ;
#3448 = UNCERTAINTY_MEASURE_WITH_UNIT (LENGTH_MEASURE( 1.000000000000000082E-05 ), #230, 'distance_accuracy_value', 'NONE');
#3449 = ADVANCED_FACE ( 'NONE', ( #2890 ), #2230, .T. ) ;
#3450 = CARTESIAN_POINT ( 'NONE',  ( 0.09903915823966119580, -0.7859741430771949311, 0.002370249512414271658 ) ) ;
#3451 = CARTESIAN_POINT ( 'NONE',  ( 0.1499999999999999944, 0.7999999999999999334, 0.02500000000000000139 ) ) ;
#3452 = AXIS2_PLACEMENT_3D ( 'NONE', #3127, #179, #805 ) ;
#3453 = STYLED_ITEM ( 'NONE', ( #2123 ), #314 ) ;
#3454 = CARTESIAN_POINT ( 'NONE',  ( -0.09985017791688656497, 0.7945280743822581426, 0.009390569807933653659 ) ) ;
#3455 = UNCERTAINTY_MEASURE_WITH_UNIT (LENGTH_MEASURE( 1.000000000000000082E-05 ), #1775, 'distance_accuracy_value', 'NONE');
#3456 = VECTOR ( 'NONE', #475, 1000.000000000000000 ) ;
#3457 = ADVANCED_FACE ( 'NONE', ( #2001 ), #537, .T. ) ;
#3458 = COLOUR_RGB ( '',0.6235294117647058876, 0.6235294117647058876, 0.6235294117647058876 ) ;
#3459 = PRESENTATION_STYLE_ASSIGNMENT (( #1730 ) ) ;
#3460 = SURFACE_STYLE_FILL_AREA ( #1352 ) ;
#3461 = ITEM_DEFINED_TRANSFORMATION ( 'NONE', 'NONE', #939,  #1796 ) ;
#3462 = ORIENTED_EDGE ( 'NONE', *, *, #489, .T. ) ;
#3463 = CARTESIAN_POINT ( 'NONE',  ( -8.502773401189348767E-17, 0.7999999999999999334, 0.02500000000000000139 ) ) ;
#3464 = COLOUR_RGB ( '',0.6235294117647058876, 0.6235294117647058876, 0.6235294117647058876 ) ;
#3465 = AXIS2_PLACEMENT_3D ( 'NONE', #885, #1185, #2640 ) ;
#3466 = VECTOR ( 'NONE', #2756, 1000.000000000000000 ) ;
#3467 = SURFACE_STYLE_USAGE ( .BOTH. , #1315 ) ;
#3468 = SURFACE_STYLE_USAGE ( .BOTH. , #2542 ) ;
#3469 =( NAMED_UNIT ( * ) SI_UNIT ( $, .STERADIAN. ) SOLID_ANGLE_UNIT ( ) );
#3470 = VERTEX_POINT ( 'NONE', #2037 ) ;
#3471 = CARTESIAN_POINT ( 'NONE',  ( 1.629289321881345121, -0.4999999999999999445, 0.1499999999999999944 ) ) ;
#3472 = MECHANICAL_DESIGN_GEOMETRIC_PRESENTATION_REPRESENTATION (  '', ( #601 ), #142 ) ;
#3473 = ORIENTED_EDGE ( 'NONE', *, *, #1455, .T. ) ;
#3474 =( LENGTH_UNIT ( ) NAMED_UNIT ( * ) SI_UNIT ( .MILLI., .METRE. ) );
#3475 = FILL_AREA_STYLE_COLOUR ( '', #3114 ) ;
#3476 = CARTESIAN_POINT ( 'NONE',  ( 0.1000000000000000056, -0.7999999999999999334, 0.02220346533149316140 ) ) ;
#3477 = STYLED_ITEM ( 'NONE', ( #119 ), #2891 ) ;
#3478 = CARTESIAN_POINT ( 'NONE',  ( -1.600000000000000089, 0.4500000000000000111, -8.470329472543003391E-19 ) ) ;
#3479 = EDGE_CURVE ( 'NONE', #998, #2041, #2649, .T. ) ;
#3480 = VECTOR ( 'NONE', #1559, 1000.000000000000000 ) ;
#3481 = CARTESIAN_POINT ( 'NONE',  ( -1.600000000000000089, -0.4500000000000000111, 0.1499999999999999944 ) ) ;
#3482 = DIRECTION ( 'NONE',  ( 0.0000000000000000000, 0.0000000000000000000, -1.000000000000000000 ) ) ;
#3483 = CONTEXT_DEPENDENT_SHAPE_REPRESENTATION ( #2725, #478 ) ;
#3484 = VERTEX_POINT ( 'NONE', #2976 ) ;
#3485 = EDGE_CURVE ( 'NONE', #1066, #358, #3228, .T. ) ;
#3486 = STYLED_ITEM ( 'NONE', ( #1671 ), #3330 ) ;
#3487 = CARTESIAN_POINT ( 'NONE',  ( 1.600000000000000089, -0.4500000000000000111, 0.1499999999999999944 ) ) ;
#3488 = DIRECTION ( 'NONE',  ( 1.000000000000000000, 0.0000000000000000000, 0.0000000000000000000 ) ) ;
#3489 = ORIENTED_EDGE ( 'NONE', *, *, #1419, .F. ) ;
#3490 =( GEOMETRIC_REPRESENTATION_CONTEXT ( 3 ) GLOBAL_UNCERTAINTY_ASSIGNED_CONTEXT ( ( #3570 ) ) GLOBAL_UNIT_ASSIGNED_CONTEXT ( ( #269, #2941, #1783 ) ) REPRESENTATION_CONTEXT ( 'NONE', 'WORKASPACE' ) );
#3491 = SURFACE_STYLE_USAGE ( .BOTH. , #3159 ) ;
#3492 = AXIS2_PLACEMENT_3D ( 'NONE', #2323, #1151, #883 ) ;
#3493 = CARTESIAN_POINT ( 'NONE',  ( -0.06250000000000009714, 0.7750000000000000222, 0.1750000000000000167 ) ) ;
#3494 = ORIENTED_EDGE ( 'NONE', *, *, #2619, .F. ) ;
#3495 = DIRECTION ( 'NONE',  ( 0.0000000000000000000, -0.0000000000000000000, -1.000000000000000000 ) ) ;
#3496 = CARTESIAN_POINT ( 'NONE',  ( 5.551115123125779744E-16, -0.5000000000000000000, 0.1499999999999999944 ) ) ;
#3497 = UNCERTAINTY_MEASURE_WITH_UNIT (LENGTH_MEASURE( 1.000000000000000082E-05 ), #3523, 'distance_accuracy_value', 'NONE');
#3498 = APPLICATION_CONTEXT ( 'automotive_design' ) ;
#3499 = CARTESIAN_POINT ( 'NONE',  ( 1.649999999999999911, -0.4499999999999999556, 0.02071067811865476976 ) ) ;
#3500 = CARTESIAN_POINT ( 'NONE',  ( -1.600000000000000311, -0.5000000000000000000, 0.02071067811865474201 ) ) ;
#3501 = FACE_OUTER_BOUND ( 'NONE', #970, .T. ) ;
#3502 = PRESENTATION_STYLE_ASSIGNMENT (( #2540 ) ) ;
#3503 = UNCERTAINTY_MEASURE_WITH_UNIT (LENGTH_MEASURE( 1.000000000000000082E-05 ), #2602, 'distance_accuracy_value', 'NONE');
#3504 = ADVANCED_FACE ( 'NONE', ( #2940 ), #309, .T. ) ;
#3505 =( NAMED_UNIT ( * ) PLANE_ANGLE_UNIT ( ) SI_UNIT ( $, .RADIAN. ) );
#3506 = LINE ( 'NONE', #1677, #3327 ) ;
#3507 = ORIENTED_EDGE ( 'NONE', *, *, #410, .T. ) ;
#3508 = DIRECTION ( 'NONE',  ( 0.0000000000000000000, 0.0000000000000000000, -1.000000000000000000 ) ) ;
#3509 = ORIENTED_EDGE ( 'NONE', *, *, #743, .F. ) ;
#3510 = VECTOR ( 'NONE', #2161, 1000.000000000000000 ) ;
#3511 =( LENGTH_UNIT ( ) NAMED_UNIT ( * ) SI_UNIT ( .MILLI., .METRE. ) );
#3512 = CARTESIAN_POINT ( 'NONE',  ( 1.649999999999999911, -0.4500000000000000111, 0.04999999999999999584 ) ) ;
#3513 = CARTESIAN_POINT ( 'NONE',  ( -0.1499999999999999944, -0.7750000000000000222, 0.0000000000000000000 ) ) ;
#3514 = CARTESIAN_POINT ( 'NONE',  ( -1.449999999999999956, -9.714451465470119729E-16, -0.05000000000000019706 ) ) ;
#3515 = MECHANICAL_DESIGN_GEOMETRIC_PRESENTATION_REPRESENTATION (  '', ( #778 ), #390 ) ;
#3516 = CARTESIAN_POINT ( 'NONE',  ( 0.1000000000000000056, 0.7999999999999999334, 0.1750000000000000167 ) ) ;
#3517 = VERTEX_POINT ( 'NONE', #3558 ) ;
#3518 = EDGE_CURVE ( 'NONE', #205, #3786, #1509, .T. ) ;
#3519 = AXIS2_PLACEMENT_3D ( 'NONE', #1837, #2194, #719 ) ;
#3520 =( NAMED_UNIT ( * ) SI_UNIT ( $, .STERADIAN. ) SOLID_ANGLE_UNIT ( ) );
#3521 = ORIENTED_EDGE ( 'NONE', *, *, #3798, .T. ) ;
#3522 =( GEOMETRIC_REPRESENTATION_CONTEXT ( 3 ) GLOBAL_UNCERTAINTY_ASSIGNED_CONTEXT ( ( #1555 ) ) GLOBAL_UNIT_ASSIGNED_CONTEXT ( ( #2421, #2405, #1673 ) ) REPRESENTATION_CONTEXT ( 'NONE', 'WORKASPACE' ) );
#3523 =( LENGTH_UNIT ( ) NAMED_UNIT ( * ) SI_UNIT ( .MILLI., .METRE. ) );
#3524 = EDGE_CURVE ( 'NONE', #2059, #3824, #158, .T. ) ;
#3525 =( NAMED_UNIT ( * ) SI_UNIT ( $, .STERADIAN. ) SOLID_ANGLE_UNIT ( ) );
#3526 = CARTESIAN_POINT ( 'NONE',  ( 0.2300000000000000100, -0.7800000000000000266, 0.5000000000000000000 ) ) ;
#3527 = UNCERTAINTY_MEASURE_WITH_UNIT (LENGTH_MEASURE( 1.000000000000000082E-05 ), #2686, 'distance_accuracy_value', 'NONE');
#3528 = COLOUR_RGB ( '',0.8196078431372548767, 0.8196078431372548767, 0.8196078431372548767 ) ;
#3529 = CARTESIAN_POINT ( 'NONE',  ( 1.650000000000000133, 0.0000000000000000000, 0.0000000000000000000 ) ) ;
#3530 = SURFACE_STYLE_USAGE ( .BOTH. , #2356 ) ;
#3531 = CARTESIAN_POINT ( 'NONE',  ( 0.06249999999999990979, -0.7750000000000000222, 0.02500000000000000139 ) ) ;
#3532 = CARTESIAN_POINT ( 'NONE',  ( 5.292923722050170360E-16, 0.0000000000000000000, 0.0000000000000000000 ) ) ;
#3533 = PRESENTATION_LAYER_ASSIGNMENT (  '', '', ( #677 ) ) ;
#3534 = UNCERTAINTY_MEASURE_WITH_UNIT (LENGTH_MEASURE( 1.000000000000000082E-05 ), #2864, 'distance_accuracy_value', 'NONE');
#3535 = FILL_AREA_STYLE_COLOUR ( '', #3384 ) ;
#3536 = FILL_AREA_STYLE_COLOUR ( '', #596 ) ;
#3537 = STYLED_ITEM ( 'NONE', ( #3679 ), #3236 ) ;
#3538 = CARTESIAN_POINT ( 'NONE',  ( 0.09682458365518539778, 0.7750000000000000222, 0.2000000000000000111 ) ) ;
#3539 = ORIENTED_EDGE ( 'NONE', *, *, #1709, .T. ) ;
#3540 = FILL_AREA_STYLE ('',( #2327 ) ) ;
#3541 = CARTESIAN_POINT ( 'NONE',  ( 0.09811087165636302176, -0.7804742606132302196, 0.1995483803875124362 ) ) ;
#3542 = EDGE_LOOP ( 'NONE', ( #184, #181, #1048, #2236, #1575, #582, #226, #2137 ) ) ;
#3543 = PRESENTATION_LAYER_ASSIGNMENT (  '', '', ( #3028 ) ) ;
#3544 =( REPRESENTATION_RELATIONSHIP ('NONE','NONE', #1953, #3263 ) REPRESENTATION_RELATIONSHIP_WITH_TRANSFORMATION ( #1276 )SHAPE_REPRESENTATION_RELATIONSHIP( ) );
#3545 = AXIS2_PLACEMENT_3D ( 'NONE', #3812, #906, #3270 ) ;
#3546 = PLANE ( 'NONE',  #457 ) ;
#3547 = CARTESIAN_POINT ( 'NONE',  ( -0.1300000000000005040, 0.7999999999999960476, 0.5000000000000000000 ) ) ;
#3548 = ORIENTED_EDGE ( 'NONE', *, *, #1623, .F. ) ;
#3549 = DIRECTION ( 'NONE',  ( 0.0000000000000000000, 0.0000000000000000000, 1.000000000000000000 ) ) ;
#3550 =( NAMED_UNIT ( * ) PLANE_ANGLE_UNIT ( ) SI_UNIT ( $, .RADIAN. ) );
#3551 = PRESENTATION_STYLE_ASSIGNMENT (( #2341 ) ) ;
#3552 = CARTESIAN_POINT ( 'NONE',  ( -0.09994581673678208655, -0.7962732649878038194, 0.1884261210297859535 ) ) ;
#3553 = SURFACE_SIDE_STYLE ('',( #2638 ) ) ;
#3554 = SURFACE_SIDE_STYLE ('',( #1203 ) ) ;
#3555 = SURFACE_SIDE_STYLE ('',( #2345 ) ) ;
#3556 = VERTEX_POINT ( 'NONE', #1187 ) ;
#3557 = CARTESIAN_POINT ( 'NONE',  ( 0.1499999999999999944, 0.5000000000000009992, 0.5000000000000000000 ) ) ;
#3558 = CARTESIAN_POINT ( 'NONE',  ( 0.2500000000000000000, 0.5200000000000010170, 0.5000000000000000000 ) ) ;
#3559 = DIRECTION ( 'NONE',  ( -0.0000000000000000000, 1.000000000000000000, 0.0000000000000000000 ) ) ;
#3560 = ORIENTED_EDGE ( 'NONE', *, *, #3518, .F. ) ;
#3561 = VERTEX_POINT ( 'NONE', #1426 ) ;
#3562 = EDGE_CURVE ( 'NONE', #3517, #1466, #3840, .T. ) ;
#3563 = UNCERTAINTY_MEASURE_WITH_UNIT (LENGTH_MEASURE( 1.000000000000000082E-05 ), #3285, 'distance_accuracy_value', 'NONE');
#3564 = PLANE ( 'NONE',  #328 ) ;
#3565 = SURFACE_SIDE_STYLE ('',( #606 ) ) ;
#3566 = PRESENTATION_LAYER_ASSIGNMENT (  '', '', ( #645 ) ) ;
#3567 = CARTESIAN_POINT ( 'NONE',  ( -0.09975480566152314377, -0.7927877479722105214, 0.1927866540347465407 ) ) ;
#3568 = EDGE_CURVE ( 'NONE', #3470, #685, #617, .T. ) ;
#3569 = MECHANICAL_DESIGN_GEOMETRIC_PRESENTATION_REPRESENTATION (  '', ( #1762 ), #1882 ) ;
#3570 = UNCERTAINTY_MEASURE_WITH_UNIT (LENGTH_MEASURE( 1.000000000000000082E-05 ), #269, 'distance_accuracy_value', 'NONE');
#3571 = DIRECTION ( 'NONE',  ( -6.938893903907229918E-18, -6.591468140074329765E-17, -1.000000000000000000 ) ) ;
#3572 = CARTESIAN_POINT ( 'NONE',  ( 0.09775752414749583341, 0.7788536133195919087, 0.1997772899930104762 ) ) ;
#3573 = VERTEX_POINT ( 'NONE', #870 ) ;
#3574 = CARTESIAN_POINT ( 'NONE',  ( -1.649999999999999911, -0.4500000000000000111, 0.05000000000000000971 ) ) ;
#3575 = DIRECTION ( 'NONE',  ( -0.0000000000000000000, 1.000000000000000000, 0.0000000000000000000 ) ) ;
#3576 = CARTESIAN_POINT ( 'NONE',  ( 0.2500000000000000000, -1.647987302177969895E-15, 0.5000000000000000000 ) ) ;
#3577 = SURFACE_STYLE_FILL_AREA ( #16 ) ;
#3578 = ORIENTED_EDGE ( 'NONE', *, *, #1901, .F. ) ;
#3579 = FACE_OUTER_BOUND ( 'NONE', #676, .T. ) ;
#3580 = AXIS2_PLACEMENT_3D ( 'NONE', #791, #1121, #3443 ) ;
#3581 = PRESENTATION_LAYER_ASSIGNMENT (  '', '', ( #3701 ) ) ;
#3582 = MECHANICAL_DESIGN_GEOMETRIC_PRESENTATION_REPRESENTATION (  '', ( #3641 ), #2151 ) ;
#3583 =( LENGTH_UNIT ( ) NAMED_UNIT ( * ) SI_UNIT ( .MILLI., .METRE. ) );
#3584 = LINE ( 'NONE', #917, #3647 ) ;
#3585 = ORIENTED_EDGE ( 'NONE', *, *, #2083, .F. ) ;
#3586 = AXIS2_PLACEMENT_3D ( 'NONE', #1069, #1110, #134 ) ;
#3587 = EDGE_CURVE ( 'NONE', #755, #1353, #482, .T. ) ;
#3588 =( GEOMETRIC_REPRESENTATION_CONTEXT ( 3 ) GLOBAL_UNCERTAINTY_ASSIGNED_CONTEXT ( ( #77 ) ) GLOBAL_UNIT_ASSIGNED_CONTEXT ( ( #3474, #3116, #431 ) ) REPRESENTATION_CONTEXT ( 'NONE', 'WORKASPACE' ) );
#3589 = FILL_AREA_STYLE ('',( #628 ) ) ;
#3590 = CARTESIAN_POINT ( 'NONE',  ( 1.600000000000000089, -0.4500000000000000111, 0.05000000000000000971 ) ) ;
#3591 = PRESENTATION_LAYER_ASSIGNMENT (  '', '', ( #2224 ) ) ;
#3592 = FILL_AREA_STYLE_COLOUR ( '', #783 ) ;
#3593 = SHAPE_DEFINITION_REPRESENTATION ( #2196, #3088 ) ;
#3594 = ORIENTED_EDGE ( 'NONE', *, *, #1401, .F. ) ;
#3595 =( LENGTH_UNIT ( ) NAMED_UNIT ( * ) SI_UNIT ( .MILLI., .METRE. ) );
#3596 = AXIS2_PLACEMENT_3D ( 'NONE', #1292, #3607, #1272 ) ;
#3597 = CARTESIAN_POINT ( 'NONE',  ( -0.1499999999999999944, 0.7750000000000000222, 0.1750000000000000167 ) ) ;
#3598 = ORIENTED_EDGE ( 'NONE', *, *, #3220, .T. ) ;
#3599 = VECTOR ( 'NONE', #3575, 1000.000000000000000 ) ;
#3600 =( GEOMETRIC_REPRESENTATION_CONTEXT ( 3 ) GLOBAL_UNCERTAINTY_ASSIGNED_CONTEXT ( ( #3534 ) ) GLOBAL_UNIT_ASSIGNED_CONTEXT ( ( #2864, #750, #1615 ) ) REPRESENTATION_CONTEXT ( 'NONE', 'WORKASPACE' ) );
#3601 = DIRECTION ( 'NONE',  ( -1.000000000000000000, 0.0000000000000000000, 0.0000000000000000000 ) ) ;
#3602 = ORIENTED_EDGE ( 'NONE', *, *, #1623, .T. ) ;
#3603 = MECHANICAL_DESIGN_GEOMETRIC_PRESENTATION_REPRESENTATION (  '', ( #1405 ), #3356 ) ;
#3604 = PLANE ( 'NONE',  #71 ) ;
#3605 = CARTESIAN_POINT ( 'NONE',  ( -1.649999999999999911, -0.4499999999999999556, 0.05000000000000002359 ) ) ;
#3606 = PRODUCT_DEFINITION_FORMATION_WITH_SPECIFIED_SOURCE ( 'ANY', '', #92, .NOT_KNOWN. ) ;
#3607 = DIRECTION ( 'NONE',  ( 0.0000000000000000000, 0.0000000000000000000, 1.000000000000000000 ) ) ;
#3608 = FILL_AREA_STYLE_COLOUR ( '', #647 ) ;
#3609 = APPLICATION_PROTOCOL_DEFINITION ( 'draft international standard', 'automotive_design', 1998, #959 ) ;
#3610 = EDGE_LOOP ( 'NONE', ( #2190, #2483, #1869, #3784 ) ) ;
#3611 = DIRECTION ( 'NONE',  ( 0.0000000000000000000, -1.000000000000000000, -0.0000000000000000000 ) ) ;
#3612 = ADVANCED_FACE ( 'NONE', ( #1801 ), #1484, .T. ) ;
#3613 = FILL_AREA_STYLE_COLOUR ( '', #1726 ) ;
#3614 = DIRECTION ( 'NONE',  ( -1.000000000000000000, -0.0000000000000000000, -0.0000000000000000000 ) ) ;
#3615 = APPLICATION_CONTEXT ( 'automotive_design' ) ;
#3616 = SURFACE_STYLE_USAGE ( .BOTH. , #3276 ) ;
#3617 = ORIENTED_EDGE ( 'NONE', *, *, #3736, .T. ) ;
#3618 = EDGE_CURVE ( 'NONE', #1899, #1015, #407, .T. ) ;
#3619 =( NAMED_UNIT ( * ) SI_UNIT ( $, .STERADIAN. ) SOLID_ANGLE_UNIT ( ) );
#3620 = ORIENTED_EDGE ( 'NONE', *, *, #2798, .T. ) ;
#3621 =( NAMED_UNIT ( * ) SI_UNIT ( $, .STERADIAN. ) SOLID_ANGLE_UNIT ( ) );
#3622 = CARTESIAN_POINT ( 'NONE',  ( 1.629289321881344899, 0.4999999999999998890, 0.1792893218813452483 ) ) ;
#3623 = FILL_AREA_STYLE_COLOUR ( '', #2271 ) ;
#3624 = CARTESIAN_POINT ( 'NONE',  ( 0.09999999999999989453, -0.7896446609406725381, 0.01642135623730952079 ) ) ;
#3625 = VERTEX_POINT ( 'NONE', #3670 ) ;
#3626 = FILL_AREA_STYLE ('',( #1612 ) ) ;
#3627 = COLOUR_RGB ( '',0.8196078431372548767, 0.8196078431372548767, 0.8196078431372548767 ) ;
#3628 = STYLED_ITEM ( 'NONE', ( #3766 ), #1070 ) ;
#3629 = CYLINDRICAL_SURFACE ( 'NONE', #2025, 0.05000000000000000971 ) ;
#3630 = CIRCLE ( 'NONE', #2366, 0.02500000000000000833 ) ;
#3631 = VERTEX_POINT ( 'NONE', #2409 ) ;
#3632 = EDGE_CURVE ( 'NONE', #2871, #2350, #2333, .T. ) ;
#3633 = SURFACE_STYLE_USAGE ( .BOTH. , #2180 ) ;
#3634 = COLOUR_RGB ( '',0.8196078431372548767, 0.8196078431372548767, 0.8196078431372548767 ) ;
#3635 = CARTESIAN_POINT ( 'NONE',  ( -1.649999999999999911, -0.4499999999999999556, 0.1500000000000000222 ) ) ;
#3636 = VERTEX_POINT ( 'NONE', #1871 ) ;
#3637 = FILL_AREA_STYLE ('',( #21 ) ) ;
#3638 = VECTOR ( 'NONE', #2679, 1000.000000000000000 ) ;
#3639 = UNCERTAINTY_MEASURE_WITH_UNIT (LENGTH_MEASURE( 1.000000000000000082E-05 ), #3216, 'distance_accuracy_value', 'NONE');
#3640 = FILL_AREA_STYLE ('',( #1167 ) ) ;
#3641 = STYLED_ITEM ( 'NONE', ( #2880 ), #2023 ) ;
#3642 =( GEOMETRIC_REPRESENTATION_CONTEXT ( 3 ) GLOBAL_UNCERTAINTY_ASSIGNED_CONTEXT ( ( #2080 ) ) GLOBAL_UNIT_ASSIGNED_CONTEXT ( ( #944, #320, #3621 ) ) REPRESENTATION_CONTEXT ( 'NONE', 'WORKASPACE' ) );
#3643 = CARTESIAN_POINT ( 'NONE',  ( 1.600000000000000311, 0.4792893218813452649, 0.2000000000000000111 ) ) ;
#3644 = SURFACE_STYLE_FILL_AREA ( #2481 ) ;
#3645 = SHAPE_DEFINITION_REPRESENTATION ( #3347, #1953 ) ;
#3646 = ORIENTED_EDGE ( 'NONE', *, *, #3096, .T. ) ;
#3647 = VECTOR ( 'NONE', #2101, 1000.000000000000000 ) ;
#3648 = LINE ( 'NONE', #679, #98 ) ;
#3649 = DIRECTION ( 'NONE',  ( 0.0000000000000000000, 0.0000000000000000000, 1.000000000000000000 ) ) ;
#3650 =( LENGTH_UNIT ( ) NAMED_UNIT ( * ) SI_UNIT ( .MILLI., .METRE. ) );
#3651 = ORIENTED_EDGE ( 'NONE', *, *, #483, .F. ) ;
#3652 =( GEOMETRIC_REPRESENTATION_CONTEXT ( 3 ) GLOBAL_UNCERTAINTY_ASSIGNED_CONTEXT ( ( #2930 ) ) GLOBAL_UNIT_ASSIGNED_CONTEXT ( ( #1748, #1420, #3808 ) ) REPRESENTATION_CONTEXT ( 'NONE', 'WORKASPACE' ) );
#3653 = EDGE_CURVE ( 'NONE', #2486, #1919, #2398, .T. ) ;
#3654 = CARTESIAN_POINT ( 'NONE',  ( -1.649999999999999911, 0.4499999999999999556, 0.05000000000000002359 ) ) ;
#3655 = AXIS2_PLACEMENT_3D ( 'NONE', #683, #108, #738 ) ;
#3656 = DIRECTION ( 'NONE',  ( 1.000000000000000000, 0.0000000000000000000, 0.0000000000000000000 ) ) ;
#3657 = EDGE_CURVE ( 'NONE', #1060, #1821, #3648, .T. ) ;
#3658 = CARTESIAN_POINT ( 'NONE',  ( -0.1000000000000000056, 0.7999999999999999334, 0.02500000000000000139 ) ) ;
#3659 = CARTESIAN_POINT ( 'NONE',  ( 0.09999999999999989453, 0.7835786437626904855, 0.1896446609406726158 ) ) ;
#3660 = FILL_AREA_STYLE ('',( #2203 ) ) ;
#3661 = AXIS2_PLACEMENT_3D ( 'NONE', #2114, #3649, #2153 ) ;
#3662 =( REPRESENTATION_RELATIONSHIP ('NONE','NONE', #1953, #1907 ) REPRESENTATION_RELATIONSHIP_WITH_TRANSFORMATION ( #3290 )SHAPE_REPRESENTATION_RELATIONSHIP( ) );
#3663 = FILL_AREA_STYLE_COLOUR ( '', #2215 ) ;
#3664 = DIRECTION ( 'NONE',  ( -0.0000000000000000000, -0.0000000000000000000, -1.000000000000000000 ) ) ;
#3665 = PRESENTATION_STYLE_ASSIGNMENT (( #82 ) ) ;
#3666 = APPLICATION_PROTOCOL_DEFINITION ( 'draft international standard', 'automotive_design', 1998, #3498 ) ;
#3667 = CARTESIAN_POINT ( 'NONE',  ( 0.07499999999999990008, 0.7999999999999999334, 0.02500000000000006384 ) ) ;
#3668 = ORIENTED_EDGE ( 'NONE', *, *, #2251, .T. ) ;
#3669 =( NAMED_UNIT ( * ) PLANE_ANGLE_UNIT ( ) SI_UNIT ( $, .RADIAN. ) );
#3670 = CARTESIAN_POINT ( 'NONE',  ( -0.1000000000000000056, -0.7999999999999999334, 0.02500000000000000486 ) ) ;
#3671 = DIRECTION ( 'NONE',  ( 0.0000000000000000000, 0.0000000000000000000, 1.000000000000000000 ) ) ;
#3672 = ORIENTED_EDGE ( 'NONE', *, *, #1847, .T. ) ;
#3673 = CARTESIAN_POINT ( 'NONE',  ( -0.09991856965690928960, 0.7959652214785235547, 0.1886183511614458463 ) ) ;
#3674 = CARTESIAN_POINT ( 'NONE',  ( -1.629289321881344899, -0.4499999999999999556, 0.0000000000000000000 ) ) ;
#3675 = ORIENTED_EDGE ( 'NONE', *, *, #3118, .T. ) ;
#3676 = CARTESIAN_POINT ( 'NONE',  ( -0.1299999999999999767, 0.7799999999999930322, 0.0000000000000000000 ) ) ;
#3677 = UNCERTAINTY_MEASURE_WITH_UNIT (LENGTH_MEASURE( 1.000000000000000082E-05 ), #2244, 'distance_accuracy_value', 'NONE');
#3678 = CARTESIAN_POINT ( 'NONE',  ( 1.650000000000000133, 0.4500000000000000111, 0.0000000000000000000 ) ) ;
#3679 = PRESENTATION_STYLE_ASSIGNMENT (( #2480 ) ) ;
#3680 = ADVANCED_FACE ( 'NONE', ( #2449 ), #2129, .T. ) ;
#3681 = UNCERTAINTY_MEASURE_WITH_UNIT (LENGTH_MEASURE( 1.000000000000000082E-05 ), #2013, 'distance_accuracy_value', 'NONE');
#3682 = CARTESIAN_POINT ( 'NONE',  ( 1.649999999999999911, 0.4500000000000000111, 0.1499999999999999944 ) ) ;
#3683 = CARTESIAN_POINT ( 'NONE',  ( -1.629289321881344899, 0.5000000000000000000, 0.1499999999999999944 ) ) ;
#3684 = DIRECTION ( 'NONE',  ( -0.0000000000000000000, 0.0000000000000000000, -1.000000000000000000 ) ) ;
#3685 = EDGE_LOOP ( 'NONE', ( #2671, #3383, #341, #3672 ) ) ;
#3686 = DIRECTION ( 'NONE',  ( 1.000000000000000000, 0.0000000000000000000, -0.0000000000000000000 ) ) ;
#3687 = EDGE_CURVE ( 'NONE', #2430, #173, #2781, .T. ) ;
#3688 =( REPRESENTATION_RELATIONSHIP ('NONE','NONE', #1953, #3088 ) REPRESENTATION_RELATIONSHIP_WITH_TRANSFORMATION ( #1931 )SHAPE_REPRESENTATION_RELATIONSHIP( ) );
#3689 = AXIS2_PLACEMENT_3D ( 'NONE', #112, #3699, #1622 ) ;
#3690 = LINE ( 'NONE', #1026, #3280 ) ;
#3691 =( LENGTH_UNIT ( ) NAMED_UNIT ( * ) SI_UNIT ( .MILLI., .METRE. ) );
#3692 = VERTEX_POINT ( 'NONE', #2763 ) ;
#3693 = COLOUR_RGB ( '',0.8196078431372548767, 0.8196078431372548767, 0.8196078431372548767 ) ;
#3694 = AXIS2_PLACEMENT_3D ( 'NONE', #3030, #3047, #114 ) ;
#3695 = CARTESIAN_POINT ( 'NONE',  ( -1.649999999999999911, 0.4499999999999999556, 0.02071067811865475589 ) ) ;
#3696 =( NAMED_UNIT ( * ) PLANE_ANGLE_UNIT ( ) SI_UNIT ( $, .RADIAN. ) );
#3697 = SURFACE_STYLE_USAGE ( .BOTH. , #451 ) ;
#3698 = CARTESIAN_POINT ( 'NONE',  ( -0.09985811188524051918, -0.7944680255264698898, 0.009076740971262688140 ) ) ;
#3699 = DIRECTION ( 'NONE',  ( 0.0000000000000000000, 0.0000000000000000000, 1.000000000000000000 ) ) ;
#3700 = SURFACE_STYLE_FILL_AREA ( #3062 ) ;
#3701 = STYLED_ITEM ( 'NONE', ( #2319 ), #852 ) ;
#3702 = FACE_OUTER_BOUND ( 'NONE', #3108, .T. ) ;
#3703 = FILL_AREA_STYLE ('',( #2555 ) ) ;
#3704 =( GEOMETRIC_REPRESENTATION_CONTEXT ( 3 ) GLOBAL_UNCERTAINTY_ASSIGNED_CONTEXT ( ( #3119 ) ) GLOBAL_UNIT_ASSIGNED_CONTEXT ( ( #3691, #3382, #3054 ) ) REPRESENTATION_CONTEXT ( 'NONE', 'WORKASPACE' ) );
#3705 =( GEOMETRIC_REPRESENTATION_CONTEXT ( 3 ) GLOBAL_UNCERTAINTY_ASSIGNED_CONTEXT ( ( #1608 ) ) GLOBAL_UNIT_ASSIGNED_CONTEXT ( ( #3441, #1355, #2844 ) ) REPRESENTATION_CONTEXT ( 'NONE', 'WORKASPACE' ) );
#3706 = DIRECTION ( 'NONE',  ( 0.0000000000000000000, 1.000000000000000000, 0.0000000000000000000 ) ) ;
#3707 = ORIENTED_EDGE ( 'NONE', *, *, #2998, .F. ) ;
#3708 = SURFACE_STYLE_FILL_AREA ( #2423 ) ;
#3709 = EDGE_CURVE ( 'NONE', #665, #2054, #3690, .T. ) ;
#3710 = CARTESIAN_POINT ( 'NONE',  ( -0.1000000000000000056, 0.7750000000000000222, 0.0000000000000000000 ) ) ;
#3711 = FILL_AREA_STYLE_COLOUR ( '', #222 ) ;
#3712 = ORIENTED_EDGE ( 'NONE', *, *, #3479, .T. ) ;
#3713 =( GEOMETRIC_REPRESENTATION_CONTEXT ( 3 ) GLOBAL_UNCERTAINTY_ASSIGNED_CONTEXT ( ( #2373 ) ) GLOBAL_UNIT_ASSIGNED_CONTEXT ( ( #894, #2665, #546 ) ) REPRESENTATION_CONTEXT ( 'NONE', 'WORKASPACE' ) );
#3714 = AXIS2_PLACEMENT_3D ( 'NONE', #887, #2672, #327 ) ;
#3715 = EDGE_CURVE ( 'NONE', #3692, #1043, #3404, .T. ) ;
#3716 = CARTESIAN_POINT ( 'NONE',  ( -1.629289321881345121, 0.4499999999999999556, 2.531160059757831371E-17 ) ) ;
#3717 = PRESENTATION_STYLE_ASSIGNMENT (( #3752 ) ) ;
#3718 = EDGE_LOOP ( 'NONE', ( #104, #2893, #1937, #2841, #2561, #3199, #110, #430 ) ) ;
#3719 = SURFACE_STYLE_FILL_AREA ( #2513 ) ;
#3720 = PLANE ( 'NONE',  #2259 ) ;
#3721 = VECTOR ( 'NONE', #587, 1000.000000000000000 ) ;
#3722 = PRODUCT_DEFINITION_SHAPE ( 'NONE', 'NONE',  #539 ) ;
#3723 = VECTOR ( 'NONE', #500, 1000.000000000000000 ) ;
#3724 = CARTESIAN_POINT ( 'NONE',  ( -0.1299999999999999767, -0.7999999999999999334, 0.5000000000000000000 ) ) ;
#3725 = DIRECTION ( 'NONE',  ( -1.000000000000000000, -0.0000000000000000000, 0.0000000000000000000 ) ) ;
#3726 = CARTESIAN_POINT ( 'NONE',  ( -0.09994581673678208655, 0.7962732649878038194, 0.01157387897021406285 ) ) ;
#3727 = MECHANICAL_DESIGN_GEOMETRIC_PRESENTATION_REPRESENTATION (  '', ( #1914 ), #2232 ) ;
#3728 = UNCERTAINTY_MEASURE_WITH_UNIT (LENGTH_MEASURE( 1.000000000000000082E-05 ), #2708, 'distance_accuracy_value', 'NONE');
#3729 =( NAMED_UNIT ( * ) SI_UNIT ( $, .STERADIAN. ) SOLID_ANGLE_UNIT ( ) );
#3730 = MECHANICAL_DESIGN_GEOMETRIC_PRESENTATION_REPRESENTATION (  '', ( #684 ), #298 ) ;
#3731 = ORIENTED_EDGE ( 'NONE', *, *, #3632, .T. ) ;
#3732 = PRODUCT_DEFINITION_FORMATION_WITH_SPECIFIED_SOURCE ( 'ANY', '', #3378, .NOT_KNOWN. ) ;
#3733 = DIRECTION ( 'NONE',  ( -0.0000000000000000000, -1.000000000000000000, -0.0000000000000000000 ) ) ;
#3734 = DIRECTION ( 'NONE',  ( -0.0000000000000000000, 1.000000000000000000, -0.0000000000000000000 ) ) ;
#3735 = ORIENTED_EDGE ( 'NONE', *, *, #2603, .T. ) ;
#3736 = EDGE_CURVE ( 'NONE', #2871, #3692, #682, .T. ) ;
#3737 =( NAMED_UNIT ( * ) PLANE_ANGLE_UNIT ( ) SI_UNIT ( $, .RADIAN. ) );
#3738 = ORIENTED_EDGE ( 'NONE', *, *, #3436, .T. ) ;
#3739 = DIRECTION ( 'NONE',  ( 1.000000000000000000, 0.0000000000000000000, 0.0000000000000000000 ) ) ;
#3740 = DIRECTION ( 'NONE',  ( -1.000000000000000000, 0.0000000000000000000, 0.0000000000000000000 ) ) ;
#3741 = ADVANCED_FACE ( 'NONE', ( #598 ), #2349, .T. ) ;
#3742 = CARTESIAN_POINT ( 'NONE',  ( 0.07499999999999990008, -0.7896446609406725381, 0.2000000000000000944 ) ) ;
#3743 = PRESENTATION_STYLE_ASSIGNMENT (( #2796 ) ) ;
#3744 = CARTESIAN_POINT ( 'NONE',  ( 0.1000000000000000056, 0.8000000000000000444, 0.0000000000000000000 ) ) ;
#3745 = SURFACE_SIDE_STYLE ('',( #199 ) ) ;
#3746 = EDGE_LOOP ( 'NONE', ( #1988, #3365, #815 ) ) ;
#3747 = DIRECTION ( 'NONE',  ( 1.000000000000000000, 0.0000000000000000000, 0.0000000000000000000 ) ) ;
#3748 = SURFACE_STYLE_USAGE ( .BOTH. , #2884 ) ;
#3749 = CARTESIAN_POINT ( 'NONE',  ( 1.600000000000000089, 0.4500000000000000111, 0.05000000000000000278 ) ) ;
#3750 = ORIENTED_EDGE ( 'NONE', *, *, #483, .T. ) ;
#3751 = EDGE_CURVE ( 'NONE', #2054, #2871, #2922, .T. ) ;
#3752 = SURFACE_STYLE_USAGE ( .BOTH. , #2268 ) ;
#3753 = FACE_OUTER_BOUND ( 'NONE', #504, .T. ) ;
#3754 = LINE ( 'NONE', #1905, #348 ) ;
#3755 = SURFACE_STYLE_FILL_AREA ( #542 ) ;
#3756 = PRESENTATION_LAYER_ASSIGNMENT (  '', '', ( #1558 ) ) ;
#3757 = CARTESIAN_POINT ( 'NONE',  ( 0.08964466094067252699, -0.7896446609406725381, 0.2000000000000000389 ) ) ;
#3758 = PRESENTATION_STYLE_ASSIGNMENT (( #2811 ) ) ;
#3759 = PRESENTATION_LAYER_ASSIGNMENT (  '', '', ( #132 ) ) ;
#3760 = B_SPLINE_CURVE_WITH_KNOTS ( 'NONE', 3,
 ( #3281, #1807, #2981, #2680, #773, #2220, #414, #3412, #3698, #3447, #2835, #3163, #152, #1942, #1344, #3389 ),
 .UNSPECIFIED., .F., .F.,
 ( 4, 3, 3, 3, 3, 4 ),
 ( 3.322867395968679276E-22, 8.373605580862388898E-06, 1.675850579264809835E-05, 2.500466926416709923E-05, 3.330517279573247570E-05, 3.931127940239100444E-05 ),
 .UNSPECIFIED. ) ;
#3761 = CARTESIAN_POINT ( 'NONE',  ( 1.600000000000000089, -0.5000000000000000000, 0.04999999999997607053 ) ) ;
#3762 =( NAMED_UNIT ( * ) SI_UNIT ( $, .STERADIAN. ) SOLID_ANGLE_UNIT ( ) );
#3763 = FILL_AREA_STYLE ('',( #763 ) ) ;
#3764 = VERTEX_POINT ( 'NONE', #310 ) ;
#3765 = CARTESIAN_POINT ( 'NONE',  ( -1.600000000000000089, 0.4500000000000000111, 0.05000000000000000278 ) ) ;
#3766 = PRESENTATION_STYLE_ASSIGNMENT (( #3467 ) ) ;
#3767 =( LENGTH_UNIT ( ) NAMED_UNIT ( * ) SI_UNIT ( .MILLI., .METRE. ) );
#3768 = ORIENTED_EDGE ( 'NONE', *, *, #3632, .F. ) ;
#3769 = CARTESIAN_POINT ( 'NONE',  ( 1.600000000000000311, -0.4792893218813452649, 0.2000000000000000111 ) ) ;
#3770 = PRESENTATION_STYLE_ASSIGNMENT (( #3800 ) ) ;
#3771 = ORIENTED_EDGE ( 'NONE', *, *, #3299, .T. ) ;
#3772 = DIRECTION ( 'NONE',  ( 0.0000000000000000000, 0.0000000000000000000, 1.000000000000000000 ) ) ;
#3773 =( GEOMETRIC_REPRESENTATION_CONTEXT ( 3 ) GLOBAL_UNCERTAINTY_ASSIGNED_CONTEXT ( ( #573 ) ) GLOBAL_UNIT_ASSIGNED_CONTEXT ( ( #971, #2733, #1117 ) ) REPRESENTATION_CONTEXT ( 'NONE', 'WORKASPACE' ) );
#3774 = CARTESIAN_POINT ( 'NONE',  ( 0.09931306210615928332, -0.7882989019704068623, 0.003830701325232633517 ) ) ;
#3775 = CIRCLE ( 'NONE', #1719, 0.02500000000000000486 ) ;
#3776 =( NAMED_UNIT ( * ) SI_UNIT ( $, .STERADIAN. ) SOLID_ANGLE_UNIT ( ) );
#3777 = LINE ( 'NONE', #157, #2961 ) ;
#3778 = EDGE_CURVE ( 'NONE', #1193, #1965, #2661, .T. ) ;
#3779 =( NAMED_UNIT ( * ) SI_UNIT ( $, .STERADIAN. ) SOLID_ANGLE_UNIT ( ) );
#3780 = CYLINDRICAL_SURFACE ( 'NONE', #855, 0.04999999999999991257 ) ;
#3781 = STYLED_ITEM ( 'NONE', ( #2038 ), #3741 ) ;
#3782 = DIRECTION ( 'NONE',  ( -0.0000000000000000000, -0.0000000000000000000, -1.000000000000000000 ) ) ;
#3783 = FILL_AREA_STYLE_COLOUR ( '', #2046 ) ;
#3784 = ORIENTED_EDGE ( 'NONE', *, *, #43, .T. ) ;
#3785 = CARTESIAN_POINT ( 'NONE',  ( 1.600000000000000089, -0.5000000000000000000, 0.0000000000000000000 ) ) ;
#3786 = VERTEX_POINT ( 'NONE', #1485 ) ;
#3787 = CARTESIAN_POINT ( 'NONE',  ( 0.09812811978187616080, -0.7807419598212949063, 0.0006683354896543981273 ) ) ;
#3788 = CARTESIAN_POINT ( 'NONE',  ( -1.273937552670470175E-16, -2.168404344971010024E-18, 0.0000000000000000000 ) ) ;
#3789 = UNCERTAINTY_MEASURE_WITH_UNIT (LENGTH_MEASURE( 1.000000000000000082E-05 ), #1840, 'distance_accuracy_value', 'NONE');
#3790 = SURFACE_SIDE_STYLE ('',( #2598 ) ) ;
#3791 = PRESENTATION_STYLE_ASSIGNMENT (( #1746 ) ) ;
#3792 = EDGE_CURVE ( 'NONE', #748, #2486, #2364, .T. ) ;
#3793 = CARTESIAN_POINT ( 'NONE',  ( 0.2300000000000000100, 0.5200000000000010170, 0.5000000000000000000 ) ) ;
#3794 =( LENGTH_UNIT ( ) NAMED_UNIT ( * ) SI_UNIT ( .MILLI., .METRE. ) );
#3795 = SURFACE_STYLE_FILL_AREA ( #1463 ) ;
#3796 = CARTESIAN_POINT ( 'NONE',  ( 1.550000000000000044, -4.163336342344340478E-16, -0.2000000000000000111 ) ) ;
#3797 = CARTESIAN_POINT ( 'NONE',  ( 0.1000000000000000056, -0.8000000000000000444, 0.1750000000000000167 ) ) ;
#3798 = EDGE_CURVE ( 'NONE', #3314, #1816, #3846, .T. ) ;
#3799 = PRESENTATION_STYLE_ASSIGNMENT (( #1413 ) ) ;
#3800 = SURFACE_STYLE_USAGE ( .BOTH. , #2040 ) ;
#3801 = ORIENTED_EDGE ( 'NONE', *, *, #3268, .F. ) ;
#3802 = SURFACE_STYLE_USAGE ( .BOTH. , #892 ) ;
#3803 =( REPRESENTATION_RELATIONSHIP ('NONE','NONE', #1953, #3263 ) REPRESENTATION_RELATIONSHIP_WITH_TRANSFORMATION ( #1480 )SHAPE_REPRESENTATION_RELATIONSHIP( ) );
#3804 = SURFACE_STYLE_USAGE ( .BOTH. , #2650 ) ;
#3805 = CIRCLE ( 'NONE', #3243, 0.02500000000000000833 ) ;
#3806 = VECTOR ( 'NONE', #1388, 1000.000000000000000 ) ;
#3807 =( LENGTH_UNIT ( ) NAMED_UNIT ( * ) SI_UNIT ( .MILLI., .METRE. ) );
#3808 =( NAMED_UNIT ( * ) SI_UNIT ( $, .STERADIAN. ) SOLID_ANGLE_UNIT ( ) );
#3809 = VECTOR ( 'NONE', #821, 1000.000000000000000 ) ;
#3810 = VECTOR ( 'NONE', #1003, 1000.000000000000000 ) ;
#3811 = ADVANCED_FACE ( 'NONE', ( #538 ), #1721, .T. ) ;
#3812 = CARTESIAN_POINT ( 'NONE',  ( 0.9499999999999980682, -9.714451465470119729E-16, -0.05000000000000019706 ) ) ;
#3813 = CARTESIAN_POINT ( 'NONE',  ( 0.08964466094067254087, 0.7999999999999999334, 0.02500000000000006037 ) ) ;
#3814 = ORIENTED_EDGE ( 'NONE', *, *, #3687, .T. ) ;
#3815 = EDGE_CURVE ( 'NONE', #1412, #1424, #1259, .T. ) ;
#3816 = COLOUR_RGB ( '',0.0000000000000000000, 0.0000000000000000000, 0.0000000000000000000 ) ;
#3817 = VECTOR ( 'NONE', #1563, 1000.000000000000000 ) ;
#3818 = CARTESIAN_POINT ( 'NONE',  ( 5.551115123125779744E-16, -0.5000000000000000000, 0.0000000000000000000 ) ) ;
#3819 = SURFACE_STYLE_FILL_AREA ( #2328 ) ;
#3820 = VERTEX_POINT ( 'NONE', #2425 ) ;
#3821 = FILL_AREA_STYLE_COLOUR ( '', #3627 ) ;
#3822 = COLOUR_RGB ( '',0.8196078431372548767, 0.8196078431372548767, 0.8196078431372548767 ) ;
#3823 = CARTESIAN_POINT ( 'NONE',  ( -8.673617379884040402E-17, 0.8000000000000000444, 0.0000000000000000000 ) ) ;
#3824 = VERTEX_POINT ( 'NONE', #3038 ) ;
#3825 = MECHANICAL_DESIGN_GEOMETRIC_PRESENTATION_REPRESENTATION (  '', ( #3267 ), #2697 ) ;
#3826 = UNCERTAINTY_MEASURE_WITH_UNIT (LENGTH_MEASURE( 1.000000000000000082E-05 ), #3583, 'distance_accuracy_value', 'NONE');
#3827 = PRESENTATION_LAYER_ASSIGNMENT (  '', '', ( #1653 ) ) ;
#3828 =( NAMED_UNIT ( * ) PLANE_ANGLE_UNIT ( ) SI_UNIT ( $, .RADIAN. ) );
#3829 = LINE ( 'NONE', #1712, #3060 ) ;
#3830 = DIRECTION ( 'NONE',  ( 1.000000000000000000, 0.0000000000000000000, -0.0000000000000000000 ) ) ;
#3831 = AXIS2_PLACEMENT_3D ( 'NONE', #2655, #238, #2106 ) ;
#3832 = UNCERTAINTY_MEASURE_WITH_UNIT (LENGTH_MEASURE( 1.000000000000000082E-05 ), #1132, 'distance_accuracy_value', 'NONE');
#3833 = LINE ( 'NONE', #2359, #3817 ) ;
#3834 =( NAMED_UNIT ( * ) SI_UNIT ( $, .STERADIAN. ) SOLID_ANGLE_UNIT ( ) );
#3835 = COLOUR_RGB ( '',0.0000000000000000000, 0.0000000000000000000, 0.0000000000000000000 ) ;
#3836 = CARTESIAN_POINT ( 'NONE',  ( 0.08964466094067254087, 0.7999999999999999334, 0.01035533905932746815 ) ) ;
#3837 = ORIENTED_EDGE ( 'NONE', *, *, #1242, .F. ) ;
#3838 = CARTESIAN_POINT ( 'NONE',  ( 0.0000000000000000000, 0.8000000000000000444, 0.0000000000000000000 ) ) ;
#3839 = AXIS2_PLACEMENT_3D ( 'NONE', #2921, #934, #597 ) ;
#3840 = LINE ( 'NONE', #2621, #3599 ) ;
#3841 = FACE_OUTER_BOUND ( 'NONE', #2346, .T. ) ;
#3842 = ORIENTED_EDGE ( 'NONE', *, *, #3587, .F. ) ;
#3843 = EDGE_CURVE ( 'NONE', #2881, #487, #333, .T. ) ;
#3844 = VECTOR ( 'NONE', #1207, 1000.000000000000000 ) ;
#3845 = SURFACE_STYLE_USAGE ( .BOTH. , #1472 ) ;
#3846 = B_SPLINE_CURVE_WITH_KNOTS ( 'NONE', 3,
 ( #1449, #556, #3541, #1427, #2074, #3256, #1157, #2057, #618, #1802, #2977, #2388, #828, #3229, #2020, #3197 ),
 .UNSPECIFIED., .F., .F.,
 ( 4, 3, 3, 3, 3, 4 ),
 ( 0.0000000000000000000, 8.373605580862399062E-06, 1.675850579264810851E-05, 2.500466926416711617E-05, 3.330517279573248248E-05, 3.931127940239101122E-05 ),
 .UNSPECIFIED. ) ;
#3847 = EDGE_CURVE ( 'NONE', #2782, #851, #3294, .T. ) ;
#3848 = SURFACE_SIDE_STYLE ('',( #1177 ) ) ;
#3849 = DIRECTION ( 'NONE',  ( -1.000000000000000000, -0.0000000000000000000, 0.0000000000000000000 ) ) ;
#3850 = ORIENTED_EDGE ( 'NONE', *, *, #2933, .T. ) ;
#3851 = NEXT_ASSEMBLY_USAGE_OCCURRENCE ( 'NAUO1', ' ', ' ', #2273, #2039, $ ) ;
#3852 = NEXT_ASSEMBLY_USAGE_OCCURRENCE ( 'NAUO2', ' ', ' ', #2273, #539, $ ) ;
#3853 = NEXT_ASSEMBLY_USAGE_OCCURRENCE ( 'NAUO3', ' ', ' ', #2273, #539, $ ) ;
#3854 = NEXT_ASSEMBLY_USAGE_OCCURRENCE ( 'NAUO4', ' ', ' ', #2273, #1744, $ ) ;
#3855 = NEXT_ASSEMBLY_USAGE_OCCURRENCE ( 'NAUO5', ' ', ' ', #2273, #1744, $ ) ;
#3856 = NEXT_ASSEMBLY_USAGE_OCCURRENCE ( 'NAUO6', ' ', ' ', #2273, #1744, $ ) ;
#3857 = NEXT_ASSEMBLY_USAGE_OCCURRENCE ( 'NAUO7', ' ', ' ', #2273, #1744, $ ) ;
#3858 = NEXT_ASSEMBLY_USAGE_OCCURRENCE ( 'NAUO8', ' ', ' ', #2273, #1569, $ ) ;
#3859 = NEXT_ASSEMBLY_USAGE_OCCURRENCE ( 'NAUO9', ' ', ' ', #2273, #1569, $ ) ;
#3860 = NEXT_ASSEMBLY_USAGE_OCCURRENCE ( 'NAUO10', ' ', ' ', #2273, #1569, $ ) ;
ENDSEC;
END-ISO-10303-21;
